order_id,ordered_at,menu_id,menu_name,quantity,gross_amount,status
O00001,2026-08-17T09:08:00,iced_tea,iced_tea,1,4800,paid
O00002,2026-08-17T09:27:00,financier,financier,1,3500,paid
O00003,2026-08-17T09:14:00,americano,americano,1,4500,paid
O00004,2026-08-17T09:12:00,sandwich,sandwich,1,6800,paid
O00005,2026-08-17T09:37:00,espresso,espresso,1,4000,paid
O00006,2026-08-17T09:10:00,americano,americano,1,4500,paid
O00007,2026-08-17T09:13:00,cold_brew,cold_brew,1,5500,paid
O00008,2026-08-17T09:06:00,cafe_latte,cafe_latte,1,5200,paid
O00009,2026-08-17T09:51:00,cold_brew,cold_brew,1,5500,paid
O00010,2026-08-17T10:59:00,financier,financier,1,3500,paid
O00011,2026-08-17T10:53:00,cafe_latte,cafe_latte,1,5200,paid
O00012,2026-08-17T10:45:00,cold_brew,cold_brew,1,5500,paid
O00013,2026-08-17T10:49:00,americano,americano,1,4500,paid
O00014,2026-08-17T10:55:00,cafe_latte,cafe_latte,1,5200,paid
O00015,2026-08-17T10:40:00,espresso,espresso,1,4000,paid
O00016,2026-08-17T10:13:00,vanilla_latte,vanilla_latte,1,5700,paid
O00017,2026-08-17T11:34:00,sandwich,sandwich,1,6800,paid
O00018,2026-08-17T11:17:00,vanilla_latte,vanilla_latte,1,5700,paid
O00019,2026-08-17T11:53:00,strawberry_latte,strawberry_latte,1,6200,paid
O00020,2026-08-17T11:51:00,strawberry_latte,strawberry_latte,1,6200,paid
O00021,2026-08-17T11:13:00,espresso,espresso,1,4000,paid
O00022,2026-08-17T11:31:00,cold_brew,cold_brew,1,5500,paid
O00023,2026-08-17T11:08:00,croissant,croissant,1,4200,paid
O00024,2026-08-17T11:47:00,financier,financier,1,3500,paid
O00025,2026-08-17T11:25:00,espresso,espresso,1,4000,paid
O00026,2026-08-17T12:48:00,financier,financier,1,3500,paid
O00027,2026-08-17T12:10:00,cafe_latte,cafe_latte,1,5200,paid
O00028,2026-08-17T12:24:00,sandwich,sandwich,1,6800,paid
O00029,2026-08-17T12:35:00,croissant,croissant,1,4200,paid
O00030,2026-08-17T12:34:00,cafe_latte,cafe_latte,1,5200,paid
O00031,2026-08-17T12:27:00,cold_brew,cold_brew,1,5500,paid
O00032,2026-08-17T12:46:00,croissant,croissant,1,4200,paid
O00033,2026-08-17T12:32:00,financier,financier,1,3500,paid
O00034,2026-08-17T13:09:00,financier,financier,1,3500,paid
O00035,2026-08-17T13:49:00,vanilla_latte,vanilla_latte,1,5700,paid
O00036,2026-08-17T13:31:00,americano,americano,1,4500,paid
O00037,2026-08-17T13:56:00,cafe_latte,cafe_latte,2,10400,paid
O00038,2026-08-17T13:56:00,strawberry_latte,strawberry_latte,1,6200,paid
O00039,2026-08-17T13:31:00,cafe_latte,cafe_latte,1,5200,paid
O00040,2026-08-17T13:08:00,financier,financier,1,3500,paid
O00041,2026-08-17T13:33:00,financier,financier,1,3500,paid
O00042,2026-08-17T13:59:00,espresso,espresso,2,8000,paid
O00043,2026-08-17T13:25:00,strawberry_latte,strawberry_latte,1,6200,paid
O00044,2026-08-17T13:28:00,croissant,croissant,1,4200,paid
O00045,2026-08-17T13:21:00,strawberry_latte,strawberry_latte,1,6200,paid
O00046,2026-08-17T13:37:00,sandwich,sandwich,1,6800,paid
O00047,2026-08-17T13:40:00,americano,americano,1,4500,paid
O00048,2026-08-17T14:04:00,americano,americano,1,4500,paid
O00049,2026-08-17T14:31:00,strawberry_latte,strawberry_latte,1,6200,paid
O00050,2026-08-17T14:59:00,financier,financier,1,3500,paid
O00051,2026-08-17T14:50:00,sandwich,sandwich,1,6800,paid
O00052,2026-08-17T14:06:00,espresso,espresso,1,4000,paid
O00053,2026-08-17T14:29:00,cold_brew,cold_brew,1,5500,paid
O00054,2026-08-17T14:46:00,cafe_latte,cafe_latte,1,5200,paid
O00055,2026-08-17T14:12:00,cafe_latte,cafe_latte,1,5200,paid
O00056,2026-08-17T14:11:00,croissant,croissant,1,4200,paid
O00057,2026-08-17T14:59:00,croissant,croissant,1,4200,paid
O00058,2026-08-17T14:54:00,croissant,croissant,1,4200,paid
O00059,2026-08-17T15:05:00,financier,financier,1,3500,paid
O00060,2026-08-17T15:30:00,vanilla_latte,vanilla_latte,1,5700,paid
O00061,2026-08-17T15:10:00,espresso,espresso,2,8000,paid
O00062,2026-08-17T15:16:00,americano,americano,2,9000,paid
O00063,2026-08-17T15:46:00,iced_tea,iced_tea,1,4800,paid
O00064,2026-08-17T15:18:00,croissant,croissant,1,4200,paid
O00065,2026-08-17T15:34:00,americano,americano,1,4500,paid
O00066,2026-08-17T15:37:00,cold_brew,cold_brew,1,5500,paid
O00067,2026-08-17T15:33:00,financier,financier,2,7000,paid
O00068,2026-08-17T15:05:00,americano,americano,2,9000,paid
O00069,2026-08-17T15:43:00,cafe_latte,cafe_latte,1,5200,paid
O00070,2026-08-17T15:56:00,espresso,espresso,1,4000,paid
O00071,2026-08-17T15:02:00,strawberry_latte,strawberry_latte,1,6200,paid
O00072,2026-08-17T16:20:00,sandwich,sandwich,1,6800,paid
O00073,2026-08-17T16:20:00,strawberry_latte,strawberry_latte,1,6200,paid
O00074,2026-08-17T16:42:00,iced_tea,iced_tea,1,4800,paid
O00075,2026-08-17T16:48:00,croissant,croissant,1,4200,paid
O00076,2026-08-17T16:36:00,americano,americano,1,4500,paid
O00077,2026-08-17T16:32:00,cafe_latte,cafe_latte,1,5200,paid
O00078,2026-08-17T16:56:00,vanilla_latte,vanilla_latte,2,11400,paid
O00079,2026-08-17T16:10:00,strawberry_latte,strawberry_latte,1,6200,paid
O00080,2026-08-17T16:39:00,financier,financier,1,3500,paid
O00081,2026-08-17T16:35:00,americano,americano,1,4500,paid
O00082,2026-08-17T16:08:00,cafe_latte,cafe_latte,2,10400,paid
O00083,2026-08-17T16:47:00,cafe_latte,cafe_latte,1,5200,paid
O00084,2026-08-17T16:38:00,vanilla_latte,vanilla_latte,1,5700,paid
O00085,2026-08-17T17:54:00,strawberry_latte,strawberry_latte,1,6200,paid
O00086,2026-08-17T17:57:00,financier,financier,1,3500,paid
O00087,2026-08-17T17:53:00,cafe_latte,cafe_latte,1,5200,paid
O00088,2026-08-17T17:49:00,americano,americano,1,4500,paid
O00089,2026-08-17T17:28:00,iced_tea,iced_tea,1,4800,paid
O00090,2026-08-17T17:07:00,espresso,espresso,1,4000,paid
O00091,2026-08-17T17:53:00,vanilla_latte,vanilla_latte,1,5700,paid
O00092,2026-08-17T17:27:00,sandwich,sandwich,1,6800,paid
O00093,2026-08-17T17:57:00,americano,americano,1,4500,paid
O00094,2026-08-17T17:15:00,cold_brew,cold_brew,1,5500,paid
O00095,2026-08-17T17:56:00,cold_brew,cold_brew,1,5500,paid
O00096,2026-08-17T17:59:00,sandwich,sandwich,1,6800,paid
O00097,2026-08-17T18:01:00,vanilla_latte,vanilla_latte,1,5700,paid
O00098,2026-08-17T18:26:00,cold_brew,cold_brew,1,5500,paid
O00099,2026-08-17T18:44:00,iced_tea,iced_tea,1,4800,paid
O00100,2026-08-17T18:54:00,espresso,espresso,1,4000,paid
O00101,2026-08-17T18:58:00,strawberry_latte,strawberry_latte,1,6200,paid
O00102,2026-08-17T18:50:00,cold_brew,cold_brew,1,5500,paid
O00103,2026-08-17T18:12:00,strawberry_latte,strawberry_latte,1,6200,paid
O00104,2026-08-17T18:04:00,cold_brew,cold_brew,1,5500,paid
O00105,2026-08-17T18:25:00,cold_brew,cold_brew,1,5500,paid
O00106,2026-08-17T18:07:00,cold_brew,cold_brew,2,11000,paid
O00107,2026-08-17T19:16:00,vanilla_latte,vanilla_latte,1,5700,paid
O00108,2026-08-17T19:22:00,cafe_latte,cafe_latte,1,5200,paid
O00109,2026-08-17T19:32:00,espresso,espresso,1,4000,paid
O00110,2026-08-17T19:12:00,espresso,espresso,1,4000,paid
O00111,2026-08-17T19:00:00,americano,americano,1,4500,paid
O00112,2026-08-17T19:47:00,financier,financier,1,3500,paid
O00113,2026-08-17T19:42:00,cold_brew,cold_brew,1,5500,paid
O00114,2026-08-17T19:54:00,sandwich,sandwich,1,6800,paid
O00115,2026-08-17T19:42:00,iced_tea,iced_tea,1,4800,paid
O00116,2026-08-17T19:18:00,cold_brew,cold_brew,1,5500,paid
O00117,2026-08-17T20:24:00,espresso,espresso,1,4000,paid
O00118,2026-08-17T20:25:00,sandwich,sandwich,1,6800,paid
O00119,2026-08-17T20:13:00,americano,americano,1,4500,paid
O00120,2026-08-17T20:20:00,sandwich,sandwich,1,6800,paid
O00121,2026-08-17T20:13:00,croissant,croissant,1,4200,paid
O00122,2026-08-17T20:50:00,croissant,croissant,1,4200,paid
O00123,2026-08-17T20:42:00,cafe_latte,cafe_latte,1,5200,paid
O00124,2026-08-17T20:48:00,cold_brew,cold_brew,1,5500,paid
O00125,2026-08-17T20:12:00,iced_tea,iced_tea,1,4800,paid
O00126,2026-08-18T09:39:00,strawberry_latte,strawberry_latte,2,12400,paid
O00127,2026-08-18T09:40:00,croissant,croissant,1,4200,paid
O00128,2026-08-18T09:24:00,strawberry_latte,strawberry_latte,1,6200,paid
O00129,2026-08-18T09:41:00,espresso,espresso,1,4000,paid
O00130,2026-08-18T09:14:00,cafe_latte,cafe_latte,1,5200,paid
O00131,2026-08-18T09:35:00,financier,financier,1,3500,paid
O00132,2026-08-18T09:51:00,cafe_latte,cafe_latte,1,5200,paid
O00133,2026-08-18T10:48:00,financier,financier,1,3500,paid
O00134,2026-08-18T10:57:00,sandwich,sandwich,1,6800,paid
O00135,2026-08-18T10:35:00,espresso,espresso,1,4000,paid
O00136,2026-08-18T10:30:00,vanilla_latte,vanilla_latte,1,5700,paid
O00137,2026-08-18T10:53:00,iced_tea,iced_tea,1,4800,paid
O00138,2026-08-18T10:15:00,financier,financier,1,3500,paid
O00139,2026-08-18T10:18:00,croissant,croissant,1,4200,paid
O00140,2026-08-18T10:57:00,iced_tea,iced_tea,1,4800,paid
O00141,2026-08-18T11:44:00,vanilla_latte,vanilla_latte,1,5700,paid
O00142,2026-08-18T11:26:00,strawberry_latte,strawberry_latte,1,6200,paid
O00143,2026-08-18T11:03:00,financier,financier,1,3500,paid
O00144,2026-08-18T11:49:00,espresso,espresso,1,4000,paid
O00145,2026-08-18T11:48:00,americano,americano,1,4500,paid
O00146,2026-08-18T11:22:00,espresso,espresso,1,4000,paid
O00147,2026-08-18T11:53:00,espresso,espresso,1,4000,paid
O00148,2026-08-18T11:34:00,financier,financier,1,3500,paid
O00149,2026-08-18T11:17:00,strawberry_latte,strawberry_latte,1,6200,paid
O00150,2026-08-18T12:43:00,espresso,espresso,1,4000,paid
O00151,2026-08-18T12:58:00,vanilla_latte,vanilla_latte,1,5700,paid
O00152,2026-08-18T12:58:00,sandwich,sandwich,1,6800,paid
O00153,2026-08-18T12:01:00,sandwich,sandwich,1,6800,paid
O00154,2026-08-18T12:29:00,espresso,espresso,1,4000,paid
O00155,2026-08-18T12:20:00,americano,americano,1,4500,paid
O00156,2026-08-18T12:48:00,croissant,croissant,1,4200,paid
O00157,2026-08-18T12:53:00,iced_tea,iced_tea,1,4800,paid
O00158,2026-08-18T13:34:00,croissant,croissant,1,4200,paid
O00159,2026-08-18T13:04:00,cold_brew,cold_brew,1,5500,paid
O00160,2026-08-18T13:12:00,americano,americano,2,9000,paid
O00161,2026-08-18T13:08:00,sandwich,sandwich,1,6800,paid
O00162,2026-08-18T13:13:00,cafe_latte,cafe_latte,1,5200,paid
O00163,2026-08-18T13:10:00,iced_tea,iced_tea,1,4800,paid
O00164,2026-08-18T13:45:00,sandwich,sandwich,2,13600,paid
O00165,2026-08-18T13:06:00,vanilla_latte,vanilla_latte,2,11400,paid
O00166,2026-08-18T13:36:00,americano,americano,2,9000,paid
O00167,2026-08-18T13:12:00,espresso,espresso,2,8000,paid
O00168,2026-08-18T13:40:00,sandwich,sandwich,1,6800,paid
O00169,2026-08-18T13:19:00,cafe_latte,cafe_latte,1,5200,paid
O00170,2026-08-18T14:36:00,cafe_latte,cafe_latte,1,5200,paid
O00171,2026-08-18T14:42:00,cold_brew,cold_brew,1,5500,paid
O00172,2026-08-18T14:21:00,cafe_latte,cafe_latte,1,5200,paid
O00173,2026-08-18T14:06:00,espresso,espresso,1,4000,paid
O00174,2026-08-18T14:53:00,cold_brew,cold_brew,1,5500,paid
O00175,2026-08-18T14:46:00,vanilla_latte,vanilla_latte,1,5700,paid
O00176,2026-08-18T14:58:00,iced_tea,iced_tea,1,4800,paid
O00177,2026-08-18T14:52:00,croissant,croissant,1,4200,paid
O00178,2026-08-18T14:15:00,iced_tea,iced_tea,1,4800,paid
O00179,2026-08-18T14:15:00,iced_tea,iced_tea,1,4800,paid
O00180,2026-08-18T14:24:00,sandwich,sandwich,1,6800,paid
O00181,2026-08-18T14:20:00,americano,americano,1,4500,paid
O00182,2026-08-18T14:51:00,croissant,croissant,1,4200,paid
O00183,2026-08-18T14:38:00,cold_brew,cold_brew,1,5500,paid
O00184,2026-08-18T15:12:00,financier,financier,1,3500,paid
O00185,2026-08-18T15:31:00,strawberry_latte,strawberry_latte,1,6200,paid
O00186,2026-08-18T15:41:00,strawberry_latte,strawberry_latte,1,6200,paid
O00187,2026-08-18T15:05:00,croissant,croissant,1,4200,paid
O00188,2026-08-18T15:15:00,strawberry_latte,strawberry_latte,1,6200,paid
O00189,2026-08-18T15:35:00,sandwich,sandwich,1,6800,paid
O00190,2026-08-18T15:47:00,cold_brew,cold_brew,1,5500,paid
O00191,2026-08-18T15:29:00,cold_brew,cold_brew,1,5500,paid
O00192,2026-08-18T15:07:00,iced_tea,iced_tea,1,4800,paid
O00193,2026-08-18T15:34:00,cold_brew,cold_brew,1,5500,paid
O00194,2026-08-18T15:30:00,strawberry_latte,strawberry_latte,1,6200,paid
O00195,2026-08-18T15:33:00,sandwich,sandwich,2,13600,paid
O00196,2026-08-18T15:53:00,iced_tea,iced_tea,2,9600,paid
O00197,2026-08-18T15:11:00,iced_tea,iced_tea,1,4800,paid
O00198,2026-08-18T16:03:00,vanilla_latte,vanilla_latte,1,5700,paid
O00199,2026-08-18T16:08:00,iced_tea,iced_tea,1,4800,paid
O00200,2026-08-18T16:36:00,cafe_latte,cafe_latte,1,5200,paid
O00201,2026-08-18T16:21:00,croissant,croissant,1,4200,paid
O00202,2026-08-18T16:55:00,americano,americano,1,4500,paid
O00203,2026-08-18T16:25:00,cafe_latte,cafe_latte,1,5200,paid
O00204,2026-08-18T16:43:00,cafe_latte,cafe_latte,1,5200,paid
O00205,2026-08-18T16:36:00,vanilla_latte,vanilla_latte,1,5700,paid
O00206,2026-08-18T16:07:00,cafe_latte,cafe_latte,2,10400,paid
O00207,2026-08-18T16:50:00,espresso,espresso,1,4000,paid
O00208,2026-08-18T16:24:00,strawberry_latte,strawberry_latte,1,6200,paid
O00209,2026-08-18T16:37:00,croissant,croissant,1,4200,paid
O00210,2026-08-18T17:39:00,sandwich,sandwich,1,6800,paid
O00211,2026-08-18T17:16:00,strawberry_latte,strawberry_latte,1,6200,paid
O00212,2026-08-18T17:35:00,vanilla_latte,vanilla_latte,1,5700,paid
O00213,2026-08-18T17:28:00,vanilla_latte,vanilla_latte,1,5700,paid
O00214,2026-08-18T17:14:00,croissant,croissant,1,4200,paid
O00215,2026-08-18T17:29:00,iced_tea,iced_tea,1,4800,paid
O00216,2026-08-18T17:50:00,strawberry_latte,strawberry_latte,2,12400,paid
O00217,2026-08-18T17:34:00,strawberry_latte,strawberry_latte,1,6200,paid
O00218,2026-08-18T17:52:00,vanilla_latte,vanilla_latte,2,11400,paid
O00219,2026-08-18T17:50:00,cafe_latte,cafe_latte,1,5200,paid
O00220,2026-08-18T17:36:00,sandwich,sandwich,1,6800,paid
O00221,2026-08-18T17:44:00,croissant,croissant,1,4200,paid
O00222,2026-08-18T17:32:00,espresso,espresso,2,8000,paid
O00223,2026-08-18T17:38:00,croissant,croissant,1,4200,paid
O00224,2026-08-18T17:38:00,espresso,espresso,1,4000,paid
O00225,2026-08-18T18:53:00,strawberry_latte,strawberry_latte,2,12400,paid
O00226,2026-08-18T18:48:00,sandwich,sandwich,2,13600,paid
O00227,2026-08-18T18:48:00,sandwich,sandwich,1,6800,paid
O00228,2026-08-18T18:28:00,croissant,croissant,1,4200,paid
O00229,2026-08-18T18:27:00,vanilla_latte,vanilla_latte,2,11400,paid
O00230,2026-08-18T18:26:00,cafe_latte,cafe_latte,1,5200,paid
O00231,2026-08-18T18:54:00,cold_brew,cold_brew,1,5500,paid
O00232,2026-08-18T18:31:00,cold_brew,cold_brew,1,5500,paid
O00233,2026-08-18T19:05:00,financier,financier,1,3500,paid
O00234,2026-08-18T19:49:00,iced_tea,iced_tea,1,4800,paid
O00235,2026-08-18T19:00:00,financier,financier,1,3500,paid
O00236,2026-08-18T19:12:00,croissant,croissant,1,4200,paid
O00237,2026-08-18T19:31:00,cold_brew,cold_brew,1,5500,paid
O00238,2026-08-18T19:35:00,americano,americano,1,4500,paid
O00239,2026-08-18T19:44:00,iced_tea,iced_tea,1,4800,paid
O00240,2026-08-18T19:40:00,cafe_latte,cafe_latte,1,5200,paid
O00241,2026-08-18T20:00:00,vanilla_latte,vanilla_latte,1,5700,paid
O00242,2026-08-18T20:53:00,espresso,espresso,1,4000,paid
O00243,2026-08-18T20:41:00,croissant,croissant,2,8400,paid
O00244,2026-08-18T20:18:00,croissant,croissant,2,8400,paid
O00245,2026-08-18T20:30:00,iced_tea,iced_tea,1,4800,paid
O00246,2026-08-18T20:09:00,strawberry_latte,strawberry_latte,1,6200,paid
O00247,2026-08-18T20:32:00,strawberry_latte,strawberry_latte,2,12400,paid
O00248,2026-08-18T20:50:00,cafe_latte,cafe_latte,1,5200,paid
O00249,2026-08-18T20:32:00,cold_brew,cold_brew,2,11000,paid
O00250,2026-08-19T09:53:00,iced_tea,iced_tea,1,4800,paid
O00251,2026-08-19T09:31:00,sandwich,sandwich,2,13600,paid
O00252,2026-08-19T09:22:00,croissant,croissant,1,4200,paid
O00253,2026-08-19T09:24:00,financier,financier,1,3500,paid
O00254,2026-08-19T09:44:00,cold_brew,cold_brew,1,5500,paid
O00255,2026-08-19T09:54:00,sandwich,sandwich,1,6800,paid
O00256,2026-08-19T09:30:00,americano,americano,1,4500,paid
O00257,2026-08-19T09:50:00,espresso,espresso,2,8000,paid
O00258,2026-08-19T10:08:00,croissant,croissant,2,8400,paid
O00259,2026-08-19T10:06:00,sandwich,sandwich,1,6800,paid
O00260,2026-08-19T10:29:00,cafe_latte,cafe_latte,1,5200,paid
O00261,2026-08-19T10:41:00,vanilla_latte,vanilla_latte,1,5700,paid
O00262,2026-08-19T10:16:00,cafe_latte,cafe_latte,1,5200,paid
O00263,2026-08-19T10:41:00,sandwich,sandwich,1,6800,paid
O00264,2026-08-19T10:54:00,cold_brew,cold_brew,1,5500,paid
O00265,2026-08-19T10:40:00,espresso,espresso,2,8000,paid
O00266,2026-08-19T10:04:00,financier,financier,1,3500,paid
O00267,2026-08-19T10:47:00,iced_tea,iced_tea,2,9600,paid
O00268,2026-08-19T11:44:00,cafe_latte,cafe_latte,1,5200,paid
O00269,2026-08-19T11:50:00,americano,americano,1,4500,paid
O00270,2026-08-19T11:27:00,iced_tea,iced_tea,1,4800,paid
O00271,2026-08-19T11:36:00,strawberry_latte,strawberry_latte,1,6200,paid
O00272,2026-08-19T11:39:00,vanilla_latte,vanilla_latte,1,5700,paid
O00273,2026-08-19T11:31:00,sandwich,sandwich,1,6800,paid
O00274,2026-08-19T11:40:00,vanilla_latte,vanilla_latte,1,5700,paid
O00275,2026-08-19T12:29:00,americano,americano,1,4500,paid
O00276,2026-08-19T12:28:00,financier,financier,1,3500,paid
O00277,2026-08-19T12:27:00,sandwich,sandwich,1,6800,paid
O00278,2026-08-19T12:12:00,croissant,croissant,1,4200,paid
O00279,2026-08-19T12:24:00,croissant,croissant,1,4200,paid
O00280,2026-08-19T12:44:00,cold_brew,cold_brew,1,5500,paid
O00281,2026-08-19T12:42:00,americano,americano,2,9000,paid
O00282,2026-08-19T12:55:00,iced_tea,iced_tea,1,4800,paid
O00283,2026-08-19T13:53:00,sandwich,sandwich,1,6800,paid
O00284,2026-08-19T13:22:00,strawberry_latte,strawberry_latte,1,6200,paid
O00285,2026-08-19T13:43:00,strawberry_latte,strawberry_latte,1,6200,paid
O00286,2026-08-19T13:41:00,cafe_latte,cafe_latte,2,10400,paid
O00287,2026-08-19T13:02:00,iced_tea,iced_tea,1,4800,paid
O00288,2026-08-19T13:05:00,cold_brew,cold_brew,1,5500,paid
O00289,2026-08-19T13:11:00,cold_brew,cold_brew,1,5500,paid
O00290,2026-08-19T13:56:00,vanilla_latte,vanilla_latte,1,5700,paid
O00291,2026-08-19T13:17:00,financier,financier,1,3500,paid
O00292,2026-08-19T13:30:00,iced_tea,iced_tea,2,9600,paid
O00293,2026-08-19T13:29:00,cold_brew,cold_brew,1,5500,paid
O00294,2026-08-19T13:14:00,vanilla_latte,vanilla_latte,1,5700,paid
O00295,2026-08-19T13:50:00,financier,financier,1,3500,paid
O00296,2026-08-19T14:23:00,financier,financier,1,3500,paid
O00297,2026-08-19T14:40:00,sandwich,sandwich,1,6800,paid
O00298,2026-08-19T14:30:00,cafe_latte,cafe_latte,1,5200,paid
O00299,2026-08-19T14:35:00,sandwich,sandwich,1,6800,paid
O00300,2026-08-19T14:04:00,sandwich,sandwich,1,6800,paid
O00301,2026-08-19T14:07:00,iced_tea,iced_tea,1,4800,paid
O00302,2026-08-19T14:19:00,americano,americano,2,9000,paid
O00303,2026-08-19T14:56:00,cafe_latte,cafe_latte,1,5200,paid
O00304,2026-08-19T14:23:00,vanilla_latte,vanilla_latte,1,5700,paid
O00305,2026-08-19T14:46:00,espresso,espresso,1,4000,paid
O00306,2026-08-19T14:53:00,espresso,espresso,1,4000,paid
O00307,2026-08-19T14:17:00,sandwich,sandwich,1,6800,paid
O00308,2026-08-19T15:15:00,strawberry_latte,strawberry_latte,1,6200,paid
O00309,2026-08-19T15:23:00,cafe_latte,cafe_latte,2,10400,paid
O00310,2026-08-19T15:17:00,cold_brew,cold_brew,1,5500,paid
O00311,2026-08-19T15:52:00,cafe_latte,cafe_latte,2,10400,paid
O00312,2026-08-19T15:41:00,cafe_latte,cafe_latte,1,5200,paid
O00313,2026-08-19T15:21:00,americano,americano,1,4500,paid
O00314,2026-08-19T15:13:00,vanilla_latte,vanilla_latte,1,5700,paid
O00315,2026-08-19T15:13:00,financier,financier,1,3500,paid
O00316,2026-08-19T15:50:00,cold_brew,cold_brew,1,5500,paid
O00317,2026-08-19T15:09:00,americano,americano,1,4500,paid
O00318,2026-08-19T15:11:00,financier,financier,1,3500,paid
O00319,2026-08-19T16:50:00,vanilla_latte,vanilla_latte,1,5700,paid
O00320,2026-08-19T16:11:00,sandwich,sandwich,1,6800,paid
O00321,2026-08-19T16:26:00,americano,americano,1,4500,paid
O00322,2026-08-19T16:30:00,cafe_latte,cafe_latte,1,5200,paid
O00323,2026-08-19T16:06:00,cold_brew,cold_brew,1,5500,paid
O00324,2026-08-19T16:39:00,financier,financier,1,3500,paid
O00325,2026-08-19T16:41:00,financier,financier,1,3500,paid
O00326,2026-08-19T16:54:00,americano,americano,2,9000,paid
O00327,2026-08-19T16:31:00,espresso,espresso,1,4000,paid
O00328,2026-08-19T16:20:00,cafe_latte,cafe_latte,1,5200,paid
O00329,2026-08-19T16:17:00,vanilla_latte,vanilla_latte,1,5700,paid
O00330,2026-08-19T17:24:00,financier,financier,1,3500,paid
O00331,2026-08-19T17:32:00,financier,financier,1,3500,paid
O00332,2026-08-19T17:44:00,espresso,espresso,1,4000,paid
O00333,2026-08-19T17:13:00,financier,financier,1,3500,paid
O00334,2026-08-19T17:26:00,croissant,croissant,1,4200,paid
O00335,2026-08-19T17:46:00,croissant,croissant,1,4200,paid
O00336,2026-08-19T17:42:00,cold_brew,cold_brew,1,5500,paid
O00337,2026-08-19T17:43:00,cold_brew,cold_brew,2,11000,paid
O00338,2026-08-19T17:05:00,cafe_latte,cafe_latte,1,5200,paid
O00339,2026-08-19T17:47:00,espresso,espresso,1,4000,paid
O00340,2026-08-19T17:37:00,vanilla_latte,vanilla_latte,1,5700,paid
O00341,2026-08-19T17:07:00,financier,financier,1,3500,paid
O00342,2026-08-19T17:48:00,cold_brew,cold_brew,1,5500,paid
O00343,2026-08-19T18:22:00,iced_tea,iced_tea,1,4800,paid
O00344,2026-08-19T18:09:00,sandwich,sandwich,1,6800,paid
O00345,2026-08-19T18:22:00,strawberry_latte,strawberry_latte,1,6200,paid
O00346,2026-08-19T18:17:00,cold_brew,cold_brew,1,5500,paid
O00347,2026-08-19T18:54:00,strawberry_latte,strawberry_latte,1,6200,paid
O00348,2026-08-19T18:41:00,sandwich,sandwich,1,6800,paid
O00349,2026-08-19T18:42:00,americano,americano,1,4500,paid
O00350,2026-08-19T18:44:00,americano,americano,1,4500,paid
O00351,2026-08-19T19:55:00,cold_brew,cold_brew,1,5500,paid
O00352,2026-08-19T19:04:00,sandwich,sandwich,1,6800,paid
O00353,2026-08-19T19:33:00,americano,americano,1,4500,paid
O00354,2026-08-19T19:21:00,espresso,espresso,1,4000,paid
O00355,2026-08-19T19:20:00,cold_brew,cold_brew,1,5500,paid
O00356,2026-08-19T19:03:00,sandwich,sandwich,1,6800,paid
O00357,2026-08-19T19:03:00,vanilla_latte,vanilla_latte,1,5700,paid
O00358,2026-08-19T19:27:00,iced_tea,iced_tea,1,4800,paid
O00359,2026-08-19T19:17:00,sandwich,sandwich,1,6800,paid
O00360,2026-08-19T19:27:00,financier,financier,1,3500,paid
O00361,2026-08-19T20:19:00,croissant,croissant,1,4200,paid
O00362,2026-08-19T20:38:00,strawberry_latte,strawberry_latte,1,6200,paid
O00363,2026-08-19T20:13:00,americano,americano,1,4500,paid
O00364,2026-08-19T20:07:00,iced_tea,iced_tea,1,4800,paid
O00365,2026-08-19T20:11:00,croissant,croissant,1,4200,paid
O00366,2026-08-19T20:14:00,espresso,espresso,1,4000,paid
O00367,2026-08-19T20:51:00,financier,financier,1,3500,paid
O00368,2026-08-20T09:29:00,americano,americano,1,4500,paid
O00369,2026-08-20T09:36:00,cold_brew,cold_brew,1,5500,paid
O00370,2026-08-20T09:25:00,espresso,espresso,1,4000,paid
O00371,2026-08-20T09:39:00,cold_brew,cold_brew,1,5500,paid
O00372,2026-08-20T09:54:00,cold_brew,cold_brew,1,5500,paid
O00373,2026-08-20T09:25:00,strawberry_latte,strawberry_latte,1,6200,paid
O00374,2026-08-20T09:19:00,cafe_latte,cafe_latte,1,5200,paid
O00375,2026-08-20T09:10:00,strawberry_latte,strawberry_latte,1,6200,paid
O00376,2026-08-20T10:57:00,financier,financier,1,3500,paid
O00377,2026-08-20T10:52:00,cold_brew,cold_brew,1,5500,paid
O00378,2026-08-20T10:16:00,strawberry_latte,strawberry_latte,1,6200,paid
O00379,2026-08-20T10:48:00,vanilla_latte,vanilla_latte,1,5700,paid
O00380,2026-08-20T10:40:00,vanilla_latte,vanilla_latte,2,11400,paid
O00381,2026-08-20T10:48:00,croissant,croissant,1,4200,paid
O00382,2026-08-20T10:56:00,croissant,croissant,1,4200,paid
O00383,2026-08-20T11:40:00,cold_brew,cold_brew,1,5500,paid
O00384,2026-08-20T11:30:00,vanilla_latte,vanilla_latte,1,5700,paid
O00385,2026-08-20T11:37:00,iced_tea,iced_tea,1,4800,paid
O00386,2026-08-20T11:19:00,cold_brew,cold_brew,1,5500,paid
O00387,2026-08-20T11:23:00,croissant,croissant,1,4200,paid
O00388,2026-08-20T11:54:00,cafe_latte,cafe_latte,1,5200,paid
O00389,2026-08-20T11:24:00,sandwich,sandwich,1,6800,paid
O00390,2026-08-20T11:50:00,sandwich,sandwich,1,6800,paid
O00391,2026-08-20T11:36:00,croissant,croissant,2,8400,paid
O00392,2026-08-20T12:09:00,sandwich,sandwich,1,6800,paid
O00393,2026-08-20T12:57:00,croissant,croissant,1,4200,paid
O00394,2026-08-20T12:11:00,cafe_latte,cafe_latte,1,5200,paid
O00395,2026-08-20T12:28:00,strawberry_latte,strawberry_latte,1,6200,paid
O00396,2026-08-20T12:23:00,financier,financier,1,3500,paid
O00397,2026-08-20T12:49:00,iced_tea,iced_tea,1,4800,paid
O00398,2026-08-20T12:40:00,sandwich,sandwich,1,6800,paid
O00399,2026-08-20T12:35:00,cafe_latte,cafe_latte,1,5200,paid
O00400,2026-08-20T12:54:00,iced_tea,iced_tea,1,4800,paid
O00401,2026-08-20T13:37:00,vanilla_latte,vanilla_latte,1,5700,paid
O00402,2026-08-20T13:41:00,cold_brew,cold_brew,1,5500,paid
O00403,2026-08-20T13:05:00,vanilla_latte,vanilla_latte,1,5700,paid
O00404,2026-08-20T13:50:00,financier,financier,1,3500,paid
O00405,2026-08-20T13:53:00,vanilla_latte,vanilla_latte,1,5700,paid
O00406,2026-08-20T13:27:00,cafe_latte,cafe_latte,1,5200,paid
O00407,2026-08-20T13:19:00,cold_brew,cold_brew,1,5500,paid
O00408,2026-08-20T13:49:00,strawberry_latte,strawberry_latte,1,6200,paid
O00409,2026-08-20T13:08:00,strawberry_latte,strawberry_latte,1,6200,paid
O00410,2026-08-20T13:50:00,cafe_latte,cafe_latte,1,5200,paid
O00411,2026-08-20T13:53:00,financier,financier,1,3500,paid
O00412,2026-08-20T13:56:00,americano,americano,1,4500,paid
O00413,2026-08-20T13:09:00,vanilla_latte,vanilla_latte,1,5700,paid
O00414,2026-08-20T14:02:00,vanilla_latte,vanilla_latte,1,5700,paid
O00415,2026-08-20T14:15:00,cold_brew,cold_brew,1,5500,paid
O00416,2026-08-20T14:47:00,sandwich,sandwich,1,6800,paid
O00417,2026-08-20T14:19:00,strawberry_latte,strawberry_latte,1,6200,paid
O00418,2026-08-20T14:36:00,strawberry_latte,strawberry_latte,1,6200,paid
O00419,2026-08-20T14:49:00,croissant,croissant,1,4200,paid
O00420,2026-08-20T14:10:00,financier,financier,1,3500,paid
O00421,2026-08-20T14:16:00,sandwich,sandwich,1,6800,paid
O00422,2026-08-20T14:35:00,croissant,croissant,1,4200,paid
O00423,2026-08-20T14:18:00,financier,financier,1,3500,paid
O00424,2026-08-20T14:57:00,vanilla_latte,vanilla_latte,1,5700,paid
O00425,2026-08-20T15:14:00,cafe_latte,cafe_latte,2,10400,paid
O00426,2026-08-20T15:26:00,cold_brew,cold_brew,2,11000,paid
O00427,2026-08-20T15:15:00,espresso,espresso,1,4000,paid
O00428,2026-08-20T15:01:00,cafe_latte,cafe_latte,1,5200,paid
O00429,2026-08-20T15:41:00,cafe_latte,cafe_latte,1,5200,paid
O00430,2026-08-20T15:18:00,vanilla_latte,vanilla_latte,1,5700,paid
O00431,2026-08-20T15:30:00,vanilla_latte,vanilla_latte,1,5700,paid
O00432,2026-08-20T15:05:00,sandwich,sandwich,1,6800,paid
O00433,2026-08-20T15:09:00,iced_tea,iced_tea,1,4800,paid
O00434,2026-08-20T15:07:00,sandwich,sandwich,1,6800,paid
O00435,2026-08-20T15:03:00,strawberry_latte,strawberry_latte,1,6200,paid
O00436,2026-08-20T15:39:00,espresso,espresso,1,4000,paid
O00437,2026-08-20T15:57:00,cafe_latte,cafe_latte,1,5200,paid
O00438,2026-08-20T16:36:00,americano,americano,1,4500,paid
O00439,2026-08-20T16:00:00,vanilla_latte,vanilla_latte,1,5700,paid
O00440,2026-08-20T16:26:00,cold_brew,cold_brew,1,5500,paid
O00441,2026-08-20T16:23:00,cafe_latte,cafe_latte,1,5200,paid
O00442,2026-08-20T16:50:00,financier,financier,1,3500,paid
O00443,2026-08-20T16:55:00,financier,financier,1,3500,paid
O00444,2026-08-20T16:23:00,americano,americano,1,4500,paid
O00445,2026-08-20T16:04:00,americano,americano,1,4500,paid
O00446,2026-08-20T16:40:00,strawberry_latte,strawberry_latte,1,6200,paid
O00447,2026-08-20T16:21:00,sandwich,sandwich,1,6800,paid
O00448,2026-08-20T16:21:00,americano,americano,1,4500,paid
O00449,2026-08-20T16:30:00,croissant,croissant,2,8400,paid
O00450,2026-08-20T16:49:00,vanilla_latte,vanilla_latte,1,5700,paid
O00451,2026-08-20T17:50:00,iced_tea,iced_tea,1,4800,paid
O00452,2026-08-20T17:19:00,americano,americano,1,4500,paid
O00453,2026-08-20T17:34:00,espresso,espresso,2,8000,paid
O00454,2026-08-20T17:41:00,iced_tea,iced_tea,1,4800,paid
O00455,2026-08-20T17:49:00,iced_tea,iced_tea,1,4800,paid
O00456,2026-08-20T17:51:00,cold_brew,cold_brew,1,5500,paid
O00457,2026-08-20T17:47:00,espresso,espresso,1,4000,paid
O00458,2026-08-20T17:11:00,espresso,espresso,1,4000,paid
O00459,2026-08-20T17:51:00,croissant,croissant,1,4200,paid
O00460,2026-08-20T17:46:00,iced_tea,iced_tea,1,4800,paid
O00461,2026-08-20T17:52:00,cafe_latte,cafe_latte,1,5200,paid
O00462,2026-08-20T17:06:00,financier,financier,1,3500,paid
O00463,2026-08-20T17:19:00,cold_brew,cold_brew,1,5500,paid
O00464,2026-08-20T17:10:00,sandwich,sandwich,1,6800,paid
O00465,2026-08-20T18:55:00,croissant,croissant,1,4200,paid
O00466,2026-08-20T18:17:00,sandwich,sandwich,2,13600,paid
O00467,2026-08-20T18:25:00,cafe_latte,cafe_latte,1,5200,paid
O00468,2026-08-20T18:43:00,financier,financier,1,3500,paid
O00469,2026-08-20T18:38:00,americano,americano,1,4500,paid
O00470,2026-08-20T18:15:00,americano,americano,1,4500,paid
O00471,2026-08-20T18:36:00,cold_brew,cold_brew,1,5500,paid
O00472,2026-08-20T18:28:00,sandwich,sandwich,1,6800,paid
O00473,2026-08-20T18:04:00,cold_brew,cold_brew,1,5500,paid
O00474,2026-08-20T19:41:00,cold_brew,cold_brew,1,5500,paid
O00475,2026-08-20T19:01:00,strawberry_latte,strawberry_latte,2,12400,paid
O00476,2026-08-20T19:58:00,croissant,croissant,1,4200,paid
O00477,2026-08-20T19:16:00,cafe_latte,cafe_latte,1,5200,paid
O00478,2026-08-20T19:18:00,strawberry_latte,strawberry_latte,2,12400,paid
O00479,2026-08-20T19:54:00,strawberry_latte,strawberry_latte,1,6200,paid
O00480,2026-08-20T19:45:00,croissant,croissant,1,4200,paid
O00481,2026-08-20T19:54:00,cafe_latte,cafe_latte,1,5200,paid
O00482,2026-08-20T19:35:00,cold_brew,cold_brew,1,5500,paid
O00483,2026-08-20T20:59:00,vanilla_latte,vanilla_latte,1,5700,paid
O00484,2026-08-20T20:07:00,cold_brew,cold_brew,1,5500,paid
O00485,2026-08-20T20:31:00,vanilla_latte,vanilla_latte,1,5700,paid
O00486,2026-08-20T20:23:00,cold_brew,cold_brew,1,5500,paid
O00487,2026-08-20T20:56:00,financier,financier,1,3500,paid
O00488,2026-08-20T20:45:00,cafe_latte,cafe_latte,1,5200,paid
O00489,2026-08-20T20:26:00,financier,financier,1,3500,paid
O00490,2026-08-20T20:20:00,cafe_latte,cafe_latte,1,5200,paid
O00491,2026-08-20T20:33:00,croissant,croissant,1,4200,paid
O00492,2026-08-21T09:08:00,sandwich,sandwich,1,6800,paid
O00493,2026-08-21T09:03:00,financier,financier,2,7000,paid
O00494,2026-08-21T09:10:00,financier,financier,1,3500,paid
O00495,2026-08-21T09:14:00,cold_brew,cold_brew,2,11000,paid
O00496,2026-08-21T09:54:00,financier,financier,1,3500,paid
O00497,2026-08-21T09:35:00,iced_tea,iced_tea,1,4800,paid
O00498,2026-08-21T09:39:00,vanilla_latte,vanilla_latte,1,5700,paid
O00499,2026-08-21T09:10:00,cafe_latte,cafe_latte,1,5200,paid
O00500,2026-08-21T10:39:00,vanilla_latte,vanilla_latte,1,5700,paid
O00501,2026-08-21T10:36:00,cold_brew,cold_brew,1,5500,paid
O00502,2026-08-21T10:41:00,americano,americano,1,4500,paid
O00503,2026-08-21T10:49:00,iced_tea,iced_tea,1,4800,paid
O00504,2026-08-21T10:01:00,espresso,espresso,1,4000,paid
O00505,2026-08-21T10:19:00,financier,financier,1,3500,paid
O00506,2026-08-21T10:43:00,strawberry_latte,strawberry_latte,1,6200,paid
O00507,2026-08-21T10:44:00,iced_tea,iced_tea,1,4800,paid
O00508,2026-08-21T10:30:00,vanilla_latte,vanilla_latte,1,5700,paid
O00509,2026-08-21T11:55:00,sandwich,sandwich,1,6800,paid
O00510,2026-08-21T11:08:00,cold_brew,cold_brew,2,11000,paid
O00511,2026-08-21T11:20:00,financier,financier,1,3500,paid
O00512,2026-08-21T11:28:00,croissant,croissant,1,4200,paid
O00513,2026-08-21T11:18:00,vanilla_latte,vanilla_latte,1,5700,paid
O00514,2026-08-21T11:55:00,sandwich,sandwich,1,6800,paid
O00515,2026-08-21T11:46:00,cold_brew,cold_brew,2,11000,paid
O00516,2026-08-21T11:31:00,strawberry_latte,strawberry_latte,1,6200,paid
O00517,2026-08-21T12:31:00,croissant,croissant,1,4200,paid
O00518,2026-08-21T12:32:00,cafe_latte,cafe_latte,2,10400,paid
O00519,2026-08-21T12:22:00,strawberry_latte,strawberry_latte,1,6200,paid
O00520,2026-08-21T12:38:00,americano,americano,1,4500,paid
O00521,2026-08-21T12:54:00,iced_tea,iced_tea,1,4800,paid
O00522,2026-08-21T12:16:00,espresso,espresso,1,4000,paid
O00523,2026-08-21T12:25:00,espresso,espresso,1,4000,paid
O00524,2026-08-21T12:23:00,sandwich,sandwich,1,6800,paid
O00525,2026-08-21T12:32:00,iced_tea,iced_tea,1,4800,paid
O00526,2026-08-21T12:39:00,financier,financier,1,3500,paid
O00527,2026-08-21T13:25:00,vanilla_latte,vanilla_latte,2,11400,paid
O00528,2026-08-21T13:23:00,cold_brew,cold_brew,1,5500,paid
O00529,2026-08-21T13:25:00,strawberry_latte,strawberry_latte,1,6200,paid
O00530,2026-08-21T13:08:00,americano,americano,1,4500,paid
O00531,2026-08-21T13:09:00,croissant,croissant,1,4200,paid
O00532,2026-08-21T13:59:00,financier,financier,1,3500,paid
O00533,2026-08-21T13:39:00,cold_brew,cold_brew,1,5500,paid
O00534,2026-08-21T13:53:00,sandwich,sandwich,1,6800,paid
O00535,2026-08-21T13:36:00,financier,financier,1,3500,paid
O00536,2026-08-21T13:23:00,croissant,croissant,1,4200,paid
O00537,2026-08-21T13:37:00,cafe_latte,cafe_latte,2,10400,paid
O00538,2026-08-21T13:16:00,americano,americano,1,4500,paid
O00539,2026-08-21T13:03:00,sandwich,sandwich,1,6800,paid
O00540,2026-08-21T14:39:00,financier,financier,1,3500,paid
O00541,2026-08-21T14:15:00,vanilla_latte,vanilla_latte,1,5700,paid
O00542,2026-08-21T14:07:00,sandwich,sandwich,2,13600,paid
O00543,2026-08-21T14:26:00,americano,americano,1,4500,paid
O00544,2026-08-21T14:26:00,espresso,espresso,1,4000,paid
O00545,2026-08-21T14:55:00,sandwich,sandwich,2,13600,paid
O00546,2026-08-21T14:35:00,vanilla_latte,vanilla_latte,1,5700,paid
O00547,2026-08-21T14:20:00,croissant,croissant,1,4200,paid
O00548,2026-08-21T14:21:00,croissant,croissant,2,8400,paid
O00549,2026-08-21T14:55:00,cold_brew,cold_brew,1,5500,paid
O00550,2026-08-21T14:15:00,sandwich,sandwich,1,6800,paid
O00551,2026-08-21T14:19:00,financier,financier,1,3500,paid
O00552,2026-08-21T14:31:00,strawberry_latte,strawberry_latte,1,6200,paid
O00553,2026-08-21T15:50:00,financier,financier,2,7000,paid
O00554,2026-08-21T15:43:00,iced_tea,iced_tea,1,4800,paid
O00555,2026-08-21T15:25:00,espresso,espresso,1,4000,paid
O00556,2026-08-21T15:18:00,vanilla_latte,vanilla_latte,1,5700,paid
O00557,2026-08-21T15:41:00,cold_brew,cold_brew,2,11000,paid
O00558,2026-08-21T15:52:00,croissant,croissant,1,4200,paid
O00559,2026-08-21T15:44:00,iced_tea,iced_tea,2,9600,paid
O00560,2026-08-21T15:47:00,vanilla_latte,vanilla_latte,1,5700,paid
O00561,2026-08-21T15:42:00,strawberry_latte,strawberry_latte,1,6200,paid
O00562,2026-08-21T15:03:00,strawberry_latte,strawberry_latte,1,6200,paid
O00563,2026-08-21T15:30:00,espresso,espresso,1,4000,paid
O00564,2026-08-21T15:35:00,vanilla_latte,vanilla_latte,1,5700,paid
O00565,2026-08-21T16:56:00,espresso,espresso,1,4000,paid
O00566,2026-08-21T16:48:00,croissant,croissant,1,4200,paid
O00567,2026-08-21T16:03:00,cold_brew,cold_brew,1,5500,paid
O00568,2026-08-21T16:47:00,sandwich,sandwich,1,6800,paid
O00569,2026-08-21T16:53:00,vanilla_latte,vanilla_latte,1,5700,paid
O00570,2026-08-21T16:25:00,americano,americano,2,9000,paid
O00571,2026-08-21T16:55:00,vanilla_latte,vanilla_latte,2,11400,paid
O00572,2026-08-21T16:36:00,americano,americano,1,4500,paid
O00573,2026-08-21T16:21:00,cafe_latte,cafe_latte,2,10400,paid
O00574,2026-08-21T16:34:00,croissant,croissant,2,8400,paid
O00575,2026-08-21T16:08:00,croissant,croissant,1,4200,paid
O00576,2026-08-21T16:51:00,croissant,croissant,1,4200,paid
O00577,2026-08-21T16:29:00,cold_brew,cold_brew,1,5500,paid
O00578,2026-08-21T16:21:00,vanilla_latte,vanilla_latte,1,5700,paid
O00579,2026-08-21T16:12:00,sandwich,sandwich,1,6800,paid
O00580,2026-08-21T17:05:00,espresso,espresso,1,4000,paid
O00581,2026-08-21T17:08:00,cafe_latte,cafe_latte,1,5200,paid
O00582,2026-08-21T17:00:00,cold_brew,cold_brew,2,11000,paid
O00583,2026-08-21T17:48:00,espresso,espresso,1,4000,paid
O00584,2026-08-21T17:46:00,cold_brew,cold_brew,1,5500,paid
O00585,2026-08-21T17:23:00,americano,americano,1,4500,paid
O00586,2026-08-21T17:29:00,americano,americano,1,4500,paid
O00587,2026-08-21T17:32:00,vanilla_latte,vanilla_latte,1,5700,paid
O00588,2026-08-21T17:18:00,cafe_latte,cafe_latte,1,5200,paid
O00589,2026-08-21T17:08:00,sandwich,sandwich,1,6800,paid
O00590,2026-08-21T17:38:00,vanilla_latte,vanilla_latte,1,5700,paid
O00591,2026-08-21T18:51:00,croissant,croissant,1,4200,paid
O00592,2026-08-21T18:38:00,strawberry_latte,strawberry_latte,1,6200,paid
O00593,2026-08-21T18:45:00,financier,financier,1,3500,paid
O00594,2026-08-21T18:07:00,cafe_latte,cafe_latte,2,10400,paid
O00595,2026-08-21T18:12:00,financier,financier,2,7000,paid
O00596,2026-08-21T18:20:00,financier,financier,1,3500,paid
O00597,2026-08-21T18:13:00,croissant,croissant,1,4200,paid
O00598,2026-08-21T18:32:00,croissant,croissant,1,4200,paid
O00599,2026-08-21T19:26:00,croissant,croissant,1,4200,paid
O00600,2026-08-21T19:29:00,sandwich,sandwich,1,6800,paid
O00601,2026-08-21T19:52:00,americano,americano,1,4500,paid
O00602,2026-08-21T19:02:00,strawberry_latte,strawberry_latte,1,6200,paid
O00603,2026-08-21T19:34:00,cold_brew,cold_brew,1,5500,paid
O00604,2026-08-21T19:30:00,cafe_latte,cafe_latte,2,10400,paid
O00605,2026-08-21T19:49:00,iced_tea,iced_tea,1,4800,paid
O00606,2026-08-21T19:57:00,espresso,espresso,1,4000,paid
O00607,2026-08-21T20:42:00,espresso,espresso,1,4000,paid
O00608,2026-08-21T20:22:00,vanilla_latte,vanilla_latte,1,5700,paid
O00609,2026-08-21T20:25:00,vanilla_latte,vanilla_latte,2,11400,paid
O00610,2026-08-21T20:14:00,vanilla_latte,vanilla_latte,1,5700,paid
O00611,2026-08-21T20:29:00,americano,americano,2,9000,paid
O00612,2026-08-21T20:52:00,espresso,espresso,1,4000,paid
O00613,2026-08-21T20:09:00,strawberry_latte,strawberry_latte,1,6200,paid
O00614,2026-08-21T20:46:00,strawberry_latte,strawberry_latte,2,12400,paid
O00615,2026-08-22T09:59:00,espresso,espresso,1,4000,paid
O00616,2026-08-22T09:06:00,strawberry_latte,strawberry_latte,1,6200,paid
O00617,2026-08-22T09:43:00,americano,americano,1,4500,paid
O00618,2026-08-22T09:25:00,strawberry_latte,strawberry_latte,1,6200,paid
O00619,2026-08-22T09:48:00,strawberry_latte,strawberry_latte,1,6200,paid
O00620,2026-08-22T09:18:00,vanilla_latte,vanilla_latte,1,5700,paid
O00621,2026-08-22T09:38:00,sandwich,sandwich,1,6800,paid
O00622,2026-08-22T09:09:00,strawberry_latte,strawberry_latte,1,6200,paid
O00623,2026-08-22T09:17:00,strawberry_latte,strawberry_latte,1,6200,paid
O00624,2026-08-22T09:56:00,financier,financier,2,7000,paid
O00625,2026-08-22T09:03:00,espresso,espresso,1,4000,paid
O00626,2026-08-22T09:20:00,espresso,espresso,1,4000,paid
O00627,2026-08-22T10:11:00,vanilla_latte,vanilla_latte,1,5700,paid
O00628,2026-08-22T10:14:00,croissant,croissant,1,4200,paid
O00629,2026-08-22T10:58:00,vanilla_latte,vanilla_latte,1,5700,paid
O00630,2026-08-22T10:26:00,financier,financier,1,3500,paid
O00631,2026-08-22T10:15:00,financier,financier,1,3500,paid
O00632,2026-08-22T10:05:00,strawberry_latte,strawberry_latte,1,6200,paid
O00633,2026-08-22T10:46:00,cold_brew,cold_brew,1,5500,paid
O00634,2026-08-22T10:43:00,americano,americano,1,4500,paid
O00635,2026-08-22T10:04:00,sandwich,sandwich,1,6800,paid
O00636,2026-08-22T10:35:00,sandwich,sandwich,1,6800,paid
O00637,2026-08-22T10:58:00,croissant,croissant,1,4200,paid
O00638,2026-08-22T11:47:00,strawberry_latte,strawberry_latte,2,12400,paid
O00639,2026-08-22T11:44:00,croissant,croissant,2,8400,paid
O00640,2026-08-22T11:15:00,strawberry_latte,strawberry_latte,1,6200,paid
O00641,2026-08-22T11:24:00,cold_brew,cold_brew,1,5500,paid
O00642,2026-08-22T11:19:00,financier,financier,1,3500,paid
O00643,2026-08-22T11:31:00,cold_brew,cold_brew,1,5500,paid
O00644,2026-08-22T11:46:00,cafe_latte,cafe_latte,1,5200,paid
O00645,2026-08-22T11:23:00,cold_brew,cold_brew,2,11000,paid
O00646,2026-08-22T11:55:00,espresso,espresso,1,4000,paid
O00647,2026-08-22T11:35:00,vanilla_latte,vanilla_latte,1,5700,paid
O00648,2026-08-22T12:12:00,espresso,espresso,1,4000,paid
O00649,2026-08-22T12:53:00,strawberry_latte,strawberry_latte,1,6200,paid
O00650,2026-08-22T12:43:00,croissant,croissant,1,4200,paid
O00651,2026-08-22T12:31:00,iced_tea,iced_tea,1,4800,paid
O00652,2026-08-22T12:50:00,croissant,croissant,1,4200,paid
O00653,2026-08-22T12:34:00,vanilla_latte,vanilla_latte,1,5700,paid
O00654,2026-08-22T12:34:00,vanilla_latte,vanilla_latte,2,11400,paid
O00655,2026-08-22T12:54:00,financier,financier,1,3500,paid
O00656,2026-08-22T12:26:00,americano,americano,1,4500,paid
O00657,2026-08-22T12:09:00,strawberry_latte,strawberry_latte,1,6200,paid
O00658,2026-08-22T12:23:00,strawberry_latte,strawberry_latte,1,6200,paid
O00659,2026-08-22T12:59:00,sandwich,sandwich,1,6800,paid
O00660,2026-08-22T13:34:00,croissant,croissant,1,4200,paid
O00661,2026-08-22T13:33:00,espresso,espresso,1,4000,paid
O00662,2026-08-22T13:01:00,financier,financier,2,7000,paid
O00663,2026-08-22T13:58:00,espresso,espresso,1,4000,paid
O00664,2026-08-22T13:33:00,cafe_latte,cafe_latte,2,10400,paid
O00665,2026-08-22T13:33:00,strawberry_latte,strawberry_latte,1,6200,paid
O00666,2026-08-22T13:25:00,cold_brew,cold_brew,1,5500,paid
O00667,2026-08-22T13:29:00,cold_brew,cold_brew,2,11000,paid
O00668,2026-08-22T13:14:00,strawberry_latte,strawberry_latte,2,12400,paid
O00669,2026-08-22T13:54:00,cafe_latte,cafe_latte,1,5200,paid
O00670,2026-08-22T13:24:00,cafe_latte,cafe_latte,1,5200,paid
O00671,2026-08-22T13:00:00,croissant,croissant,1,4200,paid
O00672,2026-08-22T13:27:00,cafe_latte,cafe_latte,1,5200,paid
O00673,2026-08-22T13:06:00,sandwich,sandwich,2,13600,paid
O00674,2026-08-22T13:57:00,americano,americano,1,4500,paid
O00675,2026-08-22T13:59:00,croissant,croissant,1,4200,paid
O00676,2026-08-22T14:02:00,financier,financier,1,3500,paid
O00677,2026-08-22T14:13:00,cold_brew,cold_brew,1,5500,paid
O00678,2026-08-22T14:45:00,vanilla_latte,vanilla_latte,1,5700,paid
O00679,2026-08-22T14:36:00,cafe_latte,cafe_latte,1,5200,paid
O00680,2026-08-22T14:24:00,sandwich,sandwich,1,6800,paid
O00681,2026-08-22T14:47:00,cold_brew,cold_brew,1,5500,paid
O00682,2026-08-22T14:22:00,cafe_latte,cafe_latte,1,5200,paid
O00683,2026-08-22T14:53:00,cafe_latte,cafe_latte,1,5200,paid
O00684,2026-08-22T14:39:00,cold_brew,cold_brew,1,5500,paid
O00685,2026-08-22T14:20:00,espresso,espresso,2,8000,paid
O00686,2026-08-22T14:28:00,iced_tea,iced_tea,1,4800,paid
O00687,2026-08-22T14:24:00,strawberry_latte,strawberry_latte,1,6200,paid
O00688,2026-08-22T14:42:00,vanilla_latte,vanilla_latte,1,5700,paid
O00689,2026-08-22T14:18:00,cafe_latte,cafe_latte,1,5200,paid
O00690,2026-08-22T15:24:00,cafe_latte,cafe_latte,1,5200,paid
O00691,2026-08-22T15:06:00,espresso,espresso,1,4000,paid
O00692,2026-08-22T15:28:00,americano,americano,2,9000,paid
O00693,2026-08-22T15:05:00,iced_tea,iced_tea,1,4800,paid
O00694,2026-08-22T15:35:00,espresso,espresso,1,4000,paid
O00695,2026-08-22T15:05:00,espresso,espresso,1,4000,paid
O00696,2026-08-22T15:38:00,financier,financier,1,3500,paid
O00697,2026-08-22T15:26:00,espresso,espresso,1,4000,paid
O00698,2026-08-22T15:35:00,cafe_latte,cafe_latte,1,5200,paid
O00699,2026-08-22T15:43:00,sandwich,sandwich,1,6800,paid
O00700,2026-08-22T15:19:00,vanilla_latte,vanilla_latte,1,5700,paid
O00701,2026-08-22T15:10:00,croissant,croissant,1,4200,paid
O00702,2026-08-22T15:30:00,iced_tea,iced_tea,1,4800,paid
O00703,2026-08-22T15:15:00,cold_brew,cold_brew,1,5500,paid
O00704,2026-08-22T15:29:00,sandwich,sandwich,1,6800,paid
O00705,2026-08-22T15:25:00,vanilla_latte,vanilla_latte,1,5700,paid
O00706,2026-08-22T15:55:00,sandwich,sandwich,1,6800,paid
O00707,2026-08-22T16:55:00,espresso,espresso,1,4000,paid
O00708,2026-08-22T16:38:00,vanilla_latte,vanilla_latte,1,5700,paid
O00709,2026-08-22T16:25:00,croissant,croissant,1,4200,paid
O00710,2026-08-22T16:40:00,iced_tea,iced_tea,1,4800,paid
O00711,2026-08-22T16:20:00,sandwich,sandwich,1,6800,paid
O00712,2026-08-22T16:25:00,iced_tea,iced_tea,1,4800,paid
O00713,2026-08-22T16:12:00,cafe_latte,cafe_latte,2,10400,paid
O00714,2026-08-22T16:49:00,financier,financier,1,3500,paid
O00715,2026-08-22T16:29:00,americano,americano,2,9000,paid
O00716,2026-08-22T16:53:00,croissant,croissant,1,4200,paid
O00717,2026-08-22T16:08:00,espresso,espresso,1,4000,paid
O00718,2026-08-22T16:09:00,strawberry_latte,strawberry_latte,1,6200,paid
O00719,2026-08-22T16:38:00,espresso,espresso,1,4000,paid
O00720,2026-08-22T16:32:00,sandwich,sandwich,1,6800,paid
O00721,2026-08-22T16:23:00,financier,financier,1,3500,paid
O00722,2026-08-22T17:05:00,sandwich,sandwich,1,6800,paid
O00723,2026-08-22T17:22:00,strawberry_latte,strawberry_latte,1,6200,paid
O00724,2026-08-22T17:41:00,sandwich,sandwich,1,6800,paid
O00725,2026-08-22T17:27:00,cold_brew,cold_brew,2,11000,paid
O00726,2026-08-22T17:14:00,americano,americano,1,4500,paid
O00727,2026-08-22T17:44:00,financier,financier,1,3500,paid
O00728,2026-08-22T17:25:00,strawberry_latte,strawberry_latte,1,6200,paid
O00729,2026-08-22T17:09:00,sandwich,sandwich,1,6800,paid
O00730,2026-08-22T17:18:00,americano,americano,1,4500,paid
O00731,2026-08-22T17:46:00,cafe_latte,cafe_latte,1,5200,paid
O00732,2026-08-22T17:29:00,cold_brew,cold_brew,1,5500,paid
O00733,2026-08-22T17:30:00,financier,financier,1,3500,paid
O00734,2026-08-22T17:28:00,croissant,croissant,1,4200,paid
O00735,2026-08-22T17:51:00,cafe_latte,cafe_latte,1,5200,paid
O00736,2026-08-22T17:41:00,americano,americano,1,4500,paid
O00737,2026-08-22T17:47:00,vanilla_latte,vanilla_latte,2,11400,paid
O00738,2026-08-22T17:10:00,financier,financier,1,3500,paid
O00739,2026-08-22T18:25:00,croissant,croissant,1,4200,paid
O00740,2026-08-22T18:27:00,vanilla_latte,vanilla_latte,1,5700,paid
O00741,2026-08-22T18:56:00,americano,americano,1,4500,paid
O00742,2026-08-22T18:24:00,croissant,croissant,1,4200,paid
O00743,2026-08-22T18:48:00,strawberry_latte,strawberry_latte,1,6200,paid
O00744,2026-08-22T18:55:00,sandwich,sandwich,1,6800,paid
O00745,2026-08-22T18:12:00,vanilla_latte,vanilla_latte,1,5700,paid
O00746,2026-08-22T18:55:00,cafe_latte,cafe_latte,1,5200,paid
O00747,2026-08-22T18:20:00,financier,financier,2,7000,paid
O00748,2026-08-22T18:37:00,espresso,espresso,1,4000,paid
O00749,2026-08-22T19:52:00,croissant,croissant,1,4200,paid
O00750,2026-08-22T19:43:00,sandwich,sandwich,1,6800,paid
O00751,2026-08-22T19:19:00,cold_brew,cold_brew,1,5500,paid
O00752,2026-08-22T19:09:00,vanilla_latte,vanilla_latte,1,5700,paid
O00753,2026-08-22T19:08:00,espresso,espresso,1,4000,paid
O00754,2026-08-22T19:31:00,espresso,espresso,1,4000,paid
O00755,2026-08-22T19:31:00,vanilla_latte,vanilla_latte,1,5700,paid
O00756,2026-08-22T19:53:00,vanilla_latte,vanilla_latte,1,5700,paid
O00757,2026-08-22T19:22:00,sandwich,sandwich,1,6800,paid
O00758,2026-08-22T20:24:00,vanilla_latte,vanilla_latte,1,5700,paid
O00759,2026-08-22T20:26:00,financier,financier,1,3500,paid
O00760,2026-08-22T20:28:00,espresso,espresso,1,4000,paid
O00761,2026-08-22T20:01:00,vanilla_latte,vanilla_latte,1,5700,paid
O00762,2026-08-22T20:14:00,iced_tea,iced_tea,1,4800,paid
O00763,2026-08-22T20:29:00,iced_tea,iced_tea,1,4800,paid
O00764,2026-08-22T20:07:00,croissant,croissant,1,4200,paid
O00765,2026-08-22T20:34:00,cafe_latte,cafe_latte,1,5200,paid
O00766,2026-08-22T20:02:00,financier,financier,1,3500,paid
O00767,2026-08-22T20:27:00,financier,financier,1,3500,paid
O00768,2026-08-22T20:02:00,strawberry_latte,strawberry_latte,1,6200,paid
O00769,2026-08-22T20:52:00,iced_tea,iced_tea,1,4800,paid
O00770,2026-08-23T09:47:00,strawberry_latte,strawberry_latte,1,6200,paid
O00771,2026-08-23T09:39:00,cold_brew,cold_brew,1,5500,paid
O00772,2026-08-23T09:50:00,vanilla_latte,vanilla_latte,1,5700,paid
O00773,2026-08-23T09:36:00,strawberry_latte,strawberry_latte,1,6200,paid
O00774,2026-08-23T09:34:00,financier,financier,1,3500,paid
O00775,2026-08-23T09:18:00,cold_brew,cold_brew,2,11000,paid
O00776,2026-08-23T09:54:00,sandwich,sandwich,1,6800,paid
O00777,2026-08-23T09:48:00,cafe_latte,cafe_latte,1,5200,paid
O00778,2026-08-23T09:55:00,americano,americano,2,9000,paid
O00779,2026-08-23T10:20:00,strawberry_latte,strawberry_latte,1,6200,paid
O00780,2026-08-23T10:36:00,espresso,espresso,1,4000,paid
O00781,2026-08-23T10:04:00,espresso,espresso,1,4000,paid
O00782,2026-08-23T10:17:00,espresso,espresso,1,4000,paid
O00783,2026-08-23T10:20:00,croissant,croissant,2,8400,paid
O00784,2026-08-23T10:54:00,americano,americano,1,4500,paid
O00785,2026-08-23T10:44:00,croissant,croissant,1,4200,paid
O00786,2026-08-23T10:25:00,cafe_latte,cafe_latte,1,5200,paid
O00787,2026-08-23T10:31:00,espresso,espresso,1,4000,paid
O00788,2026-08-23T10:21:00,cold_brew,cold_brew,1,5500,paid
O00789,2026-08-23T10:54:00,sandwich,sandwich,1,6800,paid
O00790,2026-08-23T11:40:00,americano,americano,1,4500,paid
O00791,2026-08-23T11:54:00,americano,americano,1,4500,paid
O00792,2026-08-23T11:27:00,croissant,croissant,1,4200,paid
O00793,2026-08-23T11:19:00,vanilla_latte,vanilla_latte,1,5700,paid
O00794,2026-08-23T11:23:00,iced_tea,iced_tea,1,4800,paid
O00795,2026-08-23T11:57:00,cafe_latte,cafe_latte,1,5200,paid
O00796,2026-08-23T11:19:00,americano,americano,1,4500,paid
O00797,2026-08-23T11:45:00,espresso,espresso,1,4000,paid
O00798,2026-08-23T11:04:00,americano,americano,1,4500,paid
O00799,2026-08-23T11:43:00,sandwich,sandwich,1,6800,paid
O00800,2026-08-23T12:55:00,cold_brew,cold_brew,1,5500,paid
O00801,2026-08-23T12:14:00,vanilla_latte,vanilla_latte,1,5700,paid
O00802,2026-08-23T12:06:00,cafe_latte,cafe_latte,1,5200,paid
O00803,2026-08-23T12:19:00,cold_brew,cold_brew,1,5500,paid
O00804,2026-08-23T12:48:00,espresso,espresso,1,4000,paid
O00805,2026-08-23T12:36:00,vanilla_latte,vanilla_latte,1,5700,paid
O00806,2026-08-23T12:28:00,sandwich,sandwich,1,6800,paid
O00807,2026-08-23T12:09:00,strawberry_latte,strawberry_latte,1,6200,paid
O00808,2026-08-23T12:55:00,sandwich,sandwich,1,6800,paid
O00809,2026-08-23T12:08:00,cafe_latte,cafe_latte,1,5200,paid
O00810,2026-08-23T13:27:00,espresso,espresso,1,4000,paid
O00811,2026-08-23T13:41:00,vanilla_latte,vanilla_latte,1,5700,paid
O00812,2026-08-23T13:38:00,strawberry_latte,strawberry_latte,1,6200,paid
O00813,2026-08-23T13:44:00,iced_tea,iced_tea,1,4800,paid
O00814,2026-08-23T13:38:00,iced_tea,iced_tea,1,4800,paid
O00815,2026-08-23T13:18:00,strawberry_latte,strawberry_latte,1,6200,paid
O00816,2026-08-23T13:07:00,strawberry_latte,strawberry_latte,1,6200,paid
O00817,2026-08-23T13:04:00,croissant,croissant,1,4200,paid
O00818,2026-08-23T13:59:00,americano,americano,2,9000,paid
O00819,2026-08-23T13:53:00,vanilla_latte,vanilla_latte,1,5700,paid
O00820,2026-08-23T13:43:00,espresso,espresso,1,4000,paid
O00821,2026-08-23T13:49:00,croissant,croissant,2,8400,paid
O00822,2026-08-23T13:00:00,americano,americano,1,4500,paid
O00823,2026-08-23T13:03:00,strawberry_latte,strawberry_latte,1,6200,paid
O00824,2026-08-23T13:45:00,financier,financier,1,3500,paid
O00825,2026-08-23T13:25:00,espresso,espresso,1,4000,paid
O00826,2026-08-23T13:09:00,financier,financier,1,3500,paid
O00827,2026-08-23T14:13:00,cafe_latte,cafe_latte,1,5200,paid
O00828,2026-08-23T14:37:00,financier,financier,1,3500,paid
O00829,2026-08-23T14:46:00,iced_tea,iced_tea,1,4800,paid
O00830,2026-08-23T14:59:00,americano,americano,1,4500,paid
O00831,2026-08-23T14:38:00,cafe_latte,cafe_latte,1,5200,paid
O00832,2026-08-23T14:42:00,iced_tea,iced_tea,1,4800,paid
O00833,2026-08-23T14:08:00,cafe_latte,cafe_latte,1,5200,paid
O00834,2026-08-23T14:22:00,vanilla_latte,vanilla_latte,1,5700,paid
O00835,2026-08-23T14:46:00,financier,financier,1,3500,paid
O00836,2026-08-23T14:47:00,vanilla_latte,vanilla_latte,1,5700,paid
O00837,2026-08-23T14:01:00,cafe_latte,cafe_latte,1,5200,paid
O00838,2026-08-23T14:04:00,espresso,espresso,1,4000,paid
O00839,2026-08-23T14:31:00,sandwich,sandwich,1,6800,paid
O00840,2026-08-23T14:31:00,financier,financier,1,3500,paid
O00841,2026-08-23T14:16:00,vanilla_latte,vanilla_latte,1,5700,paid
O00842,2026-08-23T15:32:00,cafe_latte,cafe_latte,1,5200,paid
O00843,2026-08-23T15:00:00,americano,americano,1,4500,paid
O00844,2026-08-23T15:24:00,americano,americano,1,4500,paid
O00845,2026-08-23T15:54:00,vanilla_latte,vanilla_latte,2,11400,paid
O00846,2026-08-23T15:45:00,financier,financier,1,3500,paid
O00847,2026-08-23T15:26:00,strawberry_latte,strawberry_latte,1,6200,paid
O00848,2026-08-23T15:36:00,iced_tea,iced_tea,1,4800,paid
O00849,2026-08-23T15:57:00,cafe_latte,cafe_latte,1,5200,paid
O00850,2026-08-23T15:33:00,vanilla_latte,vanilla_latte,1,5700,paid
O00851,2026-08-23T15:29:00,espresso,espresso,1,4000,paid
O00852,2026-08-23T15:35:00,iced_tea,iced_tea,1,4800,paid
O00853,2026-08-23T15:18:00,americano,americano,1,4500,paid
O00854,2026-08-23T15:15:00,iced_tea,iced_tea,1,4800,paid
O00855,2026-08-23T15:31:00,cold_brew,cold_brew,1,5500,paid
O00856,2026-08-23T15:15:00,financier,financier,1,3500,paid
O00857,2026-08-23T15:01:00,americano,americano,2,9000,paid
O00858,2026-08-23T15:53:00,financier,financier,1,3500,paid
O00859,2026-08-23T16:42:00,cold_brew,cold_brew,1,5500,paid
O00860,2026-08-23T16:33:00,iced_tea,iced_tea,1,4800,paid
O00861,2026-08-23T16:03:00,espresso,espresso,1,4000,paid
O00862,2026-08-23T16:58:00,iced_tea,iced_tea,1,4800,paid
O00863,2026-08-23T16:57:00,financier,financier,1,3500,paid
O00864,2026-08-23T16:05:00,croissant,croissant,2,8400,paid
O00865,2026-08-23T16:40:00,cafe_latte,cafe_latte,1,5200,paid
O00866,2026-08-23T16:03:00,cafe_latte,cafe_latte,1,5200,paid
O00867,2026-08-23T16:16:00,vanilla_latte,vanilla_latte,1,5700,paid
O00868,2026-08-23T16:47:00,espresso,espresso,1,4000,paid
O00869,2026-08-23T16:14:00,cold_brew,cold_brew,1,5500,paid
O00870,2026-08-23T16:49:00,strawberry_latte,strawberry_latte,1,6200,paid
O00871,2026-08-23T16:10:00,cafe_latte,cafe_latte,1,5200,paid
O00872,2026-08-23T16:07:00,croissant,croissant,1,4200,paid
O00873,2026-08-23T16:13:00,cold_brew,cold_brew,2,11000,paid
O00874,2026-08-23T16:54:00,iced_tea,iced_tea,1,4800,paid
O00875,2026-08-23T16:43:00,cafe_latte,cafe_latte,1,5200,paid
O00876,2026-08-23T17:54:00,americano,americano,1,4500,paid
O00877,2026-08-23T17:15:00,vanilla_latte,vanilla_latte,1,5700,paid
O00878,2026-08-23T17:43:00,espresso,espresso,1,4000,paid
O00879,2026-08-23T17:11:00,iced_tea,iced_tea,1,4800,paid
O00880,2026-08-23T17:35:00,espresso,espresso,1,4000,paid
O00881,2026-08-23T17:06:00,strawberry_latte,strawberry_latte,1,6200,paid
O00882,2026-08-23T17:53:00,cafe_latte,cafe_latte,1,5200,paid
O00883,2026-08-23T17:25:00,vanilla_latte,vanilla_latte,1,5700,paid
O00884,2026-08-23T17:16:00,cafe_latte,cafe_latte,1,5200,paid
O00885,2026-08-23T17:12:00,americano,americano,2,9000,paid
O00886,2026-08-23T17:54:00,vanilla_latte,vanilla_latte,1,5700,paid
O00887,2026-08-23T17:29:00,cafe_latte,cafe_latte,1,5200,paid
O00888,2026-08-23T17:27:00,vanilla_latte,vanilla_latte,2,11400,paid
O00889,2026-08-23T17:43:00,croissant,croissant,1,4200,paid
O00890,2026-08-23T17:58:00,vanilla_latte,vanilla_latte,1,5700,paid
O00891,2026-08-23T18:02:00,croissant,croissant,1,4200,paid
O00892,2026-08-23T18:41:00,sandwich,sandwich,1,6800,paid
O00893,2026-08-23T18:35:00,croissant,croissant,1,4200,paid
O00894,2026-08-23T18:24:00,americano,americano,1,4500,paid
O00895,2026-08-23T18:56:00,espresso,espresso,1,4000,paid
O00896,2026-08-23T18:51:00,strawberry_latte,strawberry_latte,1,6200,paid
O00897,2026-08-23T18:50:00,americano,americano,2,9000,paid
O00898,2026-08-23T18:31:00,croissant,croissant,1,4200,paid
O00899,2026-08-23T18:24:00,sandwich,sandwich,1,6800,paid
O00900,2026-08-23T19:01:00,cold_brew,cold_brew,1,5500,paid
O00901,2026-08-23T19:30:00,americano,americano,1,4500,paid
O00902,2026-08-23T19:14:00,cold_brew,cold_brew,1,5500,paid
O00903,2026-08-23T19:15:00,cafe_latte,cafe_latte,1,5200,paid
O00904,2026-08-23T19:58:00,financier,financier,1,3500,paid
O00905,2026-08-23T19:51:00,strawberry_latte,strawberry_latte,1,6200,paid
O00906,2026-08-23T19:54:00,cold_brew,cold_brew,2,11000,paid
O00907,2026-08-23T19:20:00,vanilla_latte,vanilla_latte,1,5700,paid
O00908,2026-08-23T19:44:00,sandwich,sandwich,1,6800,paid
O00909,2026-08-23T19:36:00,sandwich,sandwich,1,6800,paid
O00910,2026-08-23T20:31:00,financier,financier,1,3500,paid
O00911,2026-08-23T20:38:00,cafe_latte,cafe_latte,1,5200,paid
O00912,2026-08-23T20:00:00,americano,americano,1,4500,paid
O00913,2026-08-23T20:08:00,sandwich,sandwich,1,6800,paid
O00914,2026-08-23T20:54:00,vanilla_latte,vanilla_latte,2,11400,paid
O00915,2026-08-23T20:37:00,americano,americano,1,4500,paid
O00916,2026-08-23T20:55:00,cafe_latte,cafe_latte,1,5200,paid
O00917,2026-08-23T20:42:00,cafe_latte,cafe_latte,1,5200,paid
O00918,2026-08-23T20:19:00,sandwich,sandwich,1,6800,paid
O00919,2026-08-23T20:46:00,vanilla_latte,vanilla_latte,2,11400,paid
O00920,2026-08-23T20:11:00,croissant,croissant,1,4200,paid
O00921,2026-08-23T20:14:00,sandwich,sandwich,1,6800,paid
O00922,2026-08-24T09:44:00,espresso,espresso,1,4000,paid
O00923,2026-08-24T09:00:00,vanilla_latte,vanilla_latte,1,5700,paid
O00924,2026-08-24T09:49:00,espresso,espresso,1,4000,paid
O00925,2026-08-24T09:20:00,americano,americano,1,4500,paid
O00926,2026-08-24T09:06:00,strawberry_latte,strawberry_latte,1,6200,paid
O00927,2026-08-24T09:04:00,vanilla_latte,vanilla_latte,1,5700,paid
O00928,2026-08-24T09:10:00,cold_brew,cold_brew,2,11000,paid
O00929,2026-08-24T09:16:00,cold_brew,cold_brew,1,5500,paid
O00930,2026-08-24T09:22:00,strawberry_latte,strawberry_latte,1,6200,paid
O00931,2026-08-24T10:28:00,americano,americano,1,4500,paid
O00932,2026-08-24T10:31:00,vanilla_latte,vanilla_latte,1,5700,paid
O00933,2026-08-24T10:06:00,cold_brew,cold_brew,1,5500,paid
O00934,2026-08-24T10:43:00,sandwich,sandwich,1,6800,paid
O00935,2026-08-24T10:51:00,vanilla_latte,vanilla_latte,1,5700,paid
O00936,2026-08-24T10:16:00,iced_tea,iced_tea,1,4800,paid
O00937,2026-08-24T10:56:00,cafe_latte,cafe_latte,1,5200,paid
O00938,2026-08-24T10:35:00,vanilla_latte,vanilla_latte,1,5700,paid
O00939,2026-08-24T11:39:00,cold_brew,cold_brew,1,5500,paid
O00940,2026-08-24T11:41:00,americano,americano,1,4500,paid
O00941,2026-08-24T11:10:00,sandwich,sandwich,1,6800,paid
O00942,2026-08-24T11:12:00,cafe_latte,cafe_latte,1,5200,paid
O00943,2026-08-24T11:46:00,financier,financier,1,3500,paid
O00944,2026-08-24T11:19:00,iced_tea,iced_tea,1,4800,paid
O00945,2026-08-24T11:36:00,cafe_latte,cafe_latte,1,5200,paid
O00946,2026-08-24T11:23:00,croissant,croissant,1,4200,paid
O00947,2026-08-24T11:52:00,espresso,espresso,1,4000,paid
O00948,2026-08-24T11:01:00,croissant,croissant,1,4200,paid
O00949,2026-08-24T12:07:00,cafe_latte,cafe_latte,1,5200,paid
O00950,2026-08-24T12:57:00,espresso,espresso,1,4000,paid
O00951,2026-08-24T12:24:00,cafe_latte,cafe_latte,1,5200,paid
O00952,2026-08-24T12:23:00,cold_brew,cold_brew,1,5500,paid
O00953,2026-08-24T12:28:00,croissant,croissant,1,4200,paid
O00954,2026-08-24T12:17:00,iced_tea,iced_tea,1,4800,paid
O00955,2026-08-24T12:44:00,americano,americano,1,4500,paid
O00956,2026-08-24T13:26:00,cold_brew,cold_brew,1,5500,paid
O00957,2026-08-24T13:53:00,strawberry_latte,strawberry_latte,1,6200,paid
O00958,2026-08-24T13:34:00,financier,financier,1,3500,paid
O00959,2026-08-24T13:30:00,sandwich,sandwich,1,6800,paid
O00960,2026-08-24T13:54:00,cafe_latte,cafe_latte,1,5200,paid
O00961,2026-08-24T13:33:00,financier,financier,1,3500,paid
O00962,2026-08-24T13:48:00,sandwich,sandwich,1,6800,paid
O00963,2026-08-24T13:10:00,vanilla_latte,vanilla_latte,2,11400,paid
O00964,2026-08-24T13:27:00,strawberry_latte,strawberry_latte,1,6200,paid
O00965,2026-08-24T13:52:00,espresso,espresso,1,4000,paid
O00966,2026-08-24T13:58:00,sandwich,sandwich,1,6800,paid
O00967,2026-08-24T13:25:00,cafe_latte,cafe_latte,1,5200,paid
O00968,2026-08-24T13:33:00,cold_brew,cold_brew,1,5500,paid
O00969,2026-08-24T14:50:00,sandwich,sandwich,1,6800,paid
O00970,2026-08-24T14:09:00,cafe_latte,cafe_latte,1,5200,paid
O00971,2026-08-24T14:06:00,sandwich,sandwich,1,6800,paid
O00972,2026-08-24T14:50:00,sandwich,sandwich,1,6800,paid
O00973,2026-08-24T14:56:00,financier,financier,1,3500,paid
O00974,2026-08-24T14:31:00,iced_tea,iced_tea,1,4800,paid
O00975,2026-08-24T14:11:00,sandwich,sandwich,1,6800,paid
O00976,2026-08-24T14:38:00,espresso,espresso,1,4000,paid
O00977,2026-08-24T14:56:00,americano,americano,1,4500,paid
O00978,2026-08-24T14:30:00,strawberry_latte,strawberry_latte,1,6200,paid
O00979,2026-08-24T14:52:00,cold_brew,cold_brew,1,5500,paid
O00980,2026-08-24T14:31:00,iced_tea,iced_tea,1,4800,paid
O00981,2026-08-24T14:47:00,strawberry_latte,strawberry_latte,1,6200,paid
O00982,2026-08-24T15:38:00,iced_tea,iced_tea,1,4800,paid
O00983,2026-08-24T15:58:00,strawberry_latte,strawberry_latte,1,6200,paid
O00984,2026-08-24T15:55:00,croissant,croissant,1,4200,paid
O00985,2026-08-24T15:10:00,americano,americano,1,4500,paid
O00986,2026-08-24T15:25:00,iced_tea,iced_tea,1,4800,paid
O00987,2026-08-24T15:01:00,financier,financier,1,3500,paid
O00988,2026-08-24T15:12:00,strawberry_latte,strawberry_latte,1,6200,paid
O00989,2026-08-24T15:03:00,strawberry_latte,strawberry_latte,1,6200,paid
O00990,2026-08-24T15:52:00,strawberry_latte,strawberry_latte,1,6200,paid
O00991,2026-08-24T15:59:00,financier,financier,1,3500,paid
O00992,2026-08-24T15:31:00,americano,americano,1,4500,paid
O00993,2026-08-24T15:55:00,croissant,croissant,1,4200,paid
O00994,2026-08-24T16:53:00,cold_brew,cold_brew,1,5500,paid
O00995,2026-08-24T16:24:00,cafe_latte,cafe_latte,1,5200,paid
O00996,2026-08-24T16:49:00,vanilla_latte,vanilla_latte,1,5700,paid
O00997,2026-08-24T16:43:00,strawberry_latte,strawberry_latte,1,6200,paid
O00998,2026-08-24T16:32:00,iced_tea,iced_tea,1,4800,paid
O00999,2026-08-24T16:08:00,americano,americano,1,4500,paid
O01000,2026-08-24T16:14:00,sandwich,sandwich,1,6800,paid
O01001,2026-08-24T16:19:00,sandwich,sandwich,1,6800,paid
O01002,2026-08-24T16:54:00,espresso,espresso,1,4000,paid
O01003,2026-08-24T16:29:00,croissant,croissant,1,4200,paid
O01004,2026-08-24T16:25:00,financier,financier,1,3500,paid
O01005,2026-08-24T16:42:00,cafe_latte,cafe_latte,1,5200,paid
O01006,2026-08-24T16:38:00,financier,financier,1,3500,paid
O01007,2026-08-24T17:17:00,croissant,croissant,1,4200,paid
O01008,2026-08-24T17:45:00,iced_tea,iced_tea,1,4800,paid
O01009,2026-08-24T17:48:00,strawberry_latte,strawberry_latte,1,6200,paid
O01010,2026-08-24T17:51:00,americano,americano,1,4500,paid
O01011,2026-08-24T17:43:00,espresso,espresso,1,4000,paid
O01012,2026-08-24T17:18:00,americano,americano,1,4500,paid
O01013,2026-08-24T17:47:00,espresso,espresso,1,4000,paid
O01014,2026-08-24T17:36:00,sandwich,sandwich,1,6800,paid
O01015,2026-08-24T17:14:00,cold_brew,cold_brew,1,5500,paid
O01016,2026-08-24T17:42:00,croissant,croissant,2,8400,paid
O01017,2026-08-24T17:10:00,financier,financier,1,3500,paid
O01018,2026-08-24T17:30:00,vanilla_latte,vanilla_latte,1,5700,paid
O01019,2026-08-24T18:11:00,financier,financier,1,3500,paid
O01020,2026-08-24T18:14:00,cafe_latte,cafe_latte,1,5200,paid
O01021,2026-08-24T18:21:00,espresso,espresso,1,4000,paid
O01022,2026-08-24T18:29:00,iced_tea,iced_tea,1,4800,paid
O01023,2026-08-24T18:40:00,croissant,croissant,1,4200,paid
O01024,2026-08-24T18:04:00,sandwich,sandwich,2,13600,paid
O01025,2026-08-24T18:55:00,strawberry_latte,strawberry_latte,1,6200,paid
O01026,2026-08-24T19:55:00,iced_tea,iced_tea,1,4800,paid
O01027,2026-08-24T19:21:00,vanilla_latte,vanilla_latte,2,11400,paid
O01028,2026-08-24T19:29:00,sandwich,sandwich,1,6800,paid
O01029,2026-08-24T19:11:00,cold_brew,cold_brew,1,5500,paid
O01030,2026-08-24T19:11:00,croissant,croissant,1,4200,paid
O01031,2026-08-24T19:17:00,americano,americano,1,4500,paid
O01032,2026-08-24T19:10:00,vanilla_latte,vanilla_latte,1,5700,paid
O01033,2026-08-24T19:27:00,cafe_latte,cafe_latte,1,5200,paid
O01034,2026-08-24T19:30:00,espresso,espresso,1,4000,paid
O01035,2026-08-24T20:23:00,financier,financier,1,3500,paid
O01036,2026-08-24T20:33:00,cold_brew,cold_brew,1,5500,paid
O01037,2026-08-24T20:40:00,americano,americano,1,4500,paid
O01038,2026-08-24T20:22:00,strawberry_latte,strawberry_latte,1,6200,paid
O01039,2026-08-24T20:32:00,vanilla_latte,vanilla_latte,1,5700,paid
O01040,2026-08-24T20:52:00,iced_tea,iced_tea,1,4800,paid
O01041,2026-08-24T20:29:00,iced_tea,iced_tea,2,9600,paid
O01042,2026-08-24T20:27:00,sandwich,sandwich,1,6800,paid
O01043,2026-08-25T09:31:00,cold_brew,cold_brew,2,11000,paid
O01044,2026-08-25T09:58:00,strawberry_latte,strawberry_latte,1,6200,paid
O01045,2026-08-25T09:46:00,americano,americano,1,4500,paid
O01046,2026-08-25T09:37:00,strawberry_latte,strawberry_latte,1,6200,paid
O01047,2026-08-25T09:45:00,vanilla_latte,vanilla_latte,1,5700,paid
O01048,2026-08-25T09:16:00,espresso,espresso,1,4000,paid
O01049,2026-08-25T09:03:00,sandwich,sandwich,1,6800,paid
O01050,2026-08-25T09:07:00,americano,americano,1,4500,paid
O01051,2026-08-25T09:35:00,croissant,croissant,1,4200,paid
O01052,2026-08-25T09:13:00,croissant,croissant,1,4200,paid
O01053,2026-08-25T10:06:00,iced_tea,iced_tea,1,4800,paid
O01054,2026-08-25T10:44:00,iced_tea,iced_tea,1,4800,paid
O01055,2026-08-25T10:06:00,espresso,espresso,1,4000,paid
O01056,2026-08-25T10:07:00,sandwich,sandwich,1,6800,paid
O01057,2026-08-25T10:12:00,croissant,croissant,1,4200,paid
O01058,2026-08-25T10:22:00,financier,financier,2,7000,paid
O01059,2026-08-25T10:35:00,iced_tea,iced_tea,1,4800,paid
O01060,2026-08-25T10:30:00,strawberry_latte,strawberry_latte,1,6200,paid
O01061,2026-08-25T10:42:00,strawberry_latte,strawberry_latte,1,6200,paid
O01062,2026-08-25T11:09:00,sandwich,sandwich,1,6800,paid
O01063,2026-08-25T11:46:00,financier,financier,1,3500,paid
O01064,2026-08-25T11:29:00,iced_tea,iced_tea,1,4800,paid
O01065,2026-08-25T11:06:00,iced_tea,iced_tea,1,4800,paid
O01066,2026-08-25T11:23:00,americano,americano,1,4500,paid
O01067,2026-08-25T11:06:00,espresso,espresso,1,4000,paid
O01068,2026-08-25T11:42:00,americano,americano,1,4500,paid
O01069,2026-08-25T12:39:00,cold_brew,cold_brew,1,5500,paid
O01070,2026-08-25T12:21:00,cafe_latte,cafe_latte,1,5200,paid
O01071,2026-08-25T12:29:00,cafe_latte,cafe_latte,1,5200,paid
O01072,2026-08-25T12:30:00,espresso,espresso,1,4000,paid
O01073,2026-08-25T12:44:00,vanilla_latte,vanilla_latte,1,5700,paid
O01074,2026-08-25T12:58:00,vanilla_latte,vanilla_latte,1,5700,paid
O01075,2026-08-25T12:43:00,croissant,croissant,1,4200,paid
O01076,2026-08-25T12:49:00,vanilla_latte,vanilla_latte,1,5700,paid
O01077,2026-08-25T12:43:00,sandwich,sandwich,1,6800,paid
O01078,2026-08-25T13:07:00,croissant,croissant,2,8400,paid
O01079,2026-08-25T13:16:00,croissant,croissant,1,4200,paid
O01080,2026-08-25T13:43:00,americano,americano,1,4500,paid
O01081,2026-08-25T13:14:00,sandwich,sandwich,1,6800,paid
O01082,2026-08-25T13:44:00,financier,financier,1,3500,paid
O01083,2026-08-25T13:46:00,cafe_latte,cafe_latte,1,5200,paid
O01084,2026-08-25T13:43:00,croissant,croissant,1,4200,paid
O01085,2026-08-25T13:35:00,vanilla_latte,vanilla_latte,1,5700,paid
O01086,2026-08-25T13:59:00,americano,americano,1,4500,paid
O01087,2026-08-25T13:54:00,financier,financier,1,3500,paid
O01088,2026-08-25T13:31:00,vanilla_latte,vanilla_latte,1,5700,paid
O01089,2026-08-25T13:17:00,strawberry_latte,strawberry_latte,1,6200,paid
O01090,2026-08-25T13:41:00,financier,financier,1,3500,paid
O01091,2026-08-25T13:05:00,espresso,espresso,1,4000,paid
O01092,2026-08-25T14:31:00,croissant,croissant,1,4200,paid
O01093,2026-08-25T14:31:00,cold_brew,cold_brew,1,5500,paid
O01094,2026-08-25T14:02:00,cafe_latte,cafe_latte,1,5200,paid
O01095,2026-08-25T14:05:00,financier,financier,1,3500,paid
O01096,2026-08-25T14:56:00,sandwich,sandwich,1,6800,paid
O01097,2026-08-25T14:42:00,financier,financier,1,3500,paid
O01098,2026-08-25T14:03:00,cold_brew,cold_brew,1,5500,paid
O01099,2026-08-25T14:49:00,croissant,croissant,1,4200,paid
O01100,2026-08-25T14:42:00,sandwich,sandwich,1,6800,paid
O01101,2026-08-25T14:48:00,croissant,croissant,1,4200,paid
O01102,2026-08-25T14:53:00,americano,americano,1,4500,paid
O01103,2026-08-25T14:44:00,financier,financier,1,3500,paid
O01104,2026-08-25T14:31:00,americano,americano,1,4500,paid
O01105,2026-08-25T15:12:00,cafe_latte,cafe_latte,1,5200,paid
O01106,2026-08-25T15:25:00,cafe_latte,cafe_latte,2,10400,paid
O01107,2026-08-25T15:12:00,croissant,croissant,1,4200,paid
O01108,2026-08-25T15:02:00,cafe_latte,cafe_latte,1,5200,paid
O01109,2026-08-25T15:28:00,cafe_latte,cafe_latte,1,5200,paid
O01110,2026-08-25T15:08:00,sandwich,sandwich,2,13600,paid
O01111,2026-08-25T15:03:00,americano,americano,1,4500,paid
O01112,2026-08-25T15:30:00,espresso,espresso,1,4000,paid
O01113,2026-08-25T15:11:00,vanilla_latte,vanilla_latte,1,5700,paid
O01114,2026-08-25T15:38:00,cafe_latte,cafe_latte,1,5200,paid
O01115,2026-08-25T15:24:00,cold_brew,cold_brew,1,5500,paid
O01116,2026-08-25T16:21:00,strawberry_latte,strawberry_latte,1,6200,paid
O01117,2026-08-25T16:08:00,croissant,croissant,1,4200,paid
O01118,2026-08-25T16:47:00,sandwich,sandwich,1,6800,paid
O01119,2026-08-25T16:35:00,iced_tea,iced_tea,1,4800,paid
O01120,2026-08-25T16:12:00,financier,financier,1,3500,paid
O01121,2026-08-25T16:43:00,sandwich,sandwich,1,6800,paid
O01122,2026-08-25T16:41:00,vanilla_latte,vanilla_latte,2,11400,paid
O01123,2026-08-25T16:40:00,financier,financier,1,3500,paid
O01124,2026-08-25T16:35:00,cafe_latte,cafe_latte,1,5200,paid
O01125,2026-08-25T16:42:00,sandwich,sandwich,1,6800,paid
O01126,2026-08-25T16:54:00,financier,financier,1,3500,paid
O01127,2026-08-25T16:01:00,americano,americano,1,4500,paid
O01128,2026-08-25T17:48:00,americano,americano,1,4500,paid
O01129,2026-08-25T17:09:00,iced_tea,iced_tea,1,4800,paid
O01130,2026-08-25T17:34:00,iced_tea,iced_tea,1,4800,paid
O01131,2026-08-25T17:06:00,cold_brew,cold_brew,1,5500,paid
O01132,2026-08-25T17:47:00,financier,financier,1,3500,paid
O01133,2026-08-25T17:50:00,espresso,espresso,1,4000,paid
O01134,2026-08-25T17:24:00,americano,americano,2,9000,paid
O01135,2026-08-25T17:03:00,cold_brew,cold_brew,2,11000,paid
O01136,2026-08-25T17:55:00,iced_tea,iced_tea,1,4800,paid
O01137,2026-08-25T17:45:00,strawberry_latte,strawberry_latte,2,12400,paid
O01138,2026-08-25T17:38:00,sandwich,sandwich,1,6800,paid
O01139,2026-08-25T17:11:00,strawberry_latte,strawberry_latte,1,6200,paid
O01140,2026-08-25T18:47:00,vanilla_latte,vanilla_latte,2,11400,paid
O01141,2026-08-25T18:27:00,cafe_latte,cafe_latte,1,5200,paid
O01142,2026-08-25T18:10:00,financier,financier,1,3500,paid
O01143,2026-08-25T18:29:00,iced_tea,iced_tea,1,4800,paid
O01144,2026-08-25T18:20:00,americano,americano,1,4500,paid
O01145,2026-08-25T18:40:00,americano,americano,1,4500,paid
O01146,2026-08-25T18:36:00,iced_tea,iced_tea,1,4800,paid
O01147,2026-08-25T18:45:00,cold_brew,cold_brew,1,5500,paid
O01148,2026-08-25T18:11:00,financier,financier,1,3500,paid
O01149,2026-08-25T18:10:00,cafe_latte,cafe_latte,1,5200,paid
O01150,2026-08-25T19:14:00,espresso,espresso,1,4000,paid
O01151,2026-08-25T19:18:00,cold_brew,cold_brew,1,5500,paid
O01152,2026-08-25T19:35:00,sandwich,sandwich,1,6800,paid
O01153,2026-08-25T19:28:00,cafe_latte,cafe_latte,1,5200,paid
O01154,2026-08-25T19:15:00,sandwich,sandwich,2,13600,paid
O01155,2026-08-25T19:50:00,cold_brew,cold_brew,1,5500,paid
O01156,2026-08-25T19:46:00,espresso,espresso,1,4000,paid
O01157,2026-08-25T19:52:00,americano,americano,2,9000,paid
O01158,2026-08-25T20:02:00,financier,financier,1,3500,paid
O01159,2026-08-25T20:05:00,strawberry_latte,strawberry_latte,1,6200,paid
O01160,2026-08-25T20:49:00,vanilla_latte,vanilla_latte,2,11400,paid
O01161,2026-08-25T20:04:00,financier,financier,1,3500,paid
O01162,2026-08-25T20:27:00,strawberry_latte,strawberry_latte,1,6200,paid
O01163,2026-08-25T20:44:00,strawberry_latte,strawberry_latte,1,6200,paid
O01164,2026-08-25T20:09:00,cafe_latte,cafe_latte,1,5200,paid
O01165,2026-08-25T20:02:00,croissant,croissant,1,4200,paid
O01166,2026-08-25T20:50:00,cafe_latte,cafe_latte,1,5200,paid
O01167,2026-08-25T20:52:00,financier,financier,1,3500,paid
O01168,2026-08-26T09:40:00,espresso,espresso,1,4000,paid
O01169,2026-08-26T09:24:00,espresso,espresso,1,4000,paid
O01170,2026-08-26T09:46:00,financier,financier,1,3500,paid
O01171,2026-08-26T09:37:00,cafe_latte,cafe_latte,1,5200,paid
O01172,2026-08-26T09:32:00,cafe_latte,cafe_latte,1,5200,paid
O01173,2026-08-26T09:19:00,iced_tea,iced_tea,1,4800,paid
O01174,2026-08-26T09:59:00,cafe_latte,cafe_latte,1,5200,paid
O01175,2026-08-26T10:34:00,americano,americano,1,4500,paid
O01176,2026-08-26T10:50:00,vanilla_latte,vanilla_latte,1,5700,paid
O01177,2026-08-26T10:09:00,iced_tea,iced_tea,2,9600,paid
O01178,2026-08-26T10:00:00,cold_brew,cold_brew,2,11000,paid
O01179,2026-08-26T10:02:00,financier,financier,1,3500,paid
O01180,2026-08-26T10:34:00,sandwich,sandwich,1,6800,paid
O01181,2026-08-26T10:47:00,cafe_latte,cafe_latte,1,5200,paid
O01182,2026-08-26T10:41:00,strawberry_latte,strawberry_latte,1,6200,paid
O01183,2026-08-26T11:39:00,vanilla_latte,vanilla_latte,1,5700,paid
O01184,2026-08-26T11:42:00,strawberry_latte,strawberry_latte,1,6200,paid
O01185,2026-08-26T11:59:00,americano,americano,1,4500,paid
O01186,2026-08-26T11:04:00,croissant,croissant,1,4200,paid
O01187,2026-08-26T11:12:00,cafe_latte,cafe_latte,1,5200,paid
O01188,2026-08-26T11:22:00,croissant,croissant,2,8400,paid
O01189,2026-08-26T11:39:00,strawberry_latte,strawberry_latte,1,6200,paid
O01190,2026-08-26T11:28:00,strawberry_latte,strawberry_latte,1,6200,paid
O01191,2026-08-26T11:44:00,sandwich,sandwich,1,6800,paid
O01192,2026-08-26T11:23:00,vanilla_latte,vanilla_latte,1,5700,paid
O01193,2026-08-26T12:15:00,vanilla_latte,vanilla_latte,1,5700,paid
O01194,2026-08-26T12:23:00,espresso,espresso,1,4000,paid
O01195,2026-08-26T12:29:00,cold_brew,cold_brew,1,5500,paid
O01196,2026-08-26T12:31:00,cold_brew,cold_brew,1,5500,paid
O01197,2026-08-26T12:38:00,cafe_latte,cafe_latte,1,5200,paid
O01198,2026-08-26T12:08:00,iced_tea,iced_tea,1,4800,paid
O01199,2026-08-26T12:56:00,strawberry_latte,strawberry_latte,1,6200,paid
O01200,2026-08-26T12:54:00,cafe_latte,cafe_latte,1,5200,paid
O01201,2026-08-26T12:37:00,americano,americano,1,4500,paid
O01202,2026-08-26T12:02:00,sandwich,sandwich,1,6800,paid
O01203,2026-08-26T13:49:00,financier,financier,1,3500,paid
O01204,2026-08-26T13:57:00,cold_brew,cold_brew,1,5500,paid
O01205,2026-08-26T13:32:00,iced_tea,iced_tea,1,4800,paid
O01206,2026-08-26T13:32:00,cafe_latte,cafe_latte,1,5200,paid
O01207,2026-08-26T13:51:00,strawberry_latte,strawberry_latte,1,6200,paid
O01208,2026-08-26T13:08:00,vanilla_latte,vanilla_latte,1,5700,paid
O01209,2026-08-26T13:36:00,vanilla_latte,vanilla_latte,1,5700,paid
O01210,2026-08-26T13:02:00,croissant,croissant,2,8400,paid
O01211,2026-08-26T13:16:00,croissant,croissant,1,4200,paid
O01212,2026-08-26T13:13:00,strawberry_latte,strawberry_latte,1,6200,paid
O01213,2026-08-26T13:58:00,cold_brew,cold_brew,1,5500,paid
O01214,2026-08-26T13:41:00,americano,americano,1,4500,paid
O01215,2026-08-26T13:33:00,cafe_latte,cafe_latte,1,5200,paid
O01216,2026-08-26T14:36:00,iced_tea,iced_tea,1,4800,paid
O01217,2026-08-26T14:23:00,espresso,espresso,1,4000,paid
O01218,2026-08-26T14:24:00,cafe_latte,cafe_latte,1,5200,paid
O01219,2026-08-26T14:52:00,financier,financier,1,3500,paid
O01220,2026-08-26T14:56:00,croissant,croissant,1,4200,paid
O01221,2026-08-26T14:08:00,americano,americano,1,4500,paid
O01222,2026-08-26T14:32:00,vanilla_latte,vanilla_latte,1,5700,paid
O01223,2026-08-26T14:10:00,strawberry_latte,strawberry_latte,1,6200,paid
O01224,2026-08-26T14:07:00,sandwich,sandwich,1,6800,paid
O01225,2026-08-26T14:46:00,espresso,espresso,1,4000,paid
O01226,2026-08-26T14:30:00,croissant,croissant,1,4200,paid
O01227,2026-08-26T14:53:00,sandwich,sandwich,1,6800,paid
O01228,2026-08-26T14:08:00,americano,americano,1,4500,paid
O01229,2026-08-26T15:02:00,vanilla_latte,vanilla_latte,1,5700,paid
O01230,2026-08-26T15:16:00,vanilla_latte,vanilla_latte,1,5700,paid
O01231,2026-08-26T15:38:00,financier,financier,2,7000,paid
O01232,2026-08-26T15:46:00,americano,americano,1,4500,paid
O01233,2026-08-26T15:38:00,cafe_latte,cafe_latte,1,5200,paid
O01234,2026-08-26T15:53:00,croissant,croissant,1,4200,paid
O01235,2026-08-26T15:37:00,sandwich,sandwich,1,6800,paid
O01236,2026-08-26T15:16:00,sandwich,sandwich,1,6800,paid
O01237,2026-08-26T15:38:00,cold_brew,cold_brew,2,11000,paid
O01238,2026-08-26T15:24:00,cafe_latte,cafe_latte,1,5200,paid
O01239,2026-08-26T15:33:00,cafe_latte,cafe_latte,1,5200,paid
O01240,2026-08-26T15:38:00,espresso,espresso,1,4000,paid
O01241,2026-08-26T15:39:00,vanilla_latte,vanilla_latte,1,5700,paid
O01242,2026-08-26T16:05:00,financier,financier,1,3500,paid
O01243,2026-08-26T16:34:00,vanilla_latte,vanilla_latte,2,11400,paid
O01244,2026-08-26T16:23:00,espresso,espresso,1,4000,paid
O01245,2026-08-26T16:51:00,financier,financier,1,3500,paid
O01246,2026-08-26T16:51:00,espresso,espresso,1,4000,paid
O01247,2026-08-26T16:16:00,cafe_latte,cafe_latte,1,5200,paid
O01248,2026-08-26T16:05:00,strawberry_latte,strawberry_latte,2,12400,paid
O01249,2026-08-26T16:26:00,sandwich,sandwich,1,6800,paid
O01250,2026-08-26T16:47:00,strawberry_latte,strawberry_latte,1,6200,paid
O01251,2026-08-26T16:33:00,sandwich,sandwich,1,6800,paid
O01252,2026-08-26T16:44:00,espresso,espresso,1,4000,paid
O01253,2026-08-26T16:09:00,espresso,espresso,1,4000,paid
O01254,2026-08-26T16:54:00,sandwich,sandwich,1,6800,paid
O01255,2026-08-26T17:43:00,cold_brew,cold_brew,1,5500,paid
O01256,2026-08-26T17:50:00,strawberry_latte,strawberry_latte,1,6200,paid
O01257,2026-08-26T17:35:00,croissant,croissant,1,4200,paid
O01258,2026-08-26T17:19:00,croissant,croissant,1,4200,paid
O01259,2026-08-26T17:25:00,cold_brew,cold_brew,1,5500,paid
O01260,2026-08-26T17:28:00,cafe_latte,cafe_latte,1,5200,paid
O01261,2026-08-26T17:25:00,cafe_latte,cafe_latte,1,5200,paid
O01262,2026-08-26T17:43:00,financier,financier,1,3500,paid
O01263,2026-08-26T17:40:00,vanilla_latte,vanilla_latte,1,5700,paid
O01264,2026-08-26T17:30:00,cafe_latte,cafe_latte,1,5200,paid
O01265,2026-08-26T17:16:00,espresso,espresso,1,4000,paid
O01266,2026-08-26T17:02:00,cold_brew,cold_brew,1,5500,paid
O01267,2026-08-26T17:33:00,espresso,espresso,1,4000,paid
O01268,2026-08-26T18:52:00,americano,americano,2,9000,paid
O01269,2026-08-26T18:12:00,croissant,croissant,1,4200,paid
O01270,2026-08-26T18:50:00,iced_tea,iced_tea,1,4800,paid
O01271,2026-08-26T18:14:00,financier,financier,1,3500,paid
O01272,2026-08-26T18:23:00,vanilla_latte,vanilla_latte,1,5700,paid
O01273,2026-08-26T18:05:00,americano,americano,2,9000,paid
O01274,2026-08-26T18:25:00,espresso,espresso,1,4000,paid
O01275,2026-08-26T18:00:00,sandwich,sandwich,1,6800,paid
O01276,2026-08-26T19:46:00,cafe_latte,cafe_latte,1,5200,paid
O01277,2026-08-26T19:52:00,sandwich,sandwich,1,6800,paid
O01278,2026-08-26T19:12:00,strawberry_latte,strawberry_latte,1,6200,paid
O01279,2026-08-26T19:16:00,espresso,espresso,1,4000,paid
O01280,2026-08-26T19:35:00,espresso,espresso,1,4000,paid
O01281,2026-08-26T19:07:00,financier,financier,1,3500,paid
O01282,2026-08-26T19:52:00,iced_tea,iced_tea,1,4800,paid
O01283,2026-08-26T19:24:00,iced_tea,iced_tea,1,4800,paid
O01284,2026-08-26T19:48:00,croissant,croissant,1,4200,paid
O01285,2026-08-26T20:55:00,croissant,croissant,1,4200,paid
O01286,2026-08-26T20:04:00,croissant,croissant,1,4200,paid
O01287,2026-08-26T20:14:00,strawberry_latte,strawberry_latte,1,6200,paid
O01288,2026-08-26T20:33:00,espresso,espresso,2,8000,paid
O01289,2026-08-26T20:16:00,americano,americano,1,4500,paid
O01290,2026-08-26T20:43:00,iced_tea,iced_tea,1,4800,paid
O01291,2026-08-26T20:11:00,cafe_latte,cafe_latte,1,5200,paid
O01292,2026-08-26T20:57:00,cold_brew,cold_brew,1,5500,paid
O01293,2026-08-27T09:12:00,strawberry_latte,strawberry_latte,1,6200,paid
O01294,2026-08-27T09:13:00,strawberry_latte,strawberry_latte,1,6200,paid
O01295,2026-08-27T09:53:00,strawberry_latte,strawberry_latte,1,6200,paid
O01296,2026-08-27T09:06:00,cold_brew,cold_brew,1,5500,paid
O01297,2026-08-27T09:42:00,cafe_latte,cafe_latte,1,5200,paid
O01298,2026-08-27T09:54:00,sandwich,sandwich,1,6800,paid
O01299,2026-08-27T09:23:00,americano,americano,1,4500,paid
O01300,2026-08-27T09:56:00,cold_brew,cold_brew,1,5500,paid
O01301,2026-08-27T09:48:00,iced_tea,iced_tea,1,4800,paid
O01302,2026-08-27T10:36:00,espresso,espresso,1,4000,paid
O01303,2026-08-27T10:27:00,americano,americano,1,4500,paid
O01304,2026-08-27T10:22:00,financier,financier,1,3500,paid
O01305,2026-08-27T10:07:00,vanilla_latte,vanilla_latte,1,5700,paid
O01306,2026-08-27T10:00:00,croissant,croissant,1,4200,paid
O01307,2026-08-27T10:06:00,strawberry_latte,strawberry_latte,1,6200,paid
O01308,2026-08-27T10:16:00,cold_brew,cold_brew,1,5500,paid
O01309,2026-08-27T10:17:00,financier,financier,1,3500,paid
O01310,2026-08-27T10:11:00,sandwich,sandwich,1,6800,paid
O01311,2026-08-27T10:44:00,espresso,espresso,1,4000,paid
O01312,2026-08-27T11:11:00,espresso,espresso,1,4000,paid
O01313,2026-08-27T11:43:00,vanilla_latte,vanilla_latte,2,11400,paid
O01314,2026-08-27T11:51:00,cafe_latte,cafe_latte,1,5200,paid
O01315,2026-08-27T11:24:00,financier,financier,1,3500,paid
O01316,2026-08-27T11:47:00,vanilla_latte,vanilla_latte,1,5700,paid
O01317,2026-08-27T11:11:00,croissant,croissant,1,4200,paid
O01318,2026-08-27T11:57:00,croissant,croissant,1,4200,paid
O01319,2026-08-27T11:50:00,financier,financier,1,3500,paid
O01320,2026-08-27T11:54:00,iced_tea,iced_tea,1,4800,paid
O01321,2026-08-27T11:44:00,americano,americano,1,4500,paid
O01322,2026-08-27T12:40:00,iced_tea,iced_tea,1,4800,paid
O01323,2026-08-27T12:16:00,croissant,croissant,1,4200,paid
O01324,2026-08-27T12:59:00,cold_brew,cold_brew,1,5500,paid
O01325,2026-08-27T12:07:00,cold_brew,cold_brew,1,5500,paid
O01326,2026-08-27T12:36:00,sandwich,sandwich,1,6800,paid
O01327,2026-08-27T12:18:00,vanilla_latte,vanilla_latte,2,11400,paid
O01328,2026-08-27T12:31:00,cold_brew,cold_brew,1,5500,paid
O01329,2026-08-27T13:18:00,cafe_latte,cafe_latte,1,5200,paid
O01330,2026-08-27T13:40:00,vanilla_latte,vanilla_latte,1,5700,paid
O01331,2026-08-27T13:36:00,espresso,espresso,1,4000,paid
O01332,2026-08-27T13:21:00,cafe_latte,cafe_latte,1,5200,paid
O01333,2026-08-27T13:18:00,cold_brew,cold_brew,1,5500,paid
O01334,2026-08-27T13:17:00,sandwich,sandwich,1,6800,paid
O01335,2026-08-27T13:33:00,cold_brew,cold_brew,1,5500,paid
O01336,2026-08-27T13:54:00,espresso,espresso,1,4000,paid
O01337,2026-08-27T13:42:00,vanilla_latte,vanilla_latte,1,5700,paid
O01338,2026-08-27T13:25:00,cafe_latte,cafe_latte,1,5200,paid
O01339,2026-08-27T13:56:00,cafe_latte,cafe_latte,1,5200,paid
O01340,2026-08-27T13:49:00,financier,financier,1,3500,paid
O01341,2026-08-27T13:05:00,financier,financier,1,3500,paid
O01342,2026-08-27T13:05:00,iced_tea,iced_tea,1,4800,paid
O01343,2026-08-27T14:47:00,iced_tea,iced_tea,1,4800,paid
O01344,2026-08-27T14:08:00,croissant,croissant,1,4200,paid
O01345,2026-08-27T14:42:00,vanilla_latte,vanilla_latte,1,5700,paid
O01346,2026-08-27T14:29:00,cold_brew,cold_brew,1,5500,paid
O01347,2026-08-27T14:08:00,iced_tea,iced_tea,1,4800,paid
O01348,2026-08-27T14:29:00,vanilla_latte,vanilla_latte,1,5700,paid
O01349,2026-08-27T14:40:00,espresso,espresso,1,4000,paid
O01350,2026-08-27T14:30:00,iced_tea,iced_tea,2,9600,paid
O01351,2026-08-27T14:28:00,strawberry_latte,strawberry_latte,1,6200,paid
O01352,2026-08-27T14:09:00,cold_brew,cold_brew,1,5500,paid
O01353,2026-08-27T14:52:00,americano,americano,1,4500,paid
O01354,2026-08-27T14:34:00,cold_brew,cold_brew,1,5500,paid
O01355,2026-08-27T14:30:00,croissant,croissant,2,8400,paid
O01356,2026-08-27T15:50:00,iced_tea,iced_tea,1,4800,paid
O01357,2026-08-27T15:26:00,financier,financier,1,3500,paid
O01358,2026-08-27T15:10:00,espresso,espresso,1,4000,paid
O01359,2026-08-27T15:05:00,espresso,espresso,1,4000,paid
O01360,2026-08-27T15:51:00,strawberry_latte,strawberry_latte,1,6200,paid
O01361,2026-08-27T15:47:00,iced_tea,iced_tea,1,4800,paid
O01362,2026-08-27T15:54:00,iced_tea,iced_tea,1,4800,paid
O01363,2026-08-27T15:07:00,vanilla_latte,vanilla_latte,1,5700,paid
O01364,2026-08-27T15:44:00,sandwich,sandwich,1,6800,paid
O01365,2026-08-27T15:01:00,croissant,croissant,1,4200,paid
O01366,2026-08-27T15:01:00,americano,americano,2,9000,paid
O01367,2026-08-27T15:08:00,cafe_latte,cafe_latte,1,5200,paid
O01368,2026-08-27T16:00:00,strawberry_latte,strawberry_latte,1,6200,paid
O01369,2026-08-27T16:19:00,strawberry_latte,strawberry_latte,1,6200,paid
O01370,2026-08-27T16:50:00,cold_brew,cold_brew,1,5500,paid
O01371,2026-08-27T16:48:00,cold_brew,cold_brew,1,5500,paid
O01372,2026-08-27T16:25:00,americano,americano,1,4500,paid
O01373,2026-08-27T16:12:00,financier,financier,1,3500,paid
O01374,2026-08-27T16:07:00,espresso,espresso,1,4000,paid
O01375,2026-08-27T16:28:00,espresso,espresso,1,4000,paid
O01376,2026-08-27T16:47:00,americano,americano,1,4500,paid
O01377,2026-08-27T16:13:00,financier,financier,1,3500,paid
O01378,2026-08-27T16:19:00,espresso,espresso,1,4000,paid
O01379,2026-08-27T16:02:00,vanilla_latte,vanilla_latte,1,5700,paid
O01380,2026-08-27T16:30:00,financier,financier,1,3500,paid
O01381,2026-08-27T16:03:00,strawberry_latte,strawberry_latte,1,6200,paid
O01382,2026-08-27T17:27:00,cafe_latte,cafe_latte,1,5200,paid
O01383,2026-08-27T17:17:00,americano,americano,1,4500,paid
O01384,2026-08-27T17:15:00,cafe_latte,cafe_latte,1,5200,paid
O01385,2026-08-27T17:44:00,americano,americano,1,4500,paid
O01386,2026-08-27T17:49:00,sandwich,sandwich,1,6800,paid
O01387,2026-08-27T17:05:00,strawberry_latte,strawberry_latte,1,6200,paid
O01388,2026-08-27T17:48:00,cold_brew,cold_brew,2,11000,paid
O01389,2026-08-27T17:09:00,americano,americano,1,4500,paid
O01390,2026-08-27T17:14:00,cafe_latte,cafe_latte,1,5200,paid
O01391,2026-08-27T17:48:00,financier,financier,1,3500,paid
O01392,2026-08-27T17:01:00,croissant,croissant,1,4200,paid
O01393,2026-08-27T17:16:00,cold_brew,cold_brew,1,5500,paid
O01394,2026-08-27T17:35:00,croissant,croissant,1,4200,paid
O01395,2026-08-27T17:12:00,financier,financier,1,3500,paid
O01396,2026-08-27T18:29:00,cold_brew,cold_brew,1,5500,paid
O01397,2026-08-27T18:35:00,sandwich,sandwich,2,13600,paid
O01398,2026-08-27T18:28:00,cafe_latte,cafe_latte,1,5200,paid
O01399,2026-08-27T18:29:00,iced_tea,iced_tea,1,4800,paid
O01400,2026-08-27T18:11:00,financier,financier,1,3500,paid
O01401,2026-08-27T18:49:00,sandwich,sandwich,1,6800,paid
O01402,2026-08-27T18:04:00,strawberry_latte,strawberry_latte,1,6200,paid
O01403,2026-08-27T18:43:00,espresso,espresso,1,4000,paid
O01404,2026-08-27T18:18:00,financier,financier,1,3500,paid
O01405,2026-08-27T19:42:00,cafe_latte,cafe_latte,1,5200,paid
O01406,2026-08-27T19:08:00,americano,americano,1,4500,paid
O01407,2026-08-27T19:31:00,americano,americano,1,4500,paid
O01408,2026-08-27T19:41:00,cafe_latte,cafe_latte,1,5200,paid
O01409,2026-08-27T19:44:00,croissant,croissant,1,4200,paid
O01410,2026-08-27T19:14:00,iced_tea,iced_tea,1,4800,paid
O01411,2026-08-27T19:58:00,cafe_latte,cafe_latte,1,5200,paid
O01412,2026-08-27T19:53:00,croissant,croissant,2,8400,paid
O01413,2026-08-27T20:56:00,cold_brew,cold_brew,1,5500,paid
O01414,2026-08-27T20:03:00,cold_brew,cold_brew,1,5500,paid
O01415,2026-08-27T20:46:00,iced_tea,iced_tea,1,4800,paid
O01416,2026-08-27T20:13:00,iced_tea,iced_tea,1,4800,paid
O01417,2026-08-27T20:14:00,cafe_latte,cafe_latte,1,5200,paid
O01418,2026-08-27T20:33:00,espresso,espresso,1,4000,paid
O01419,2026-08-27T20:11:00,sandwich,sandwich,1,6800,paid
O01420,2026-08-28T09:49:00,espresso,espresso,1,4000,paid
O01421,2026-08-28T09:44:00,cold_brew,cold_brew,1,5500,paid
O01422,2026-08-28T09:11:00,cafe_latte,cafe_latte,1,5200,paid
O01423,2026-08-28T09:42:00,espresso,espresso,1,4000,paid
O01424,2026-08-28T09:28:00,financier,financier,2,7000,paid
O01425,2026-08-28T09:20:00,cold_brew,cold_brew,1,5500,paid
O01426,2026-08-28T09:27:00,espresso,espresso,1,4000,paid
O01427,2026-08-28T09:34:00,sandwich,sandwich,1,6800,paid
O01428,2026-08-28T09:59:00,espresso,espresso,1,4000,paid
O01429,2026-08-28T10:25:00,croissant,croissant,1,4200,paid
O01430,2026-08-28T10:38:00,americano,americano,2,9000,paid
O01431,2026-08-28T10:56:00,financier,financier,1,3500,paid
O01432,2026-08-28T10:14:00,americano,americano,1,4500,paid
O01433,2026-08-28T10:52:00,cold_brew,cold_brew,1,5500,paid
O01434,2026-08-28T10:36:00,financier,financier,1,3500,paid
O01435,2026-08-28T10:29:00,vanilla_latte,vanilla_latte,1,5700,paid
O01436,2026-08-28T10:23:00,vanilla_latte,vanilla_latte,1,5700,paid
O01437,2026-08-28T10:51:00,strawberry_latte,strawberry_latte,1,6200,paid
O01438,2026-08-28T11:13:00,espresso,espresso,1,4000,paid
O01439,2026-08-28T11:11:00,cold_brew,cold_brew,1,5500,paid
O01440,2026-08-28T11:06:00,sandwich,sandwich,1,6800,paid
O01441,2026-08-28T11:51:00,iced_tea,iced_tea,1,4800,paid
O01442,2026-08-28T11:03:00,espresso,espresso,1,4000,paid
O01443,2026-08-28T11:27:00,cold_brew,cold_brew,1,5500,paid
O01444,2026-08-28T11:14:00,cafe_latte,cafe_latte,1,5200,paid
O01445,2026-08-28T11:40:00,americano,americano,1,4500,paid
O01446,2026-08-28T12:34:00,financier,financier,1,3500,paid
O01447,2026-08-28T12:44:00,vanilla_latte,vanilla_latte,1,5700,paid
O01448,2026-08-28T12:46:00,vanilla_latte,vanilla_latte,1,5700,paid
O01449,2026-08-28T12:36:00,croissant,croissant,1,4200,paid
O01450,2026-08-28T12:18:00,cafe_latte,cafe_latte,1,5200,paid
O01451,2026-08-28T12:05:00,vanilla_latte,vanilla_latte,1,5700,paid
O01452,2026-08-28T12:35:00,sandwich,sandwich,1,6800,paid
O01453,2026-08-28T12:32:00,iced_tea,iced_tea,1,4800,paid
O01454,2026-08-28T13:12:00,vanilla_latte,vanilla_latte,1,5700,paid
O01455,2026-08-28T13:12:00,espresso,espresso,1,4000,paid
O01456,2026-08-28T13:33:00,sandwich,sandwich,2,13600,paid
O01457,2026-08-28T13:49:00,strawberry_latte,strawberry_latte,1,6200,paid
O01458,2026-08-28T13:36:00,cold_brew,cold_brew,1,5500,paid
O01459,2026-08-28T13:27:00,cafe_latte,cafe_latte,1,5200,paid
O01460,2026-08-28T13:22:00,cold_brew,cold_brew,1,5500,paid
O01461,2026-08-28T13:10:00,americano,americano,1,4500,paid
O01462,2026-08-28T13:51:00,sandwich,sandwich,1,6800,paid
O01463,2026-08-28T13:02:00,sandwich,sandwich,1,6800,paid
O01464,2026-08-28T13:09:00,strawberry_latte,strawberry_latte,1,6200,paid
O01465,2026-08-28T13:15:00,cafe_latte,cafe_latte,1,5200,paid
O01466,2026-08-28T14:44:00,iced_tea,iced_tea,1,4800,paid
O01467,2026-08-28T14:01:00,iced_tea,iced_tea,1,4800,paid
O01468,2026-08-28T14:13:00,strawberry_latte,strawberry_latte,1,6200,paid
O01469,2026-08-28T14:16:00,financier,financier,1,3500,paid
O01470,2026-08-28T14:09:00,croissant,croissant,1,4200,paid
O01471,2026-08-28T14:42:00,espresso,espresso,1,4000,paid
O01472,2026-08-28T14:03:00,americano,americano,1,4500,paid
O01473,2026-08-28T14:39:00,strawberry_latte,strawberry_latte,1,6200,paid
O01474,2026-08-28T14:00:00,americano,americano,1,4500,paid
O01475,2026-08-28T14:42:00,espresso,espresso,1,4000,paid
O01476,2026-08-28T14:55:00,cafe_latte,cafe_latte,1,5200,paid
O01477,2026-08-28T14:32:00,strawberry_latte,strawberry_latte,2,12400,paid
O01478,2026-08-28T14:38:00,cold_brew,cold_brew,1,5500,paid
O01479,2026-08-28T14:32:00,cafe_latte,cafe_latte,1,5200,paid
O01480,2026-08-28T15:59:00,americano,americano,1,4500,paid
O01481,2026-08-28T15:25:00,iced_tea,iced_tea,1,4800,paid
O01482,2026-08-28T15:22:00,americano,americano,1,4500,paid
O01483,2026-08-28T15:32:00,iced_tea,iced_tea,1,4800,paid
O01484,2026-08-28T15:56:00,americano,americano,1,4500,paid
O01485,2026-08-28T15:17:00,americano,americano,2,9000,paid
O01486,2026-08-28T15:25:00,vanilla_latte,vanilla_latte,1,5700,paid
O01487,2026-08-28T15:33:00,cafe_latte,cafe_latte,1,5200,paid
O01488,2026-08-28T15:36:00,strawberry_latte,strawberry_latte,1,6200,paid
O01489,2026-08-28T15:58:00,espresso,espresso,2,8000,paid
O01490,2026-08-28T15:08:00,cold_brew,cold_brew,1,5500,paid
O01491,2026-08-28T15:43:00,vanilla_latte,vanilla_latte,1,5700,paid
O01492,2026-08-28T15:45:00,vanilla_latte,vanilla_latte,1,5700,paid
O01493,2026-08-28T15:58:00,vanilla_latte,vanilla_latte,1,5700,paid
O01494,2026-08-28T15:20:00,sandwich,sandwich,2,13600,paid
O01495,2026-08-28T16:53:00,cafe_latte,cafe_latte,1,5200,paid
O01496,2026-08-28T16:56:00,americano,americano,1,4500,paid
O01497,2026-08-28T16:47:00,espresso,espresso,1,4000,paid
O01498,2026-08-28T16:06:00,vanilla_latte,vanilla_latte,1,5700,paid
O01499,2026-08-28T16:39:00,vanilla_latte,vanilla_latte,1,5700,paid
O01500,2026-08-28T16:39:00,iced_tea,iced_tea,1,4800,paid
O01501,2026-08-28T16:43:00,sandwich,sandwich,1,6800,paid
O01502,2026-08-28T16:49:00,cold_brew,cold_brew,1,5500,paid
O01503,2026-08-28T16:38:00,vanilla_latte,vanilla_latte,1,5700,paid
O01504,2026-08-28T16:24:00,cold_brew,cold_brew,1,5500,paid
O01505,2026-08-28T16:12:00,croissant,croissant,1,4200,paid
O01506,2026-08-28T17:26:00,americano,americano,2,9000,paid
O01507,2026-08-28T17:04:00,strawberry_latte,strawberry_latte,1,6200,paid
O01508,2026-08-28T17:31:00,croissant,croissant,1,4200,paid
O01509,2026-08-28T17:27:00,croissant,croissant,1,4200,paid
O01510,2026-08-28T17:52:00,americano,americano,1,4500,paid
O01511,2026-08-28T17:47:00,cold_brew,cold_brew,1,5500,paid
O01512,2026-08-28T17:41:00,sandwich,sandwich,1,6800,paid
O01513,2026-08-28T17:29:00,financier,financier,1,3500,paid
O01514,2026-08-28T17:25:00,strawberry_latte,strawberry_latte,1,6200,paid
O01515,2026-08-28T17:48:00,financier,financier,1,3500,paid
O01516,2026-08-28T17:25:00,strawberry_latte,strawberry_latte,1,6200,paid
O01517,2026-08-28T17:27:00,iced_tea,iced_tea,1,4800,paid
O01518,2026-08-28T18:29:00,financier,financier,2,7000,paid
O01519,2026-08-28T18:07:00,cafe_latte,cafe_latte,1,5200,paid
O01520,2026-08-28T18:44:00,sandwich,sandwich,2,13600,paid
O01521,2026-08-28T18:20:00,vanilla_latte,vanilla_latte,1,5700,paid
O01522,2026-08-28T18:37:00,americano,americano,1,4500,paid
O01523,2026-08-28T18:20:00,croissant,croissant,1,4200,paid
O01524,2026-08-28T18:45:00,cafe_latte,cafe_latte,1,5200,paid
O01525,2026-08-28T18:45:00,cold_brew,cold_brew,1,5500,paid
O01526,2026-08-28T19:24:00,sandwich,sandwich,2,13600,paid
O01527,2026-08-28T19:10:00,espresso,espresso,1,4000,paid
O01528,2026-08-28T19:55:00,sandwich,sandwich,1,6800,paid
O01529,2026-08-28T19:11:00,vanilla_latte,vanilla_latte,1,5700,paid
O01530,2026-08-28T19:46:00,espresso,espresso,1,4000,paid
O01531,2026-08-28T19:07:00,iced_tea,iced_tea,1,4800,paid
O01532,2026-08-28T19:48:00,strawberry_latte,strawberry_latte,1,6200,paid
O01533,2026-08-28T19:54:00,americano,americano,1,4500,paid
O01534,2026-08-28T20:15:00,sandwich,sandwich,1,6800,paid
O01535,2026-08-28T20:29:00,sandwich,sandwich,1,6800,paid
O01536,2026-08-28T20:38:00,croissant,croissant,1,4200,paid
O01537,2026-08-28T20:17:00,strawberry_latte,strawberry_latte,1,6200,paid
O01538,2026-08-28T20:13:00,financier,financier,1,3500,paid
O01539,2026-08-28T20:41:00,vanilla_latte,vanilla_latte,1,5700,paid
O01540,2026-08-28T20:02:00,americano,americano,1,4500,paid
O01541,2026-08-28T20:58:00,sandwich,sandwich,1,6800,paid
O01542,2026-08-29T09:10:00,espresso,espresso,2,8000,paid
O01543,2026-08-29T09:44:00,sandwich,sandwich,1,6800,paid
O01544,2026-08-29T09:11:00,sandwich,sandwich,1,6800,paid
O01545,2026-08-29T09:02:00,sandwich,sandwich,1,6800,paid
O01546,2026-08-29T09:57:00,iced_tea,iced_tea,1,4800,paid
O01547,2026-08-29T09:53:00,cafe_latte,cafe_latte,1,5200,paid
O01548,2026-08-29T09:08:00,cafe_latte,cafe_latte,1,5200,paid
O01549,2026-08-29T09:26:00,iced_tea,iced_tea,1,4800,paid
O01550,2026-08-29T09:39:00,strawberry_latte,strawberry_latte,1,6200,paid
O01551,2026-08-29T10:30:00,financier,financier,2,7000,paid
O01552,2026-08-29T10:54:00,iced_tea,iced_tea,1,4800,paid
O01553,2026-08-29T10:39:00,iced_tea,iced_tea,1,4800,paid
O01554,2026-08-29T10:31:00,vanilla_latte,vanilla_latte,1,5700,paid
O01555,2026-08-29T10:11:00,croissant,croissant,1,4200,paid
O01556,2026-08-29T10:12:00,strawberry_latte,strawberry_latte,1,6200,paid
O01557,2026-08-29T10:40:00,cafe_latte,cafe_latte,1,5200,paid
O01558,2026-08-29T10:26:00,strawberry_latte,strawberry_latte,1,6200,paid
O01559,2026-08-29T10:35:00,americano,americano,1,4500,paid
O01560,2026-08-29T11:44:00,americano,americano,1,4500,paid
O01561,2026-08-29T11:19:00,iced_tea,iced_tea,1,4800,paid
O01562,2026-08-29T11:49:00,financier,financier,1,3500,paid
O01563,2026-08-29T11:21:00,cafe_latte,cafe_latte,1,5200,paid
O01564,2026-08-29T11:01:00,sandwich,sandwich,1,6800,paid
O01565,2026-08-29T11:21:00,strawberry_latte,strawberry_latte,1,6200,paid
O01566,2026-08-29T11:41:00,croissant,croissant,1,4200,paid
O01567,2026-08-29T11:29:00,croissant,croissant,1,4200,paid
O01568,2026-08-29T11:52:00,cold_brew,cold_brew,1,5500,paid
O01569,2026-08-29T11:19:00,americano,americano,1,4500,paid
O01570,2026-08-29T11:01:00,cold_brew,cold_brew,1,5500,paid
O01571,2026-08-29T11:51:00,sandwich,sandwich,1,6800,paid
O01572,2026-08-29T12:17:00,cafe_latte,cafe_latte,2,10400,paid
O01573,2026-08-29T12:40:00,cold_brew,cold_brew,2,11000,paid
O01574,2026-08-29T12:24:00,vanilla_latte,vanilla_latte,1,5700,paid
O01575,2026-08-29T12:50:00,sandwich,sandwich,1,6800,paid
O01576,2026-08-29T12:17:00,cold_brew,cold_brew,1,5500,paid
O01577,2026-08-29T12:15:00,cafe_latte,cafe_latte,1,5200,paid
O01578,2026-08-29T12:19:00,croissant,croissant,1,4200,paid
O01579,2026-08-29T12:07:00,financier,financier,1,3500,paid
O01580,2026-08-29T12:58:00,americano,americano,1,4500,paid
O01581,2026-08-29T12:51:00,croissant,croissant,1,4200,paid
O01582,2026-08-29T12:21:00,financier,financier,1,3500,paid
O01583,2026-08-29T12:20:00,financier,financier,1,3500,paid
O01584,2026-08-29T13:08:00,financier,financier,1,3500,paid
O01585,2026-08-29T13:45:00,americano,americano,1,4500,paid
O01586,2026-08-29T13:59:00,cafe_latte,cafe_latte,1,5200,paid
O01587,2026-08-29T13:21:00,sandwich,sandwich,1,6800,paid
O01588,2026-08-29T13:49:00,americano,americano,1,4500,paid
O01589,2026-08-29T13:19:00,americano,americano,1,4500,paid
O01590,2026-08-29T13:18:00,cold_brew,cold_brew,1,5500,paid
O01591,2026-08-29T13:28:00,financier,financier,1,3500,paid
O01592,2026-08-29T13:17:00,iced_tea,iced_tea,1,4800,paid
O01593,2026-08-29T13:35:00,americano,americano,2,9000,paid
O01594,2026-08-29T13:22:00,cafe_latte,cafe_latte,1,5200,paid
O01595,2026-08-29T13:45:00,cold_brew,cold_brew,1,5500,paid
O01596,2026-08-29T13:04:00,sandwich,sandwich,1,6800,paid
O01597,2026-08-29T13:34:00,sandwich,sandwich,1,6800,paid
O01598,2026-08-29T14:43:00,americano,americano,1,4500,paid
O01599,2026-08-29T14:05:00,cafe_latte,cafe_latte,1,5200,paid
O01600,2026-08-29T14:38:00,espresso,espresso,1,4000,paid
O01601,2026-08-29T14:19:00,croissant,croissant,1,4200,paid
O01602,2026-08-29T14:42:00,strawberry_latte,strawberry_latte,1,6200,paid
O01603,2026-08-29T14:48:00,cafe_latte,cafe_latte,2,10400,paid
O01604,2026-08-29T14:52:00,sandwich,sandwich,1,6800,paid
O01605,2026-08-29T14:43:00,cafe_latte,cafe_latte,1,5200,paid
O01606,2026-08-29T14:14:00,croissant,croissant,1,4200,paid
O01607,2026-08-29T14:23:00,sandwich,sandwich,1,6800,paid
O01608,2026-08-29T14:42:00,vanilla_latte,vanilla_latte,1,5700,paid
O01609,2026-08-29T14:01:00,cold_brew,cold_brew,1,5500,paid
O01610,2026-08-29T14:30:00,croissant,croissant,1,4200,paid
O01611,2026-08-29T14:22:00,vanilla_latte,vanilla_latte,1,5700,paid
O01612,2026-08-29T14:06:00,sandwich,sandwich,1,6800,paid
O01613,2026-08-29T14:41:00,cafe_latte,cafe_latte,1,5200,paid
O01614,2026-08-29T15:37:00,financier,financier,1,3500,paid
O01615,2026-08-29T15:35:00,strawberry_latte,strawberry_latte,1,6200,paid
O01616,2026-08-29T15:21:00,croissant,croissant,1,4200,paid
O01617,2026-08-29T15:27:00,sandwich,sandwich,1,6800,paid
O01618,2026-08-29T15:15:00,cold_brew,cold_brew,1,5500,paid
O01619,2026-08-29T15:45:00,cafe_latte,cafe_latte,1,5200,paid
O01620,2026-08-29T15:38:00,croissant,croissant,1,4200,paid
O01621,2026-08-29T15:52:00,cold_brew,cold_brew,1,5500,paid
O01622,2026-08-29T15:25:00,vanilla_latte,vanilla_latte,1,5700,paid
O01623,2026-08-29T15:52:00,sandwich,sandwich,1,6800,paid
O01624,2026-08-29T15:41:00,espresso,espresso,1,4000,paid
O01625,2026-08-29T15:08:00,cafe_latte,cafe_latte,1,5200,paid
O01626,2026-08-29T15:42:00,americano,americano,1,4500,paid
O01627,2026-08-29T15:24:00,croissant,croissant,1,4200,paid
O01628,2026-08-29T16:56:00,strawberry_latte,strawberry_latte,1,6200,paid
O01629,2026-08-29T16:58:00,iced_tea,iced_tea,1,4800,paid
O01630,2026-08-29T16:58:00,espresso,espresso,1,4000,paid
O01631,2026-08-29T16:39:00,cafe_latte,cafe_latte,1,5200,paid
O01632,2026-08-29T16:54:00,espresso,espresso,1,4000,paid
O01633,2026-08-29T16:35:00,americano,americano,1,4500,paid
O01634,2026-08-29T16:52:00,americano,americano,1,4500,paid
O01635,2026-08-29T16:55:00,cafe_latte,cafe_latte,1,5200,paid
O01636,2026-08-29T16:37:00,strawberry_latte,strawberry_latte,1,6200,paid
O01637,2026-08-29T16:25:00,cold_brew,cold_brew,1,5500,paid
O01638,2026-08-29T16:42:00,espresso,espresso,1,4000,paid
O01639,2026-08-29T16:35:00,croissant,croissant,1,4200,paid
O01640,2026-08-29T16:09:00,cold_brew,cold_brew,1,5500,paid
O01641,2026-08-29T16:04:00,vanilla_latte,vanilla_latte,1,5700,paid
O01642,2026-08-29T16:31:00,vanilla_latte,vanilla_latte,1,5700,paid
O01643,2026-08-29T16:41:00,vanilla_latte,vanilla_latte,1,5700,paid
O01644,2026-08-29T17:39:00,sandwich,sandwich,2,13600,paid
O01645,2026-08-29T17:35:00,croissant,croissant,1,4200,paid
O01646,2026-08-29T17:11:00,espresso,espresso,1,4000,paid
O01647,2026-08-29T17:31:00,sandwich,sandwich,1,6800,paid
O01648,2026-08-29T17:59:00,financier,financier,1,3500,paid
O01649,2026-08-29T17:02:00,sandwich,sandwich,1,6800,paid
O01650,2026-08-29T17:07:00,croissant,croissant,1,4200,paid
O01651,2026-08-29T17:05:00,croissant,croissant,2,8400,paid
O01652,2026-08-29T17:48:00,financier,financier,2,7000,paid
O01653,2026-08-29T17:33:00,croissant,croissant,1,4200,paid
O01654,2026-08-29T17:40:00,cafe_latte,cafe_latte,1,5200,paid
O01655,2026-08-29T17:19:00,financier,financier,1,3500,paid
O01656,2026-08-29T17:34:00,americano,americano,2,9000,paid
O01657,2026-08-29T17:57:00,croissant,croissant,1,4200,paid
O01658,2026-08-29T17:26:00,sandwich,sandwich,1,6800,paid
O01659,2026-08-29T17:02:00,iced_tea,iced_tea,1,4800,paid
O01660,2026-08-29T17:36:00,iced_tea,iced_tea,1,4800,paid
O01661,2026-08-29T18:03:00,sandwich,sandwich,1,6800,paid
O01662,2026-08-29T18:31:00,sandwich,sandwich,1,6800,paid
O01663,2026-08-29T18:54:00,vanilla_latte,vanilla_latte,1,5700,paid
O01664,2026-08-29T18:17:00,iced_tea,iced_tea,1,4800,paid
O01665,2026-08-29T18:07:00,iced_tea,iced_tea,1,4800,paid
O01666,2026-08-29T18:47:00,vanilla_latte,vanilla_latte,2,11400,paid
O01667,2026-08-29T18:11:00,croissant,croissant,1,4200,paid
O01668,2026-08-29T18:51:00,strawberry_latte,strawberry_latte,1,6200,paid
O01669,2026-08-29T18:05:00,americano,americano,1,4500,paid
O01670,2026-08-29T18:09:00,sandwich,sandwich,2,13600,paid
O01671,2026-08-29T19:28:00,espresso,espresso,1,4000,paid
O01672,2026-08-29T19:53:00,strawberry_latte,strawberry_latte,1,6200,paid
O01673,2026-08-29T19:48:00,americano,americano,1,4500,paid
O01674,2026-08-29T19:25:00,americano,americano,1,4500,paid
O01675,2026-08-29T19:48:00,iced_tea,iced_tea,1,4800,paid
O01676,2026-08-29T19:45:00,strawberry_latte,strawberry_latte,1,6200,paid
O01677,2026-08-29T19:33:00,croissant,croissant,1,4200,paid
O01678,2026-08-29T19:51:00,americano,americano,1,4500,paid
O01679,2026-08-29T19:33:00,espresso,espresso,1,4000,paid
O01680,2026-08-29T19:40:00,cafe_latte,cafe_latte,2,10400,paid
O01681,2026-08-29T19:41:00,espresso,espresso,1,4000,paid
O01682,2026-08-29T19:51:00,cold_brew,cold_brew,1,5500,paid
O01683,2026-08-29T20:43:00,espresso,espresso,1,4000,paid
O01684,2026-08-29T20:33:00,sandwich,sandwich,1,6800,paid
O01685,2026-08-29T20:00:00,vanilla_latte,vanilla_latte,1,5700,paid
O01686,2026-08-29T20:06:00,cafe_latte,cafe_latte,1,5200,paid
O01687,2026-08-29T20:22:00,cafe_latte,cafe_latte,1,5200,paid
O01688,2026-08-29T20:02:00,iced_tea,iced_tea,1,4800,paid
O01689,2026-08-29T20:38:00,sandwich,sandwich,1,6800,paid
O01690,2026-08-29T20:45:00,sandwich,sandwich,1,6800,paid
O01691,2026-08-29T20:08:00,cafe_latte,cafe_latte,1,5200,paid
O01692,2026-08-30T09:44:00,vanilla_latte,vanilla_latte,1,5700,paid
O01693,2026-08-30T09:42:00,iced_tea,iced_tea,1,4800,paid
O01694,2026-08-30T09:17:00,croissant,croissant,2,8400,paid
O01695,2026-08-30T09:49:00,cold_brew,cold_brew,1,5500,paid
O01696,2026-08-30T09:24:00,iced_tea,iced_tea,1,4800,paid
O01697,2026-08-30T09:16:00,cold_brew,cold_brew,2,11000,paid
O01698,2026-08-30T09:31:00,vanilla_latte,vanilla_latte,1,5700,paid
O01699,2026-08-30T09:41:00,sandwich,sandwich,1,6800,paid
O01700,2026-08-30T09:49:00,cafe_latte,cafe_latte,1,5200,paid
O01701,2026-08-30T09:06:00,strawberry_latte,strawberry_latte,1,6200,paid
O01702,2026-08-30T10:04:00,cafe_latte,cafe_latte,1,5200,paid
O01703,2026-08-30T10:01:00,iced_tea,iced_tea,1,4800,paid
O01704,2026-08-30T10:00:00,vanilla_latte,vanilla_latte,1,5700,paid
O01705,2026-08-30T10:44:00,espresso,espresso,1,4000,paid
O01706,2026-08-30T10:32:00,espresso,espresso,1,4000,paid
O01707,2026-08-30T10:54:00,croissant,croissant,1,4200,paid
O01708,2026-08-30T10:24:00,financier,financier,1,3500,paid
O01709,2026-08-30T10:59:00,cafe_latte,cafe_latte,1,5200,paid
O01710,2026-08-30T10:25:00,cold_brew,cold_brew,1,5500,paid
O01711,2026-08-30T10:54:00,cafe_latte,cafe_latte,1,5200,paid
O01712,2026-08-30T10:48:00,cafe_latte,cafe_latte,1,5200,paid
O01713,2026-08-30T10:02:00,strawberry_latte,strawberry_latte,1,6200,paid
O01714,2026-08-30T11:57:00,iced_tea,iced_tea,1,4800,paid
O01715,2026-08-30T11:56:00,cold_brew,cold_brew,1,5500,paid
O01716,2026-08-30T11:12:00,strawberry_latte,strawberry_latte,1,6200,paid
O01717,2026-08-30T11:24:00,sandwich,sandwich,1,6800,paid
O01718,2026-08-30T11:31:00,financier,financier,1,3500,paid
O01719,2026-08-30T11:01:00,croissant,croissant,2,8400,paid
O01720,2026-08-30T11:50:00,cold_brew,cold_brew,1,5500,paid
O01721,2026-08-30T11:51:00,espresso,espresso,1,4000,paid
O01722,2026-08-30T11:55:00,croissant,croissant,2,8400,paid
O01723,2026-08-30T11:14:00,vanilla_latte,vanilla_latte,1,5700,paid
O01724,2026-08-30T11:31:00,americano,americano,1,4500,paid
O01725,2026-08-30T11:39:00,croissant,croissant,2,8400,paid
O01726,2026-08-30T12:03:00,americano,americano,1,4500,paid
O01727,2026-08-30T12:10:00,cafe_latte,cafe_latte,1,5200,paid
O01728,2026-08-30T12:06:00,cafe_latte,cafe_latte,1,5200,paid
O01729,2026-08-30T12:39:00,croissant,croissant,1,4200,paid
O01730,2026-08-30T12:27:00,cafe_latte,cafe_latte,1,5200,paid
O01731,2026-08-30T12:43:00,espresso,espresso,1,4000,paid
O01732,2026-08-30T12:53:00,financier,financier,1,3500,paid
O01733,2026-08-30T12:21:00,americano,americano,1,4500,paid
O01734,2026-08-30T12:48:00,cafe_latte,cafe_latte,1,5200,paid
O01735,2026-08-30T13:15:00,financier,financier,1,3500,paid
O01736,2026-08-30T13:50:00,americano,americano,1,4500,paid
O01737,2026-08-30T13:01:00,espresso,espresso,1,4000,paid
O01738,2026-08-30T13:11:00,cafe_latte,cafe_latte,1,5200,paid
O01739,2026-08-30T13:26:00,sandwich,sandwich,1,6800,paid
O01740,2026-08-30T13:40:00,vanilla_latte,vanilla_latte,1,5700,paid
O01741,2026-08-30T13:15:00,financier,financier,1,3500,paid
O01742,2026-08-30T13:38:00,sandwich,sandwich,1,6800,paid
O01743,2026-08-30T13:05:00,croissant,croissant,1,4200,paid
O01744,2026-08-30T13:35:00,cold_brew,cold_brew,1,5500,paid
O01745,2026-08-30T13:33:00,strawberry_latte,strawberry_latte,1,6200,paid
O01746,2026-08-30T13:48:00,sandwich,sandwich,1,6800,paid
O01747,2026-08-30T13:49:00,financier,financier,1,3500,paid
O01748,2026-08-30T13:07:00,iced_tea,iced_tea,1,4800,paid
O01749,2026-08-30T13:10:00,croissant,croissant,1,4200,paid
O01750,2026-08-30T13:18:00,americano,americano,1,4500,paid
O01751,2026-08-30T14:56:00,cold_brew,cold_brew,1,5500,paid
O01752,2026-08-30T14:03:00,americano,americano,1,4500,paid
O01753,2026-08-30T14:01:00,vanilla_latte,vanilla_latte,1,5700,paid
O01754,2026-08-30T14:57:00,financier,financier,1,3500,paid
O01755,2026-08-30T14:20:00,croissant,croissant,1,4200,paid
O01756,2026-08-30T14:57:00,strawberry_latte,strawberry_latte,1,6200,paid
O01757,2026-08-30T14:20:00,strawberry_latte,strawberry_latte,1,6200,paid
O01758,2026-08-30T14:26:00,cafe_latte,cafe_latte,1,5200,paid
O01759,2026-08-30T14:04:00,espresso,espresso,1,4000,paid
O01760,2026-08-30T14:56:00,sandwich,sandwich,1,6800,paid
O01761,2026-08-30T14:39:00,vanilla_latte,vanilla_latte,1,5700,paid
O01762,2026-08-30T14:08:00,vanilla_latte,vanilla_latte,1,5700,paid
O01763,2026-08-30T14:17:00,strawberry_latte,strawberry_latte,1,6200,paid
O01764,2026-08-30T14:44:00,cold_brew,cold_brew,1,5500,paid
O01765,2026-08-30T14:07:00,americano,americano,1,4500,paid
O01766,2026-08-30T15:21:00,espresso,espresso,1,4000,paid
O01767,2026-08-30T15:50:00,iced_tea,iced_tea,1,4800,paid
O01768,2026-08-30T15:35:00,vanilla_latte,vanilla_latte,1,5700,paid
O01769,2026-08-30T15:33:00,cafe_latte,cafe_latte,1,5200,paid
O01770,2026-08-30T15:53:00,strawberry_latte,strawberry_latte,1,6200,paid
O01771,2026-08-30T15:27:00,iced_tea,iced_tea,1,4800,paid
O01772,2026-08-30T15:37:00,strawberry_latte,strawberry_latte,1,6200,paid
O01773,2026-08-30T15:58:00,sandwich,sandwich,2,13600,paid
O01774,2026-08-30T15:02:00,americano,americano,1,4500,paid
O01775,2026-08-30T15:32:00,croissant,croissant,1,4200,paid
O01776,2026-08-30T15:30:00,espresso,espresso,1,4000,paid
O01777,2026-08-30T15:05:00,croissant,croissant,1,4200,paid
O01778,2026-08-30T15:26:00,americano,americano,1,4500,paid
O01779,2026-08-30T15:15:00,vanilla_latte,vanilla_latte,1,5700,paid
O01780,2026-08-30T15:19:00,americano,americano,1,4500,paid
O01781,2026-08-30T15:47:00,croissant,croissant,1,4200,paid
O01782,2026-08-30T15:29:00,americano,americano,2,9000,paid
O01783,2026-08-30T16:23:00,vanilla_latte,vanilla_latte,1,5700,paid
O01784,2026-08-30T16:04:00,americano,americano,1,4500,paid
O01785,2026-08-30T16:18:00,cold_brew,cold_brew,1,5500,paid
O01786,2026-08-30T16:39:00,iced_tea,iced_tea,1,4800,paid
O01787,2026-08-30T16:50:00,sandwich,sandwich,1,6800,paid
O01788,2026-08-30T16:47:00,sandwich,sandwich,1,6800,paid
O01789,2026-08-30T16:43:00,financier,financier,2,7000,paid
O01790,2026-08-30T16:23:00,americano,americano,1,4500,paid
O01791,2026-08-30T16:23:00,sandwich,sandwich,1,6800,paid
O01792,2026-08-30T16:35:00,financier,financier,1,3500,paid
O01793,2026-08-30T16:15:00,vanilla_latte,vanilla_latte,2,11400,paid
O01794,2026-08-30T16:47:00,cafe_latte,cafe_latte,1,5200,paid
O01795,2026-08-30T16:48:00,strawberry_latte,strawberry_latte,1,6200,paid
O01796,2026-08-30T16:17:00,cold_brew,cold_brew,1,5500,paid
O01797,2026-08-30T16:04:00,espresso,espresso,1,4000,paid
O01798,2026-08-30T16:32:00,cold_brew,cold_brew,1,5500,paid
O01799,2026-08-30T16:34:00,cafe_latte,cafe_latte,1,5200,paid
O01800,2026-08-30T17:23:00,iced_tea,iced_tea,1,4800,paid
O01801,2026-08-30T17:29:00,strawberry_latte,strawberry_latte,1,6200,paid
O01802,2026-08-30T17:11:00,cafe_latte,cafe_latte,1,5200,paid
O01803,2026-08-30T17:17:00,cafe_latte,cafe_latte,1,5200,paid
O01804,2026-08-30T17:55:00,vanilla_latte,vanilla_latte,1,5700,paid
O01805,2026-08-30T17:01:00,financier,financier,2,7000,paid
O01806,2026-08-30T17:34:00,espresso,espresso,2,8000,paid
O01807,2026-08-30T17:28:00,croissant,croissant,1,4200,paid
O01808,2026-08-30T17:01:00,iced_tea,iced_tea,1,4800,paid
O01809,2026-08-30T17:26:00,financier,financier,1,3500,paid
O01810,2026-08-30T17:50:00,cold_brew,cold_brew,1,5500,paid
O01811,2026-08-30T17:44:00,croissant,croissant,1,4200,paid
O01812,2026-08-30T17:19:00,financier,financier,1,3500,paid
O01813,2026-08-30T17:19:00,vanilla_latte,vanilla_latte,1,5700,paid
O01814,2026-08-30T17:23:00,iced_tea,iced_tea,1,4800,paid
O01815,2026-08-30T17:18:00,americano,americano,1,4500,paid
O01816,2026-08-30T17:10:00,vanilla_latte,vanilla_latte,1,5700,paid
O01817,2026-08-30T18:53:00,vanilla_latte,vanilla_latte,2,11400,paid
O01818,2026-08-30T18:02:00,vanilla_latte,vanilla_latte,1,5700,paid
O01819,2026-08-30T18:16:00,sandwich,sandwich,1,6800,paid
O01820,2026-08-30T18:45:00,vanilla_latte,vanilla_latte,1,5700,paid
O01821,2026-08-30T18:09:00,cold_brew,cold_brew,2,11000,paid
O01822,2026-08-30T18:10:00,croissant,croissant,1,4200,paid
O01823,2026-08-30T18:01:00,iced_tea,iced_tea,1,4800,paid
O01824,2026-08-30T18:29:00,croissant,croissant,1,4200,paid
O01825,2026-08-30T18:47:00,vanilla_latte,vanilla_latte,1,5700,paid
O01826,2026-08-30T18:45:00,financier,financier,1,3500,paid
O01827,2026-08-30T18:48:00,croissant,croissant,1,4200,paid
O01828,2026-08-30T19:46:00,vanilla_latte,vanilla_latte,1,5700,paid
O01829,2026-08-30T19:46:00,cold_brew,cold_brew,1,5500,paid
O01830,2026-08-30T19:35:00,americano,americano,1,4500,paid
O01831,2026-08-30T19:39:00,iced_tea,iced_tea,1,4800,paid
O01832,2026-08-30T19:20:00,croissant,croissant,1,4200,paid
O01833,2026-08-30T19:37:00,sandwich,sandwich,1,6800,paid
O01834,2026-08-30T19:49:00,strawberry_latte,strawberry_latte,1,6200,paid
O01835,2026-08-30T19:34:00,strawberry_latte,strawberry_latte,1,6200,paid
O01836,2026-08-30T19:25:00,cafe_latte,cafe_latte,2,10400,paid
O01837,2026-08-30T19:38:00,croissant,croissant,1,4200,paid
O01838,2026-08-30T19:23:00,americano,americano,2,9000,paid
O01839,2026-08-30T19:27:00,vanilla_latte,vanilla_latte,1,5700,paid
O01840,2026-08-30T20:22:00,americano,americano,1,4500,paid
O01841,2026-08-30T20:05:00,croissant,croissant,1,4200,paid
O01842,2026-08-30T20:26:00,croissant,croissant,1,4200,paid
O01843,2026-08-30T20:46:00,iced_tea,iced_tea,1,4800,paid
O01844,2026-08-30T20:37:00,espresso,espresso,1,4000,paid
O01845,2026-08-30T20:19:00,cafe_latte,cafe_latte,1,5200,paid
O01846,2026-08-30T20:04:00,financier,financier,2,7000,paid
O01847,2026-08-30T20:26:00,espresso,espresso,1,4000,paid
O01848,2026-08-30T20:29:00,espresso,espresso,1,4000,paid
O01849,2026-08-30T20:53:00,vanilla_latte,vanilla_latte,1,5700,paid
O01850,2026-08-31T09:52:00,croissant,croissant,1,4200,paid
O01851,2026-08-31T09:35:00,sandwich,sandwich,1,6800,paid
O01852,2026-08-31T09:00:00,strawberry_latte,strawberry_latte,1,6200,paid
O01853,2026-08-31T09:40:00,iced_tea,iced_tea,1,4800,paid
O01854,2026-08-31T09:57:00,cafe_latte,cafe_latte,1,5200,paid
O01855,2026-08-31T09:58:00,espresso,espresso,1,4000,paid
O01856,2026-08-31T09:17:00,americano,americano,1,4500,paid
O01857,2026-08-31T09:23:00,cafe_latte,cafe_latte,1,5200,paid
O01858,2026-08-31T10:40:00,espresso,espresso,1,4000,paid
O01859,2026-08-31T10:46:00,cafe_latte,cafe_latte,1,5200,paid
O01860,2026-08-31T10:10:00,americano,americano,1,4500,paid
O01861,2026-08-31T10:29:00,americano,americano,1,4500,paid
O01862,2026-08-31T10:17:00,cold_brew,cold_brew,1,5500,paid
O01863,2026-08-31T10:22:00,espresso,espresso,1,4000,paid
O01864,2026-08-31T10:40:00,iced_tea,iced_tea,1,4800,paid
O01865,2026-08-31T10:40:00,financier,financier,1,3500,paid
O01866,2026-08-31T10:10:00,cafe_latte,cafe_latte,1,5200,paid
O01867,2026-08-31T11:44:00,iced_tea,iced_tea,1,4800,paid
O01868,2026-08-31T11:22:00,cafe_latte,cafe_latte,1,5200,paid
O01869,2026-08-31T11:18:00,americano,americano,1,4500,paid
O01870,2026-08-31T11:58:00,croissant,croissant,1,4200,paid
O01871,2026-08-31T11:32:00,cafe_latte,cafe_latte,1,5200,paid
O01872,2026-08-31T11:35:00,strawberry_latte,strawberry_latte,1,6200,paid
O01873,2026-08-31T11:45:00,financier,financier,1,3500,paid
O01874,2026-08-31T11:58:00,cafe_latte,cafe_latte,1,5200,paid
O01875,2026-08-31T11:59:00,cafe_latte,cafe_latte,1,5200,paid
O01876,2026-08-31T12:08:00,iced_tea,iced_tea,1,4800,paid
O01877,2026-08-31T12:21:00,sandwich,sandwich,1,6800,paid
O01878,2026-08-31T12:52:00,iced_tea,iced_tea,1,4800,paid
O01879,2026-08-31T12:44:00,strawberry_latte,strawberry_latte,1,6200,paid
O01880,2026-08-31T12:13:00,strawberry_latte,strawberry_latte,1,6200,paid
O01881,2026-08-31T12:48:00,cafe_latte,cafe_latte,1,5200,paid
O01882,2026-08-31T12:30:00,cafe_latte,cafe_latte,1,5200,paid
O01883,2026-08-31T13:50:00,strawberry_latte,strawberry_latte,1,6200,paid
O01884,2026-08-31T13:07:00,sandwich,sandwich,1,6800,paid
O01885,2026-08-31T13:42:00,americano,americano,1,4500,paid
O01886,2026-08-31T13:58:00,cafe_latte,cafe_latte,1,5200,paid
O01887,2026-08-31T13:12:00,strawberry_latte,strawberry_latte,1,6200,paid
O01888,2026-08-31T13:09:00,cold_brew,cold_brew,1,5500,paid
O01889,2026-08-31T13:10:00,sandwich,sandwich,1,6800,paid
O01890,2026-08-31T13:36:00,sandwich,sandwich,1,6800,paid
O01891,2026-08-31T13:48:00,cafe_latte,cafe_latte,1,5200,paid
O01892,2026-08-31T13:12:00,financier,financier,1,3500,paid
O01893,2026-08-31T13:34:00,vanilla_latte,vanilla_latte,2,11400,paid
O01894,2026-08-31T13:58:00,cafe_latte,cafe_latte,2,10400,paid
O01895,2026-08-31T13:37:00,croissant,croissant,1,4200,paid
O01896,2026-08-31T13:06:00,croissant,croissant,1,4200,paid
O01897,2026-08-31T14:32:00,espresso,espresso,1,4000,paid
O01898,2026-08-31T14:20:00,espresso,espresso,1,4000,paid
O01899,2026-08-31T14:08:00,croissant,croissant,1,4200,paid
O01900,2026-08-31T14:35:00,cold_brew,cold_brew,1,5500,paid
O01901,2026-08-31T14:07:00,cafe_latte,cafe_latte,1,5200,paid
O01902,2026-08-31T14:47:00,iced_tea,iced_tea,1,4800,paid
O01903,2026-08-31T14:26:00,croissant,croissant,1,4200,paid
O01904,2026-08-31T14:04:00,espresso,espresso,1,4000,paid
O01905,2026-08-31T14:43:00,cold_brew,cold_brew,1,5500,paid
O01906,2026-08-31T14:33:00,cafe_latte,cafe_latte,1,5200,paid
O01907,2026-08-31T14:25:00,cafe_latte,cafe_latte,1,5200,paid
O01908,2026-08-31T15:12:00,vanilla_latte,vanilla_latte,1,5700,paid
O01909,2026-08-31T15:25:00,strawberry_latte,strawberry_latte,1,6200,paid
O01910,2026-08-31T15:46:00,strawberry_latte,strawberry_latte,1,6200,paid
O01911,2026-08-31T15:49:00,iced_tea,iced_tea,1,4800,paid
O01912,2026-08-31T15:50:00,sandwich,sandwich,1,6800,paid
O01913,2026-08-31T15:38:00,cold_brew,cold_brew,1,5500,paid
O01914,2026-08-31T15:09:00,croissant,croissant,1,4200,paid
O01915,2026-08-31T15:31:00,cafe_latte,cafe_latte,1,5200,paid
O01916,2026-08-31T15:08:00,strawberry_latte,strawberry_latte,1,6200,paid
O01917,2026-08-31T15:53:00,cafe_latte,cafe_latte,1,5200,paid
O01918,2026-08-31T15:11:00,croissant,croissant,1,4200,paid
O01919,2026-08-31T15:09:00,sandwich,sandwich,1,6800,paid
O01920,2026-08-31T15:48:00,sandwich,sandwich,1,6800,paid
O01921,2026-08-31T16:12:00,croissant,croissant,1,4200,paid
O01922,2026-08-31T16:16:00,croissant,croissant,1,4200,paid
O01923,2026-08-31T16:34:00,cold_brew,cold_brew,1,5500,paid
O01924,2026-08-31T16:02:00,americano,americano,2,9000,paid
O01925,2026-08-31T16:20:00,cafe_latte,cafe_latte,1,5200,paid
O01926,2026-08-31T16:02:00,croissant,croissant,1,4200,paid
O01927,2026-08-31T16:49:00,financier,financier,1,3500,paid
O01928,2026-08-31T16:08:00,vanilla_latte,vanilla_latte,1,5700,paid
O01929,2026-08-31T16:07:00,espresso,espresso,1,4000,paid
O01930,2026-08-31T16:43:00,croissant,croissant,1,4200,paid
O01931,2026-08-31T16:35:00,sandwich,sandwich,1,6800,paid
O01932,2026-08-31T17:31:00,americano,americano,1,4500,paid
O01933,2026-08-31T17:22:00,espresso,espresso,1,4000,paid
O01934,2026-08-31T17:37:00,cold_brew,cold_brew,1,5500,paid
O01935,2026-08-31T17:22:00,vanilla_latte,vanilla_latte,1,5700,paid
O01936,2026-08-31T17:40:00,americano,americano,1,4500,paid
O01937,2026-08-31T17:22:00,espresso,espresso,1,4000,paid
O01938,2026-08-31T17:42:00,espresso,espresso,1,4000,paid
O01939,2026-08-31T17:19:00,strawberry_latte,strawberry_latte,1,6200,paid
O01940,2026-08-31T17:04:00,cafe_latte,cafe_latte,2,10400,paid
O01941,2026-08-31T17:01:00,cafe_latte,cafe_latte,1,5200,paid
O01942,2026-08-31T17:42:00,cold_brew,cold_brew,1,5500,paid
O01943,2026-08-31T17:26:00,sandwich,sandwich,1,6800,paid
O01944,2026-08-31T17:37:00,americano,americano,1,4500,paid
O01945,2026-08-31T17:24:00,cold_brew,cold_brew,1,5500,paid
O01946,2026-08-31T18:43:00,croissant,croissant,1,4200,paid
O01947,2026-08-31T18:51:00,cold_brew,cold_brew,1,5500,paid
O01948,2026-08-31T18:23:00,vanilla_latte,vanilla_latte,1,5700,paid
O01949,2026-08-31T18:54:00,strawberry_latte,strawberry_latte,1,6200,paid
O01950,2026-08-31T18:16:00,financier,financier,1,3500,paid
O01951,2026-08-31T18:25:00,iced_tea,iced_tea,2,9600,paid
O01952,2026-08-31T18:05:00,sandwich,sandwich,1,6800,paid
O01953,2026-08-31T18:17:00,cafe_latte,cafe_latte,1,5200,paid
O01954,2026-08-31T19:22:00,croissant,croissant,1,4200,paid
O01955,2026-08-31T19:19:00,iced_tea,iced_tea,1,4800,paid
O01956,2026-08-31T19:26:00,financier,financier,1,3500,paid
O01957,2026-08-31T19:29:00,iced_tea,iced_tea,1,4800,paid
O01958,2026-08-31T19:40:00,vanilla_latte,vanilla_latte,1,5700,paid
O01959,2026-08-31T19:13:00,vanilla_latte,vanilla_latte,1,5700,paid
O01960,2026-08-31T19:34:00,iced_tea,iced_tea,2,9600,paid
O01961,2026-08-31T20:03:00,sandwich,sandwich,1,6800,paid
O01962,2026-08-31T20:09:00,strawberry_latte,strawberry_latte,1,6200,paid
O01963,2026-08-31T20:48:00,vanilla_latte,vanilla_latte,1,5700,paid
O01964,2026-08-31T20:55:00,espresso,espresso,1,4000,paid
O01965,2026-08-31T20:17:00,strawberry_latte,strawberry_latte,1,6200,paid
O01966,2026-08-31T20:38:00,vanilla_latte,vanilla_latte,1,5700,paid
O01967,2026-08-31T20:09:00,espresso,espresso,1,4000,paid
O01968,2026-08-31T20:52:00,americano,americano,1,4500,paid
O01969,2026-08-31T20:27:00,croissant,croissant,1,4200,paid
O01970,2026-08-31T20:17:00,americano,americano,1,4500,paid
O01971,2026-09-01T09:11:00,iced_tea,iced_tea,1,4800,paid
O01972,2026-09-01T09:03:00,croissant,croissant,1,4200,paid
O01973,2026-09-01T09:55:00,cold_brew,cold_brew,1,5500,paid
O01974,2026-09-01T09:42:00,espresso,espresso,1,4000,paid
O01975,2026-09-01T09:46:00,espresso,espresso,2,8000,paid
O01976,2026-09-01T09:47:00,strawberry_latte,strawberry_latte,1,6200,paid
O01977,2026-09-01T09:53:00,cafe_latte,cafe_latte,1,5200,paid
O01978,2026-09-01T10:05:00,iced_tea,iced_tea,1,4800,paid
O01979,2026-09-01T10:51:00,sandwich,sandwich,1,6800,paid
O01980,2026-09-01T10:47:00,cold_brew,cold_brew,1,5500,paid
O01981,2026-09-01T10:13:00,strawberry_latte,strawberry_latte,2,12400,paid
O01982,2026-09-01T10:17:00,cafe_latte,cafe_latte,1,5200,paid
O01983,2026-09-01T10:37:00,espresso,espresso,1,4000,paid
O01984,2026-09-01T10:44:00,croissant,croissant,1,4200,paid
O01985,2026-09-01T10:30:00,cold_brew,cold_brew,1,5500,paid
O01986,2026-09-01T10:59:00,iced_tea,iced_tea,1,4800,paid
O01987,2026-09-01T11:01:00,cold_brew,cold_brew,1,5500,paid
O01988,2026-09-01T11:42:00,americano,americano,1,4500,paid
O01989,2026-09-01T11:24:00,strawberry_latte,strawberry_latte,1,6200,paid
O01990,2026-09-01T11:43:00,cold_brew,cold_brew,2,11000,paid
O01991,2026-09-01T11:54:00,financier,financier,1,3500,paid
O01992,2026-09-01T11:25:00,espresso,espresso,1,4000,paid
O01993,2026-09-01T11:52:00,iced_tea,iced_tea,1,4800,paid
O01994,2026-09-01T12:10:00,strawberry_latte,strawberry_latte,1,6200,paid
O01995,2026-09-01T12:49:00,cold_brew,cold_brew,1,5500,paid
O01996,2026-09-01T12:05:00,americano,americano,1,4500,paid
O01997,2026-09-01T12:59:00,croissant,croissant,1,4200,paid
O01998,2026-09-01T12:52:00,espresso,espresso,1,4000,paid
O01999,2026-09-01T12:32:00,vanilla_latte,vanilla_latte,1,5700,paid
O02000,2026-09-01T12:46:00,cold_brew,cold_brew,1,5500,paid
O02001,2026-09-01T12:01:00,cold_brew,cold_brew,1,5500,paid
O02002,2026-09-01T12:50:00,vanilla_latte,vanilla_latte,1,5700,paid
O02003,2026-09-01T12:40:00,americano,americano,1,4500,paid
O02004,2026-09-01T13:15:00,cafe_latte,cafe_latte,1,5200,paid
O02005,2026-09-01T13:43:00,vanilla_latte,vanilla_latte,1,5700,paid
O02006,2026-09-01T13:55:00,cold_brew,cold_brew,1,5500,paid
O02007,2026-09-01T13:37:00,iced_tea,iced_tea,1,4800,paid
O02008,2026-09-01T13:26:00,iced_tea,iced_tea,1,4800,paid
O02009,2026-09-01T13:24:00,vanilla_latte,vanilla_latte,1,5700,paid
O02010,2026-09-01T13:01:00,strawberry_latte,strawberry_latte,1,6200,paid
O02011,2026-09-01T13:58:00,sandwich,sandwich,1,6800,paid
O02012,2026-09-01T13:44:00,croissant,croissant,1,4200,paid
O02013,2026-09-01T13:27:00,americano,americano,1,4500,paid
O02014,2026-09-01T13:23:00,iced_tea,iced_tea,1,4800,paid
O02015,2026-09-01T13:45:00,sandwich,sandwich,1,6800,paid
O02016,2026-09-01T14:45:00,croissant,croissant,1,4200,paid
O02017,2026-09-01T14:52:00,strawberry_latte,strawberry_latte,2,12400,paid
O02018,2026-09-01T14:24:00,iced_tea,iced_tea,1,4800,paid
O02019,2026-09-01T14:38:00,espresso,espresso,1,4000,paid
O02020,2026-09-01T14:12:00,iced_tea,iced_tea,1,4800,paid
O02021,2026-09-01T14:09:00,vanilla_latte,vanilla_latte,1,5700,paid
O02022,2026-09-01T14:15:00,iced_tea,iced_tea,2,9600,paid
O02023,2026-09-01T14:23:00,croissant,croissant,2,8400,paid
O02024,2026-09-01T14:30:00,croissant,croissant,1,4200,paid
O02025,2026-09-01T14:25:00,cold_brew,cold_brew,2,11000,paid
O02026,2026-09-01T14:47:00,espresso,espresso,1,4000,paid
O02027,2026-09-01T14:35:00,iced_tea,iced_tea,1,4800,paid
O02028,2026-09-01T14:15:00,americano,americano,1,4500,paid
O02029,2026-09-01T15:51:00,sandwich,sandwich,2,13600,paid
O02030,2026-09-01T15:32:00,americano,americano,1,4500,paid
O02031,2026-09-01T15:25:00,espresso,espresso,1,4000,paid
O02032,2026-09-01T15:35:00,vanilla_latte,vanilla_latte,2,11400,paid
O02033,2026-09-01T15:10:00,sandwich,sandwich,1,6800,paid
O02034,2026-09-01T15:56:00,croissant,croissant,2,8400,paid
O02035,2026-09-01T15:45:00,vanilla_latte,vanilla_latte,1,5700,paid
O02036,2026-09-01T15:07:00,espresso,espresso,1,4000,paid
O02037,2026-09-01T15:31:00,americano,americano,2,9000,paid
O02038,2026-09-01T15:18:00,cold_brew,cold_brew,2,11000,paid
O02039,2026-09-01T15:59:00,sandwich,sandwich,1,6800,paid
O02040,2026-09-01T15:57:00,financier,financier,1,3500,paid
O02041,2026-09-01T15:31:00,cold_brew,cold_brew,1,5500,paid
O02042,2026-09-01T16:42:00,financier,financier,1,3500,paid
O02043,2026-09-01T16:03:00,americano,americano,1,4500,paid
O02044,2026-09-01T16:16:00,vanilla_latte,vanilla_latte,1,5700,paid
O02045,2026-09-01T16:57:00,croissant,croissant,1,4200,paid
O02046,2026-09-01T16:45:00,americano,americano,1,4500,paid
O02047,2026-09-01T16:07:00,croissant,croissant,1,4200,paid
O02048,2026-09-01T16:13:00,cafe_latte,cafe_latte,1,5200,paid
O02049,2026-09-01T16:47:00,vanilla_latte,vanilla_latte,1,5700,paid
O02050,2026-09-01T16:42:00,iced_tea,iced_tea,1,4800,paid
O02051,2026-09-01T16:00:00,strawberry_latte,strawberry_latte,1,6200,paid
O02052,2026-09-01T16:58:00,sandwich,sandwich,1,6800,paid
O02053,2026-09-01T16:43:00,strawberry_latte,strawberry_latte,1,6200,paid
O02054,2026-09-01T16:43:00,cold_brew,cold_brew,1,5500,paid
O02055,2026-09-01T16:59:00,espresso,espresso,1,4000,paid
O02056,2026-09-01T17:29:00,vanilla_latte,vanilla_latte,1,5700,paid
O02057,2026-09-01T17:17:00,croissant,croissant,1,4200,paid
O02058,2026-09-01T17:02:00,americano,americano,1,4500,paid
O02059,2026-09-01T17:46:00,croissant,croissant,1,4200,paid
O02060,2026-09-01T17:03:00,vanilla_latte,vanilla_latte,1,5700,paid
O02061,2026-09-01T17:47:00,cold_brew,cold_brew,1,5500,paid
O02062,2026-09-01T17:24:00,financier,financier,2,7000,paid
O02063,2026-09-01T17:15:00,espresso,espresso,1,4000,paid
O02064,2026-09-01T17:13:00,cafe_latte,cafe_latte,1,5200,paid
O02065,2026-09-01T17:18:00,espresso,espresso,1,4000,paid
O02066,2026-09-01T17:51:00,cafe_latte,cafe_latte,1,5200,paid
O02067,2026-09-01T17:38:00,iced_tea,iced_tea,2,9600,paid
O02068,2026-09-01T17:53:00,cold_brew,cold_brew,1,5500,paid
O02069,2026-09-01T17:28:00,financier,financier,1,3500,paid
O02070,2026-09-01T17:38:00,croissant,croissant,1,4200,paid
O02071,2026-09-01T18:27:00,cold_brew,cold_brew,1,5500,paid
O02072,2026-09-01T18:21:00,cafe_latte,cafe_latte,1,5200,paid
O02073,2026-09-01T18:45:00,strawberry_latte,strawberry_latte,1,6200,paid
O02074,2026-09-01T18:41:00,croissant,croissant,1,4200,paid
O02075,2026-09-01T18:27:00,cafe_latte,cafe_latte,1,5200,paid
O02076,2026-09-01T18:08:00,croissant,croissant,1,4200,paid
O02077,2026-09-01T18:18:00,strawberry_latte,strawberry_latte,1,6200,paid
O02078,2026-09-01T18:58:00,americano,americano,1,4500,paid
O02079,2026-09-01T19:06:00,financier,financier,1,3500,paid
O02080,2026-09-01T19:22:00,sandwich,sandwich,1,6800,paid
O02081,2026-09-01T19:32:00,sandwich,sandwich,1,6800,paid
O02082,2026-09-01T19:29:00,cafe_latte,cafe_latte,1,5200,paid
O02083,2026-09-01T19:02:00,vanilla_latte,vanilla_latte,1,5700,paid
O02084,2026-09-01T19:19:00,espresso,espresso,1,4000,paid
O02085,2026-09-01T19:48:00,sandwich,sandwich,1,6800,paid
O02086,2026-09-01T20:58:00,iced_tea,iced_tea,1,4800,paid
O02087,2026-09-01T20:47:00,strawberry_latte,strawberry_latte,1,6200,paid
O02088,2026-09-01T20:06:00,iced_tea,iced_tea,1,4800,paid
O02089,2026-09-01T20:25:00,financier,financier,1,3500,paid
O02090,2026-09-01T20:30:00,americano,americano,1,4500,paid
O02091,2026-09-01T20:47:00,espresso,espresso,1,4000,paid
O02092,2026-09-01T20:52:00,croissant,croissant,1,4200,paid
O02093,2026-09-01T20:44:00,cold_brew,cold_brew,1,5500,paid
O02094,2026-09-01T20:08:00,iced_tea,iced_tea,1,4800,paid
O02095,2026-09-02T09:12:00,americano,americano,1,4500,paid
O02096,2026-09-02T09:09:00,strawberry_latte,strawberry_latte,1,6200,paid
O02097,2026-09-02T09:54:00,espresso,espresso,1,4000,paid
O02098,2026-09-02T09:49:00,strawberry_latte,strawberry_latte,1,6200,paid
O02099,2026-09-02T09:01:00,vanilla_latte,vanilla_latte,1,5700,paid
O02100,2026-09-02T09:47:00,vanilla_latte,vanilla_latte,2,11400,paid
O02101,2026-09-02T09:55:00,croissant,croissant,1,4200,paid
O02102,2026-09-02T10:53:00,strawberry_latte,strawberry_latte,1,6200,paid
O02103,2026-09-02T10:06:00,americano,americano,1,4500,paid
O02104,2026-09-02T10:47:00,espresso,espresso,1,4000,paid
O02105,2026-09-02T10:18:00,sandwich,sandwich,1,6800,paid
O02106,2026-09-02T10:32:00,croissant,croissant,1,4200,paid
O02107,2026-09-02T10:57:00,sandwich,sandwich,2,13600,paid
O02108,2026-09-02T10:33:00,strawberry_latte,strawberry_latte,1,6200,paid
O02109,2026-09-02T10:35:00,espresso,espresso,1,4000,paid
O02110,2026-09-02T11:39:00,croissant,croissant,1,4200,paid
O02111,2026-09-02T11:01:00,croissant,croissant,1,4200,paid
O02112,2026-09-02T11:30:00,iced_tea,iced_tea,1,4800,paid
O02113,2026-09-02T11:14:00,croissant,croissant,1,4200,paid
O02114,2026-09-02T11:54:00,cold_brew,cold_brew,2,11000,paid
O02115,2026-09-02T11:46:00,vanilla_latte,vanilla_latte,1,5700,paid
O02116,2026-09-02T11:43:00,espresso,espresso,1,4000,paid
O02117,2026-09-02T12:54:00,croissant,croissant,1,4200,paid
O02118,2026-09-02T12:44:00,sandwich,sandwich,1,6800,paid
O02119,2026-09-02T12:12:00,croissant,croissant,1,4200,paid
O02120,2026-09-02T12:50:00,sandwich,sandwich,1,6800,paid
O02121,2026-09-02T12:13:00,croissant,croissant,1,4200,paid
O02122,2026-09-02T12:22:00,americano,americano,2,9000,paid
O02123,2026-09-02T12:11:00,cold_brew,cold_brew,1,5500,paid
O02124,2026-09-02T12:21:00,americano,americano,1,4500,paid
O02125,2026-09-02T12:07:00,cafe_latte,cafe_latte,1,5200,paid
O02126,2026-09-02T13:50:00,iced_tea,iced_tea,2,9600,paid
O02127,2026-09-02T13:35:00,americano,americano,1,4500,paid
O02128,2026-09-02T13:55:00,vanilla_latte,vanilla_latte,1,5700,paid
O02129,2026-09-02T13:45:00,sandwich,sandwich,1,6800,paid
O02130,2026-09-02T13:53:00,croissant,croissant,1,4200,paid
O02131,2026-09-02T13:39:00,cafe_latte,cafe_latte,1,5200,paid
O02132,2026-09-02T13:06:00,financier,financier,1,3500,paid
O02133,2026-09-02T13:58:00,cafe_latte,cafe_latte,1,5200,paid
O02134,2026-09-02T13:45:00,vanilla_latte,vanilla_latte,1,5700,paid
O02135,2026-09-02T13:55:00,financier,financier,1,3500,paid
O02136,2026-09-02T13:21:00,vanilla_latte,vanilla_latte,1,5700,paid
O02137,2026-09-02T13:28:00,cafe_latte,cafe_latte,1,5200,paid
O02138,2026-09-02T13:51:00,americano,americano,1,4500,paid
O02139,2026-09-02T14:17:00,financier,financier,1,3500,paid
O02140,2026-09-02T14:42:00,espresso,espresso,1,4000,paid
O02141,2026-09-02T14:33:00,vanilla_latte,vanilla_latte,1,5700,paid
O02142,2026-09-02T14:27:00,strawberry_latte,strawberry_latte,1,6200,paid
O02143,2026-09-02T14:54:00,espresso,espresso,1,4000,paid
O02144,2026-09-02T14:28:00,cold_brew,cold_brew,2,11000,paid
O02145,2026-09-02T14:33:00,americano,americano,1,4500,paid
O02146,2026-09-02T14:25:00,cafe_latte,cafe_latte,1,5200,paid
O02147,2026-09-02T14:48:00,espresso,espresso,1,4000,paid
O02148,2026-09-02T14:03:00,vanilla_latte,vanilla_latte,2,11400,paid
O02149,2026-09-02T14:56:00,iced_tea,iced_tea,1,4800,paid
O02150,2026-09-02T14:20:00,iced_tea,iced_tea,1,4800,paid
O02151,2026-09-02T14:57:00,americano,americano,1,4500,paid
O02152,2026-09-02T15:13:00,espresso,espresso,1,4000,paid
O02153,2026-09-02T15:41:00,sandwich,sandwich,1,6800,paid
O02154,2026-09-02T15:50:00,cold_brew,cold_brew,1,5500,paid
O02155,2026-09-02T15:05:00,strawberry_latte,strawberry_latte,1,6200,paid
O02156,2026-09-02T15:46:00,financier,financier,1,3500,paid
O02157,2026-09-02T15:18:00,financier,financier,2,7000,paid
O02158,2026-09-02T15:19:00,cafe_latte,cafe_latte,1,5200,paid
O02159,2026-09-02T15:10:00,cold_brew,cold_brew,1,5500,paid
O02160,2026-09-02T15:34:00,americano,americano,1,4500,paid
O02161,2026-09-02T15:49:00,iced_tea,iced_tea,1,4800,paid
O02162,2026-09-02T15:07:00,espresso,espresso,2,8000,paid
O02163,2026-09-02T15:32:00,cold_brew,cold_brew,1,5500,paid
O02164,2026-09-02T15:41:00,cafe_latte,cafe_latte,1,5200,paid
O02165,2026-09-02T16:00:00,iced_tea,iced_tea,1,4800,paid
O02166,2026-09-02T16:51:00,cold_brew,cold_brew,2,11000,paid
O02167,2026-09-02T16:40:00,sandwich,sandwich,1,6800,paid
O02168,2026-09-02T16:19:00,sandwich,sandwich,1,6800,paid
O02169,2026-09-02T16:45:00,sandwich,sandwich,1,6800,paid
O02170,2026-09-02T16:06:00,financier,financier,1,3500,paid
O02171,2026-09-02T16:52:00,financier,financier,1,3500,paid
O02172,2026-09-02T16:45:00,croissant,croissant,1,4200,paid
O02173,2026-09-02T16:03:00,espresso,espresso,1,4000,paid
O02174,2026-09-02T16:28:00,vanilla_latte,vanilla_latte,1,5700,paid
O02175,2026-09-02T16:25:00,cold_brew,cold_brew,1,5500,paid
O02176,2026-09-02T16:25:00,financier,financier,1,3500,paid
O02177,2026-09-02T16:27:00,sandwich,sandwich,1,6800,paid
O02178,2026-09-02T16:26:00,croissant,croissant,1,4200,paid
O02179,2026-09-02T17:45:00,financier,financier,1,3500,paid
O02180,2026-09-02T17:32:00,vanilla_latte,vanilla_latte,2,11400,paid
O02181,2026-09-02T17:29:00,cafe_latte,cafe_latte,1,5200,paid
O02182,2026-09-02T17:35:00,americano,americano,1,4500,paid
O02183,2026-09-02T17:26:00,cafe_latte,cafe_latte,1,5200,paid
O02184,2026-09-02T17:18:00,cafe_latte,cafe_latte,1,5200,paid
O02185,2026-09-02T17:23:00,financier,financier,1,3500,paid
O02186,2026-09-02T17:31:00,cold_brew,cold_brew,1,5500,paid
O02187,2026-09-02T17:37:00,vanilla_latte,vanilla_latte,1,5700,paid
O02188,2026-09-02T17:19:00,americano,americano,2,9000,paid
O02189,2026-09-02T17:47:00,strawberry_latte,strawberry_latte,1,6200,paid
O02190,2026-09-02T17:22:00,americano,americano,1,4500,paid
O02191,2026-09-02T17:36:00,americano,americano,1,4500,paid
O02192,2026-09-02T17:21:00,sandwich,sandwich,1,6800,paid
O02193,2026-09-02T18:08:00,sandwich,sandwich,1,6800,paid
O02194,2026-09-02T18:42:00,croissant,croissant,1,4200,paid
O02195,2026-09-02T18:20:00,vanilla_latte,vanilla_latte,1,5700,paid
O02196,2026-09-02T18:26:00,sandwich,sandwich,1,6800,paid
O02197,2026-09-02T18:21:00,strawberry_latte,strawberry_latte,2,12400,paid
O02198,2026-09-02T18:56:00,americano,americano,2,9000,paid
O02199,2026-09-02T18:55:00,iced_tea,iced_tea,1,4800,paid
O02200,2026-09-02T18:50:00,americano,americano,1,4500,paid
O02201,2026-09-02T18:41:00,financier,financier,1,3500,paid
O02202,2026-09-02T18:39:00,cafe_latte,cafe_latte,1,5200,paid
O02203,2026-09-02T19:48:00,sandwich,sandwich,1,6800,paid
O02204,2026-09-02T19:07:00,financier,financier,1,3500,paid
O02205,2026-09-02T19:17:00,vanilla_latte,vanilla_latte,2,11400,paid
O02206,2026-09-02T19:53:00,strawberry_latte,strawberry_latte,1,6200,paid
O02207,2026-09-02T19:34:00,croissant,croissant,1,4200,paid
O02208,2026-09-02T19:02:00,cold_brew,cold_brew,1,5500,paid
O02209,2026-09-02T19:11:00,americano,americano,1,4500,paid
O02210,2026-09-02T19:20:00,americano,americano,1,4500,paid
O02211,2026-09-02T19:06:00,iced_tea,iced_tea,1,4800,paid
O02212,2026-09-02T20:49:00,vanilla_latte,vanilla_latte,1,5700,paid
O02213,2026-09-02T20:26:00,vanilla_latte,vanilla_latte,1,5700,paid
O02214,2026-09-02T20:20:00,americano,americano,1,4500,paid
O02215,2026-09-02T20:19:00,americano,americano,1,4500,paid
O02216,2026-09-02T20:26:00,cafe_latte,cafe_latte,1,5200,paid
O02217,2026-09-02T20:52:00,iced_tea,iced_tea,1,4800,paid
O02218,2026-09-02T20:48:00,americano,americano,1,4500,paid
O02219,2026-09-02T20:32:00,sandwich,sandwich,1,6800,paid
O02220,2026-09-02T20:17:00,espresso,espresso,2,8000,paid
O02221,2026-09-03T09:30:00,financier,financier,1,3500,paid
O02222,2026-09-03T09:58:00,espresso,espresso,1,4000,paid
O02223,2026-09-03T09:37:00,iced_tea,iced_tea,1,4800,paid
O02224,2026-09-03T09:41:00,strawberry_latte,strawberry_latte,1,6200,paid
O02225,2026-09-03T09:28:00,iced_tea,iced_tea,1,4800,paid
O02226,2026-09-03T09:09:00,financier,financier,1,3500,paid
O02227,2026-09-03T09:50:00,financier,financier,2,7000,paid
O02228,2026-09-03T10:00:00,financier,financier,1,3500,paid
O02229,2026-09-03T10:10:00,sandwich,sandwich,1,6800,paid
O02230,2026-09-03T10:30:00,americano,americano,2,9000,paid
O02231,2026-09-03T10:43:00,sandwich,sandwich,1,6800,paid
O02232,2026-09-03T10:13:00,cold_brew,cold_brew,1,5500,paid
O02233,2026-09-03T10:10:00,financier,financier,1,3500,paid
O02234,2026-09-03T10:05:00,sandwich,sandwich,1,6800,paid
O02235,2026-09-03T11:17:00,vanilla_latte,vanilla_latte,1,5700,paid
O02236,2026-09-03T11:51:00,strawberry_latte,strawberry_latte,1,6200,paid
O02237,2026-09-03T11:48:00,cold_brew,cold_brew,1,5500,paid
O02238,2026-09-03T11:20:00,iced_tea,iced_tea,1,4800,paid
O02239,2026-09-03T11:38:00,strawberry_latte,strawberry_latte,1,6200,paid
O02240,2026-09-03T11:08:00,americano,americano,2,9000,paid
O02241,2026-09-03T11:57:00,sandwich,sandwich,1,6800,paid
O02242,2026-09-03T11:57:00,vanilla_latte,vanilla_latte,1,5700,paid
O02243,2026-09-03T12:50:00,espresso,espresso,1,4000,paid
O02244,2026-09-03T12:53:00,financier,financier,1,3500,paid
O02245,2026-09-03T12:52:00,cafe_latte,cafe_latte,1,5200,paid
O02246,2026-09-03T12:11:00,sandwich,sandwich,1,6800,paid
O02247,2026-09-03T12:59:00,cafe_latte,cafe_latte,1,5200,paid
O02248,2026-09-03T12:47:00,croissant,croissant,1,4200,paid
O02249,2026-09-03T12:45:00,iced_tea,iced_tea,1,4800,paid
O02250,2026-09-03T12:39:00,strawberry_latte,strawberry_latte,1,6200,paid
O02251,2026-09-03T12:31:00,strawberry_latte,strawberry_latte,1,6200,paid
O02252,2026-09-03T13:45:00,iced_tea,iced_tea,1,4800,paid
O02253,2026-09-03T13:52:00,strawberry_latte,strawberry_latte,1,6200,paid
O02254,2026-09-03T13:36:00,cafe_latte,cafe_latte,1,5200,paid
O02255,2026-09-03T13:12:00,croissant,croissant,1,4200,paid
O02256,2026-09-03T13:04:00,sandwich,sandwich,1,6800,paid
O02257,2026-09-03T13:08:00,vanilla_latte,vanilla_latte,1,5700,paid
O02258,2026-09-03T13:56:00,sandwich,sandwich,1,6800,paid
O02259,2026-09-03T13:43:00,iced_tea,iced_tea,1,4800,paid
O02260,2026-09-03T13:43:00,financier,financier,1,3500,paid
O02261,2026-09-03T13:27:00,croissant,croissant,1,4200,paid
O02262,2026-09-03T13:26:00,cold_brew,cold_brew,1,5500,paid
O02263,2026-09-03T13:29:00,cafe_latte,cafe_latte,1,5200,paid
O02264,2026-09-03T13:02:00,cold_brew,cold_brew,1,5500,paid
O02265,2026-09-03T13:26:00,americano,americano,1,4500,paid
O02266,2026-09-03T13:25:00,croissant,croissant,1,4200,paid
O02267,2026-09-03T14:47:00,sandwich,sandwich,1,6800,paid
O02268,2026-09-03T14:58:00,espresso,espresso,2,8000,paid
O02269,2026-09-03T14:19:00,strawberry_latte,strawberry_latte,1,6200,paid
O02270,2026-09-03T14:27:00,cafe_latte,cafe_latte,1,5200,paid
O02271,2026-09-03T14:59:00,sandwich,sandwich,1,6800,paid
O02272,2026-09-03T14:30:00,iced_tea,iced_tea,1,4800,paid
O02273,2026-09-03T14:52:00,cold_brew,cold_brew,1,5500,paid
O02274,2026-09-03T14:04:00,financier,financier,1,3500,paid
O02275,2026-09-03T14:06:00,sandwich,sandwich,1,6800,paid
O02276,2026-09-03T14:03:00,sandwich,sandwich,1,6800,paid
O02277,2026-09-03T14:54:00,espresso,espresso,1,4000,paid
O02278,2026-09-03T15:28:00,americano,americano,2,9000,paid
O02279,2026-09-03T15:27:00,iced_tea,iced_tea,1,4800,paid
O02280,2026-09-03T15:35:00,cafe_latte,cafe_latte,1,5200,paid
O02281,2026-09-03T15:25:00,iced_tea,iced_tea,1,4800,paid
O02282,2026-09-03T15:14:00,sandwich,sandwich,1,6800,paid
O02283,2026-09-03T15:24:00,sandwich,sandwich,1,6800,paid
O02284,2026-09-03T15:39:00,espresso,espresso,1,4000,paid
O02285,2026-09-03T15:43:00,cold_brew,cold_brew,1,5500,paid
O02286,2026-09-03T15:37:00,croissant,croissant,1,4200,paid
O02287,2026-09-03T15:38:00,cafe_latte,cafe_latte,1,5200,paid
O02288,2026-09-03T15:12:00,sandwich,sandwich,1,6800,paid
O02289,2026-09-03T15:16:00,vanilla_latte,vanilla_latte,1,5700,paid
O02290,2026-09-03T15:39:00,espresso,espresso,1,4000,paid
O02291,2026-09-03T16:03:00,vanilla_latte,vanilla_latte,1,5700,paid
O02292,2026-09-03T16:32:00,iced_tea,iced_tea,1,4800,paid
O02293,2026-09-03T16:34:00,iced_tea,iced_tea,1,4800,paid
O02294,2026-09-03T16:38:00,vanilla_latte,vanilla_latte,1,5700,paid
O02295,2026-09-03T16:00:00,iced_tea,iced_tea,1,4800,paid
O02296,2026-09-03T16:09:00,sandwich,sandwich,1,6800,paid
O02297,2026-09-03T16:53:00,strawberry_latte,strawberry_latte,1,6200,paid
O02298,2026-09-03T16:12:00,americano,americano,1,4500,paid
O02299,2026-09-03T16:21:00,strawberry_latte,strawberry_latte,1,6200,paid
O02300,2026-09-03T16:29:00,croissant,croissant,1,4200,paid
O02301,2026-09-03T16:36:00,cold_brew,cold_brew,1,5500,paid
O02302,2026-09-03T16:21:00,sandwich,sandwich,1,6800,paid
O02303,2026-09-03T17:58:00,americano,americano,1,4500,paid
O02304,2026-09-03T17:29:00,strawberry_latte,strawberry_latte,1,6200,paid
O02305,2026-09-03T17:47:00,strawberry_latte,strawberry_latte,1,6200,paid
O02306,2026-09-03T17:11:00,espresso,espresso,1,4000,paid
O02307,2026-09-03T17:22:00,cold_brew,cold_brew,1,5500,paid
O02308,2026-09-03T17:18:00,financier,financier,1,3500,paid
O02309,2026-09-03T17:58:00,strawberry_latte,strawberry_latte,1,6200,paid
O02310,2026-09-03T17:12:00,americano,americano,2,9000,paid
O02311,2026-09-03T17:56:00,iced_tea,iced_tea,1,4800,paid
O02312,2026-09-03T17:35:00,vanilla_latte,vanilla_latte,1,5700,paid
O02313,2026-09-03T17:11:00,vanilla_latte,vanilla_latte,1,5700,paid
O02314,2026-09-03T18:08:00,americano,americano,1,4500,paid
O02315,2026-09-03T18:13:00,cafe_latte,cafe_latte,1,5200,paid
O02316,2026-09-03T18:51:00,croissant,croissant,1,4200,paid
O02317,2026-09-03T18:51:00,vanilla_latte,vanilla_latte,2,11400,paid
O02318,2026-09-03T18:04:00,espresso,espresso,1,4000,paid
O02319,2026-09-03T18:08:00,vanilla_latte,vanilla_latte,1,5700,paid
O02320,2026-09-03T18:44:00,strawberry_latte,strawberry_latte,1,6200,paid
O02321,2026-09-03T18:40:00,cold_brew,cold_brew,1,5500,paid
O02322,2026-09-03T18:37:00,americano,americano,1,4500,paid
O02323,2026-09-03T18:09:00,financier,financier,1,3500,paid
O02324,2026-09-03T19:54:00,iced_tea,iced_tea,1,4800,paid
O02325,2026-09-03T19:13:00,sandwich,sandwich,1,6800,paid
O02326,2026-09-03T19:39:00,croissant,croissant,1,4200,paid
O02327,2026-09-03T19:48:00,vanilla_latte,vanilla_latte,1,5700,paid
O02328,2026-09-03T19:29:00,cold_brew,cold_brew,1,5500,paid
O02329,2026-09-03T19:33:00,cold_brew,cold_brew,1,5500,paid
O02330,2026-09-03T19:37:00,croissant,croissant,1,4200,paid
O02331,2026-09-03T19:13:00,sandwich,sandwich,1,6800,paid
O02332,2026-09-03T20:25:00,croissant,croissant,1,4200,paid
O02333,2026-09-03T20:24:00,iced_tea,iced_tea,1,4800,paid
O02334,2026-09-03T20:23:00,vanilla_latte,vanilla_latte,2,11400,paid
O02335,2026-09-03T20:48:00,financier,financier,1,3500,paid
O02336,2026-09-03T20:22:00,iced_tea,iced_tea,1,4800,paid
O02337,2026-09-03T20:32:00,sandwich,sandwich,1,6800,paid
O02338,2026-09-03T20:29:00,cold_brew,cold_brew,1,5500,paid
O02339,2026-09-04T09:24:00,croissant,croissant,1,4200,paid
O02340,2026-09-04T09:16:00,vanilla_latte,vanilla_latte,1,5700,paid
O02341,2026-09-04T09:18:00,cold_brew,cold_brew,2,11000,paid
O02342,2026-09-04T09:05:00,financier,financier,1,3500,paid
O02343,2026-09-04T09:04:00,strawberry_latte,strawberry_latte,1,6200,paid
O02344,2026-09-04T09:21:00,americano,americano,1,4500,paid
O02345,2026-09-04T09:47:00,cold_brew,cold_brew,1,5500,paid
O02346,2026-09-04T09:08:00,strawberry_latte,strawberry_latte,1,6200,paid
O02347,2026-09-04T10:19:00,iced_tea,iced_tea,1,4800,paid
O02348,2026-09-04T10:25:00,cold_brew,cold_brew,1,5500,paid
O02349,2026-09-04T10:00:00,sandwich,sandwich,1,6800,paid
O02350,2026-09-04T10:09:00,financier,financier,2,7000,paid
O02351,2026-09-04T10:47:00,strawberry_latte,strawberry_latte,1,6200,paid
O02352,2026-09-04T10:37:00,croissant,croissant,1,4200,paid
O02353,2026-09-04T10:29:00,croissant,croissant,1,4200,paid
O02354,2026-09-04T10:12:00,cafe_latte,cafe_latte,1,5200,paid
O02355,2026-09-04T10:28:00,espresso,espresso,1,4000,paid
O02356,2026-09-04T10:36:00,americano,americano,1,4500,paid
O02357,2026-09-04T11:42:00,americano,americano,1,4500,paid
O02358,2026-09-04T11:27:00,cold_brew,cold_brew,1,5500,paid
O02359,2026-09-04T11:37:00,financier,financier,1,3500,paid
O02360,2026-09-04T11:59:00,sandwich,sandwich,1,6800,paid
O02361,2026-09-04T11:21:00,vanilla_latte,vanilla_latte,2,11400,paid
O02362,2026-09-04T11:36:00,sandwich,sandwich,2,13600,paid
O02363,2026-09-04T11:25:00,espresso,espresso,1,4000,paid
O02364,2026-09-04T11:30:00,financier,financier,1,3500,paid
O02365,2026-09-04T11:28:00,cold_brew,cold_brew,1,5500,paid
O02366,2026-09-04T11:43:00,cafe_latte,cafe_latte,1,5200,paid
O02367,2026-09-04T12:11:00,sandwich,sandwich,1,6800,paid
O02368,2026-09-04T12:24:00,cafe_latte,cafe_latte,2,10400,paid
O02369,2026-09-04T12:42:00,strawberry_latte,strawberry_latte,1,6200,paid
O02370,2026-09-04T12:23:00,cafe_latte,cafe_latte,1,5200,paid
O02371,2026-09-04T12:55:00,americano,americano,1,4500,paid
O02372,2026-09-04T12:07:00,espresso,espresso,1,4000,paid
O02373,2026-09-04T12:47:00,financier,financier,1,3500,paid
O02374,2026-09-04T12:55:00,espresso,espresso,2,8000,paid
O02375,2026-09-04T12:19:00,vanilla_latte,vanilla_latte,1,5700,paid
O02376,2026-09-04T13:19:00,vanilla_latte,vanilla_latte,1,5700,paid
O02377,2026-09-04T13:43:00,strawberry_latte,strawberry_latte,1,6200,paid
O02378,2026-09-04T13:09:00,iced_tea,iced_tea,1,4800,paid
O02379,2026-09-04T13:38:00,cafe_latte,cafe_latte,1,5200,paid
O02380,2026-09-04T13:36:00,financier,financier,1,3500,paid
O02381,2026-09-04T13:02:00,croissant,croissant,1,4200,paid
O02382,2026-09-04T13:58:00,iced_tea,iced_tea,1,4800,paid
O02383,2026-09-04T13:45:00,cold_brew,cold_brew,1,5500,paid
O02384,2026-09-04T13:51:00,espresso,espresso,1,4000,paid
O02385,2026-09-04T13:57:00,espresso,espresso,1,4000,paid
O02386,2026-09-04T13:58:00,espresso,espresso,1,4000,paid
O02387,2026-09-04T13:44:00,sandwich,sandwich,1,6800,paid
O02388,2026-09-04T14:40:00,vanilla_latte,vanilla_latte,1,5700,paid
O02389,2026-09-04T14:04:00,iced_tea,iced_tea,1,4800,paid
O02390,2026-09-04T14:48:00,croissant,croissant,1,4200,paid
O02391,2026-09-04T14:04:00,cafe_latte,cafe_latte,2,10400,paid
O02392,2026-09-04T14:20:00,financier,financier,1,3500,paid
O02393,2026-09-04T14:13:00,croissant,croissant,1,4200,paid
O02394,2026-09-04T14:04:00,americano,americano,1,4500,paid
O02395,2026-09-04T14:25:00,espresso,espresso,1,4000,paid
O02396,2026-09-04T14:16:00,espresso,espresso,1,4000,paid
O02397,2026-09-04T14:47:00,vanilla_latte,vanilla_latte,1,5700,paid
O02398,2026-09-04T14:05:00,croissant,croissant,1,4200,paid
O02399,2026-09-04T14:28:00,strawberry_latte,strawberry_latte,1,6200,paid
O02400,2026-09-04T14:53:00,croissant,croissant,1,4200,paid
O02401,2026-09-04T14:38:00,vanilla_latte,vanilla_latte,1,5700,paid
O02402,2026-09-04T15:25:00,cafe_latte,cafe_latte,1,5200,paid
O02403,2026-09-04T15:00:00,cafe_latte,cafe_latte,1,5200,paid
O02404,2026-09-04T15:11:00,vanilla_latte,vanilla_latte,1,5700,paid
O02405,2026-09-04T15:34:00,americano,americano,1,4500,paid
O02406,2026-09-04T15:53:00,croissant,croissant,1,4200,paid
O02407,2026-09-04T15:19:00,cafe_latte,cafe_latte,1,5200,paid
O02408,2026-09-04T15:03:00,americano,americano,1,4500,paid
O02409,2026-09-04T15:23:00,strawberry_latte,strawberry_latte,2,12400,paid
O02410,2026-09-04T15:26:00,strawberry_latte,strawberry_latte,1,6200,paid
O02411,2026-09-04T15:12:00,americano,americano,1,4500,paid
O02412,2026-09-04T15:06:00,strawberry_latte,strawberry_latte,2,12400,paid
O02413,2026-09-04T16:32:00,vanilla_latte,vanilla_latte,1,5700,paid
O02414,2026-09-04T16:40:00,cold_brew,cold_brew,1,5500,paid
O02415,2026-09-04T16:34:00,sandwich,sandwich,1,6800,paid
O02416,2026-09-04T16:13:00,espresso,espresso,1,4000,paid
O02417,2026-09-04T16:00:00,cold_brew,cold_brew,1,5500,paid
O02418,2026-09-04T16:13:00,cold_brew,cold_brew,1,5500,paid
O02419,2026-09-04T16:52:00,strawberry_latte,strawberry_latte,1,6200,paid
O02420,2026-09-04T16:04:00,sandwich,sandwich,1,6800,paid
O02421,2026-09-04T16:38:00,espresso,espresso,1,4000,paid
O02422,2026-09-04T16:50:00,cafe_latte,cafe_latte,1,5200,paid
O02423,2026-09-04T16:06:00,vanilla_latte,vanilla_latte,1,5700,paid
O02424,2026-09-04T16:44:00,cold_brew,cold_brew,2,11000,paid
O02425,2026-09-04T16:40:00,vanilla_latte,vanilla_latte,1,5700,paid
O02426,2026-09-04T16:01:00,croissant,croissant,1,4200,paid
O02427,2026-09-04T17:40:00,croissant,croissant,1,4200,paid
O02428,2026-09-04T17:00:00,financier,financier,1,3500,paid
O02429,2026-09-04T17:57:00,americano,americano,1,4500,paid
O02430,2026-09-04T17:27:00,iced_tea,iced_tea,1,4800,paid
O02431,2026-09-04T17:08:00,sandwich,sandwich,1,6800,paid
O02432,2026-09-04T17:09:00,croissant,croissant,1,4200,paid
O02433,2026-09-04T17:15:00,strawberry_latte,strawberry_latte,1,6200,paid
O02434,2026-09-04T17:21:00,croissant,croissant,1,4200,paid
O02435,2026-09-04T17:50:00,iced_tea,iced_tea,1,4800,paid
O02436,2026-09-04T17:26:00,financier,financier,1,3500,paid
O02437,2026-09-04T17:46:00,americano,americano,1,4500,paid
O02438,2026-09-04T17:34:00,cold_brew,cold_brew,1,5500,paid
O02439,2026-09-04T17:44:00,strawberry_latte,strawberry_latte,1,6200,paid
O02440,2026-09-04T18:11:00,espresso,espresso,1,4000,paid
O02441,2026-09-04T18:31:00,americano,americano,1,4500,paid
O02442,2026-09-04T18:09:00,strawberry_latte,strawberry_latte,1,6200,paid
O02443,2026-09-04T18:37:00,vanilla_latte,vanilla_latte,1,5700,paid
O02444,2026-09-04T18:05:00,strawberry_latte,strawberry_latte,1,6200,paid
O02445,2026-09-04T18:46:00,croissant,croissant,1,4200,paid
O02446,2026-09-04T18:38:00,strawberry_latte,strawberry_latte,1,6200,paid
O02447,2026-09-04T18:28:00,iced_tea,iced_tea,1,4800,paid
O02448,2026-09-04T18:30:00,iced_tea,iced_tea,1,4800,paid
O02449,2026-09-04T19:30:00,espresso,espresso,1,4000,paid
O02450,2026-09-04T19:47:00,espresso,espresso,1,4000,paid
O02451,2026-09-04T19:50:00,vanilla_latte,vanilla_latte,1,5700,paid
O02452,2026-09-04T19:27:00,americano,americano,1,4500,paid
O02453,2026-09-04T19:09:00,iced_tea,iced_tea,1,4800,paid
O02454,2026-09-04T19:29:00,vanilla_latte,vanilla_latte,1,5700,paid
O02455,2026-09-04T19:35:00,croissant,croissant,1,4200,paid
O02456,2026-09-04T20:30:00,cold_brew,cold_brew,1,5500,paid
O02457,2026-09-04T20:00:00,vanilla_latte,vanilla_latte,2,11400,paid
O02458,2026-09-04T20:23:00,financier,financier,1,3500,paid
O02459,2026-09-04T20:25:00,espresso,espresso,2,8000,paid
O02460,2026-09-04T20:41:00,espresso,espresso,1,4000,paid
O02461,2026-09-04T20:02:00,cafe_latte,cafe_latte,1,5200,paid
O02462,2026-09-04T20:10:00,espresso,espresso,2,8000,paid
O02463,2026-09-04T20:49:00,espresso,espresso,2,8000,paid
O02464,2026-09-04T20:40:00,financier,financier,1,3500,paid
O02465,2026-09-05T09:47:00,espresso,espresso,2,8000,paid
O02466,2026-09-05T09:58:00,strawberry_latte,strawberry_latte,1,6200,paid
O02467,2026-09-05T09:41:00,americano,americano,1,4500,paid
O02468,2026-09-05T09:43:00,iced_tea,iced_tea,1,4800,paid
O02469,2026-09-05T09:37:00,iced_tea,iced_tea,1,4800,paid
O02470,2026-09-05T09:05:00,americano,americano,1,4500,paid
O02471,2026-09-05T09:57:00,espresso,espresso,1,4000,paid
O02472,2026-09-05T09:56:00,financier,financier,2,7000,paid
O02473,2026-09-05T09:16:00,vanilla_latte,vanilla_latte,1,5700,paid
O02474,2026-09-05T09:42:00,financier,financier,2,7000,paid
O02475,2026-09-05T09:26:00,sandwich,sandwich,1,6800,paid
O02476,2026-09-05T10:49:00,cafe_latte,cafe_latte,1,5200,paid
O02477,2026-09-05T10:13:00,vanilla_latte,vanilla_latte,1,5700,paid
O02478,2026-09-05T10:10:00,iced_tea,iced_tea,1,4800,paid
O02479,2026-09-05T10:49:00,americano,americano,1,4500,paid
O02480,2026-09-05T10:18:00,financier,financier,1,3500,paid
O02481,2026-09-05T10:11:00,vanilla_latte,vanilla_latte,1,5700,paid
O02482,2026-09-05T10:32:00,strawberry_latte,strawberry_latte,1,6200,paid
O02483,2026-09-05T10:13:00,croissant,croissant,1,4200,paid
O02484,2026-09-05T10:11:00,strawberry_latte,strawberry_latte,1,6200,paid
O02485,2026-09-05T10:55:00,iced_tea,iced_tea,2,9600,paid
O02486,2026-09-05T10:39:00,croissant,croissant,1,4200,paid
O02487,2026-09-05T10:05:00,vanilla_latte,vanilla_latte,1,5700,paid
O02488,2026-09-05T11:37:00,cafe_latte,cafe_latte,1,5200,paid
O02489,2026-09-05T11:48:00,croissant,croissant,1,4200,paid
O02490,2026-09-05T11:48:00,americano,americano,1,4500,paid
O02491,2026-09-05T11:02:00,sandwich,sandwich,1,6800,paid
O02492,2026-09-05T11:00:00,strawberry_latte,strawberry_latte,1,6200,paid
O02493,2026-09-05T11:48:00,sandwich,sandwich,1,6800,paid
O02494,2026-09-05T11:21:00,croissant,croissant,1,4200,paid
O02495,2026-09-05T11:43:00,espresso,espresso,1,4000,paid
O02496,2026-09-05T11:23:00,cold_brew,cold_brew,1,5500,paid
O02497,2026-09-05T11:22:00,espresso,espresso,1,4000,paid
O02498,2026-09-05T12:44:00,americano,americano,1,4500,paid
O02499,2026-09-05T12:07:00,vanilla_latte,vanilla_latte,1,5700,paid
O02500,2026-09-05T12:48:00,iced_tea,iced_tea,2,9600,paid
O02501,2026-09-05T12:43:00,cold_brew,cold_brew,1,5500,paid
O02502,2026-09-05T12:12:00,financier,financier,1,3500,paid
O02503,2026-09-05T12:23:00,cold_brew,cold_brew,1,5500,paid
O02504,2026-09-05T12:14:00,cold_brew,cold_brew,1,5500,paid
O02505,2026-09-05T12:39:00,croissant,croissant,1,4200,paid
O02506,2026-09-05T12:59:00,cold_brew,cold_brew,1,5500,paid
O02507,2026-09-05T12:18:00,cafe_latte,cafe_latte,1,5200,paid
O02508,2026-09-05T12:55:00,strawberry_latte,strawberry_latte,1,6200,paid
O02509,2026-09-05T12:45:00,sandwich,sandwich,1,6800,paid
O02510,2026-09-05T13:19:00,croissant,croissant,1,4200,paid
O02511,2026-09-05T13:28:00,croissant,croissant,1,4200,paid
O02512,2026-09-05T13:15:00,croissant,croissant,1,4200,paid
O02513,2026-09-05T13:42:00,strawberry_latte,strawberry_latte,1,6200,paid
O02514,2026-09-05T13:45:00,cafe_latte,cafe_latte,1,5200,paid
O02515,2026-09-05T13:20:00,vanilla_latte,vanilla_latte,2,11400,paid
O02516,2026-09-05T13:16:00,iced_tea,iced_tea,1,4800,paid
O02517,2026-09-05T13:59:00,cafe_latte,cafe_latte,1,5200,paid
O02518,2026-09-05T13:44:00,croissant,croissant,1,4200,paid
O02519,2026-09-05T13:49:00,strawberry_latte,strawberry_latte,2,12400,paid
O02520,2026-09-05T13:24:00,cafe_latte,cafe_latte,1,5200,paid
O02521,2026-09-05T13:27:00,financier,financier,2,7000,paid
O02522,2026-09-05T13:18:00,strawberry_latte,strawberry_latte,1,6200,paid
O02523,2026-09-05T13:47:00,cafe_latte,cafe_latte,1,5200,paid
O02524,2026-09-05T13:07:00,strawberry_latte,strawberry_latte,1,6200,paid
O02525,2026-09-05T13:20:00,cold_brew,cold_brew,1,5500,paid
O02526,2026-09-05T14:37:00,americano,americano,1,4500,paid
O02527,2026-09-05T14:27:00,strawberry_latte,strawberry_latte,1,6200,paid
O02528,2026-09-05T14:59:00,cold_brew,cold_brew,1,5500,paid
O02529,2026-09-05T14:37:00,financier,financier,1,3500,paid
O02530,2026-09-05T14:34:00,cafe_latte,cafe_latte,1,5200,paid
O02531,2026-09-05T14:18:00,cold_brew,cold_brew,1,5500,paid
O02532,2026-09-05T14:09:00,croissant,croissant,1,4200,paid
O02533,2026-09-05T14:42:00,iced_tea,iced_tea,1,4800,paid
O02534,2026-09-05T14:32:00,sandwich,sandwich,1,6800,paid
O02535,2026-09-05T14:45:00,iced_tea,iced_tea,2,9600,paid
O02536,2026-09-05T14:13:00,croissant,croissant,1,4200,paid
O02537,2026-09-05T14:24:00,iced_tea,iced_tea,1,4800,paid
O02538,2026-09-05T14:45:00,cold_brew,cold_brew,1,5500,paid
O02539,2026-09-05T14:03:00,strawberry_latte,strawberry_latte,1,6200,paid
O02540,2026-09-05T14:19:00,croissant,croissant,1,4200,paid
O02541,2026-09-05T14:21:00,americano,americano,1,4500,paid
O02542,2026-09-05T14:48:00,croissant,croissant,2,8400,paid
O02543,2026-09-05T14:46:00,espresso,espresso,1,4000,paid
O02544,2026-09-05T15:08:00,financier,financier,1,3500,paid
O02545,2026-09-05T15:03:00,sandwich,sandwich,1,6800,paid
O02546,2026-09-05T15:36:00,croissant,croissant,1,4200,paid
O02547,2026-09-05T15:18:00,croissant,croissant,1,4200,paid
O02548,2026-09-05T15:47:00,strawberry_latte,strawberry_latte,1,6200,paid
O02549,2026-09-05T15:54:00,americano,americano,1,4500,paid
O02550,2026-09-05T15:54:00,cafe_latte,cafe_latte,1,5200,paid
O02551,2026-09-05T15:27:00,espresso,espresso,2,8000,paid
O02552,2026-09-05T15:30:00,americano,americano,1,4500,paid
O02553,2026-09-05T15:32:00,americano,americano,1,4500,paid
O02554,2026-09-05T15:09:00,sandwich,sandwich,1,6800,paid
O02555,2026-09-05T15:15:00,strawberry_latte,strawberry_latte,1,6200,paid
O02556,2026-09-05T15:38:00,croissant,croissant,1,4200,paid
O02557,2026-09-05T15:50:00,espresso,espresso,1,4000,paid
O02558,2026-09-05T15:41:00,croissant,croissant,1,4200,paid
O02559,2026-09-05T16:07:00,cold_brew,cold_brew,1,5500,paid
O02560,2026-09-05T16:42:00,cafe_latte,cafe_latte,1,5200,paid
O02561,2026-09-05T16:36:00,strawberry_latte,strawberry_latte,1,6200,paid
O02562,2026-09-05T16:47:00,croissant,croissant,1,4200,paid
O02563,2026-09-05T16:30:00,sandwich,sandwich,1,6800,paid
O02564,2026-09-05T16:06:00,iced_tea,iced_tea,1,4800,paid
O02565,2026-09-05T16:55:00,cafe_latte,cafe_latte,1,5200,paid
O02566,2026-09-05T16:44:00,vanilla_latte,vanilla_latte,1,5700,paid
O02567,2026-09-05T16:34:00,espresso,espresso,1,4000,paid
O02568,2026-09-05T16:53:00,croissant,croissant,1,4200,paid
O02569,2026-09-05T16:50:00,financier,financier,1,3500,paid
O02570,2026-09-05T16:57:00,strawberry_latte,strawberry_latte,2,12400,paid
O02571,2026-09-05T16:44:00,vanilla_latte,vanilla_latte,1,5700,paid
O02572,2026-09-05T16:51:00,americano,americano,1,4500,paid
O02573,2026-09-05T16:36:00,cafe_latte,cafe_latte,1,5200,paid
O02574,2026-09-05T17:54:00,cafe_latte,cafe_latte,1,5200,paid
O02575,2026-09-05T17:32:00,cafe_latte,cafe_latte,2,10400,paid
O02576,2026-09-05T17:10:00,cold_brew,cold_brew,2,11000,paid
O02577,2026-09-05T17:02:00,americano,americano,1,4500,paid
O02578,2026-09-05T17:28:00,iced_tea,iced_tea,1,4800,paid
O02579,2026-09-05T17:20:00,sandwich,sandwich,1,6800,paid
O02580,2026-09-05T17:32:00,cold_brew,cold_brew,1,5500,paid
O02581,2026-09-05T17:02:00,cafe_latte,cafe_latte,1,5200,paid
O02582,2026-09-05T17:19:00,americano,americano,1,4500,paid
O02583,2026-09-05T17:13:00,vanilla_latte,vanilla_latte,1,5700,paid
O02584,2026-09-05T17:46:00,cold_brew,cold_brew,1,5500,paid
O02585,2026-09-05T17:16:00,espresso,espresso,1,4000,paid
O02586,2026-09-05T17:10:00,espresso,espresso,1,4000,paid
O02587,2026-09-05T17:16:00,croissant,croissant,1,4200,paid
O02588,2026-09-05T17:04:00,vanilla_latte,vanilla_latte,1,5700,paid
O02589,2026-09-05T18:36:00,strawberry_latte,strawberry_latte,1,6200,paid
O02590,2026-09-05T18:52:00,sandwich,sandwich,1,6800,paid
O02591,2026-09-05T18:27:00,cold_brew,cold_brew,2,11000,paid
O02592,2026-09-05T18:15:00,americano,americano,2,9000,paid
O02593,2026-09-05T18:07:00,iced_tea,iced_tea,1,4800,paid
O02594,2026-09-05T18:40:00,espresso,espresso,1,4000,paid
O02595,2026-09-05T18:49:00,cold_brew,cold_brew,2,11000,paid
O02596,2026-09-05T18:14:00,vanilla_latte,vanilla_latte,1,5700,paid
O02597,2026-09-05T18:14:00,americano,americano,1,4500,paid
O02598,2026-09-05T18:07:00,cafe_latte,cafe_latte,1,5200,paid
O02599,2026-09-05T18:19:00,financier,financier,1,3500,paid
O02600,2026-09-05T19:44:00,cafe_latte,cafe_latte,1,5200,paid
O02601,2026-09-05T19:38:00,iced_tea,iced_tea,1,4800,paid
O02602,2026-09-05T19:48:00,americano,americano,1,4500,paid
O02603,2026-09-05T19:47:00,vanilla_latte,vanilla_latte,1,5700,paid
O02604,2026-09-05T19:54:00,financier,financier,1,3500,paid
O02605,2026-09-05T19:16:00,croissant,croissant,1,4200,paid
O02606,2026-09-05T19:42:00,financier,financier,1,3500,paid
O02607,2026-09-05T19:47:00,vanilla_latte,vanilla_latte,1,5700,paid
O02608,2026-09-05T19:40:00,americano,americano,2,9000,paid
O02609,2026-09-05T19:26:00,strawberry_latte,strawberry_latte,1,6200,paid
O02610,2026-09-05T19:22:00,vanilla_latte,vanilla_latte,1,5700,paid
O02611,2026-09-05T20:27:00,iced_tea,iced_tea,1,4800,paid
O02612,2026-09-05T20:54:00,strawberry_latte,strawberry_latte,1,6200,paid
O02613,2026-09-05T20:20:00,iced_tea,iced_tea,1,4800,paid
O02614,2026-09-05T20:15:00,cafe_latte,cafe_latte,1,5200,paid
O02615,2026-09-05T20:05:00,vanilla_latte,vanilla_latte,1,5700,paid
O02616,2026-09-05T20:51:00,financier,financier,2,7000,paid
O02617,2026-09-05T20:59:00,espresso,espresso,1,4000,paid
O02618,2026-09-05T20:43:00,croissant,croissant,1,4200,paid
O02619,2026-09-05T20:39:00,cafe_latte,cafe_latte,1,5200,paid
O02620,2026-09-05T20:44:00,americano,americano,1,4500,paid
O02621,2026-09-05T20:47:00,cold_brew,cold_brew,1,5500,paid
O02622,2026-09-05T20:28:00,sandwich,sandwich,1,6800,paid
O02623,2026-09-06T09:23:00,strawberry_latte,strawberry_latte,1,6200,paid
O02624,2026-09-06T09:03:00,financier,financier,1,3500,paid
O02625,2026-09-06T09:23:00,croissant,croissant,1,4200,paid
O02626,2026-09-06T09:15:00,cold_brew,cold_brew,2,11000,paid
O02627,2026-09-06T09:30:00,cafe_latte,cafe_latte,1,5200,paid
O02628,2026-09-06T09:47:00,iced_tea,iced_tea,1,4800,paid
O02629,2026-09-06T09:19:00,espresso,espresso,1,4000,paid
O02630,2026-09-06T09:57:00,americano,americano,2,9000,paid
O02631,2026-09-06T09:00:00,croissant,croissant,1,4200,paid
O02632,2026-09-06T09:22:00,croissant,croissant,1,4200,paid
O02633,2026-09-06T09:46:00,americano,americano,1,4500,paid
O02634,2026-09-06T09:06:00,espresso,espresso,1,4000,paid
O02635,2026-09-06T10:57:00,cafe_latte,cafe_latte,1,5200,paid
O02636,2026-09-06T10:31:00,espresso,espresso,1,4000,paid
O02637,2026-09-06T10:16:00,vanilla_latte,vanilla_latte,1,5700,paid
O02638,2026-09-06T10:19:00,croissant,croissant,1,4200,paid
O02639,2026-09-06T10:34:00,espresso,espresso,1,4000,paid
O02640,2026-09-06T10:42:00,cafe_latte,cafe_latte,2,10400,paid
O02641,2026-09-06T10:47:00,vanilla_latte,vanilla_latte,1,5700,paid
O02642,2026-09-06T10:55:00,americano,americano,1,4500,paid
O02643,2026-09-06T10:02:00,cafe_latte,cafe_latte,1,5200,paid
O02644,2026-09-06T10:21:00,espresso,espresso,1,4000,paid
O02645,2026-09-06T11:42:00,strawberry_latte,strawberry_latte,2,12400,paid
O02646,2026-09-06T11:35:00,cafe_latte,cafe_latte,1,5200,paid
O02647,2026-09-06T11:48:00,vanilla_latte,vanilla_latte,1,5700,paid
O02648,2026-09-06T11:47:00,financier,financier,1,3500,paid
O02649,2026-09-06T11:06:00,vanilla_latte,vanilla_latte,1,5700,paid
O02650,2026-09-06T11:32:00,vanilla_latte,vanilla_latte,1,5700,paid
O02651,2026-09-06T11:53:00,strawberry_latte,strawberry_latte,1,6200,paid
O02652,2026-09-06T11:47:00,espresso,espresso,2,8000,paid
O02653,2026-09-06T11:18:00,espresso,espresso,1,4000,paid
O02654,2026-09-06T11:15:00,cafe_latte,cafe_latte,1,5200,paid
O02655,2026-09-06T11:11:00,vanilla_latte,vanilla_latte,1,5700,paid
O02656,2026-09-06T11:55:00,iced_tea,iced_tea,1,4800,paid
O02657,2026-09-06T12:45:00,espresso,espresso,1,4000,paid
O02658,2026-09-06T12:12:00,financier,financier,1,3500,paid
O02659,2026-09-06T12:08:00,vanilla_latte,vanilla_latte,1,5700,paid
O02660,2026-09-06T12:12:00,americano,americano,1,4500,paid
O02661,2026-09-06T12:12:00,espresso,espresso,1,4000,paid
O02662,2026-09-06T12:33:00,americano,americano,1,4500,paid
O02663,2026-09-06T12:27:00,strawberry_latte,strawberry_latte,1,6200,paid
O02664,2026-09-06T12:41:00,americano,americano,1,4500,paid
O02665,2026-09-06T12:23:00,iced_tea,iced_tea,1,4800,paid
O02666,2026-09-06T12:15:00,cold_brew,cold_brew,1,5500,paid
O02667,2026-09-06T13:03:00,vanilla_latte,vanilla_latte,1,5700,paid
O02668,2026-09-06T13:17:00,strawberry_latte,strawberry_latte,1,6200,paid
O02669,2026-09-06T13:16:00,cafe_latte,cafe_latte,1,5200,paid
O02670,2026-09-06T13:07:00,cold_brew,cold_brew,1,5500,paid
O02671,2026-09-06T13:49:00,americano,americano,1,4500,paid
O02672,2026-09-06T13:51:00,cold_brew,cold_brew,1,5500,paid
O02673,2026-09-06T13:23:00,sandwich,sandwich,1,6800,paid
O02674,2026-09-06T13:24:00,iced_tea,iced_tea,1,4800,paid
O02675,2026-09-06T13:47:00,cafe_latte,cafe_latte,1,5200,paid
O02676,2026-09-06T13:58:00,cafe_latte,cafe_latte,1,5200,paid
O02677,2026-09-06T13:59:00,strawberry_latte,strawberry_latte,1,6200,paid
O02678,2026-09-06T13:39:00,cafe_latte,cafe_latte,2,10400,paid
O02679,2026-09-06T13:48:00,iced_tea,iced_tea,1,4800,paid
O02680,2026-09-06T13:02:00,financier,financier,1,3500,paid
O02681,2026-09-06T13:45:00,strawberry_latte,strawberry_latte,1,6200,paid
O02682,2026-09-06T14:28:00,cold_brew,cold_brew,1,5500,paid
O02683,2026-09-06T14:26:00,espresso,espresso,1,4000,paid
O02684,2026-09-06T14:10:00,financier,financier,1,3500,paid
O02685,2026-09-06T14:08:00,iced_tea,iced_tea,1,4800,paid
O02686,2026-09-06T14:03:00,americano,americano,2,9000,paid
O02687,2026-09-06T14:34:00,espresso,espresso,1,4000,paid
O02688,2026-09-06T14:48:00,cafe_latte,cafe_latte,1,5200,paid
O02689,2026-09-06T14:24:00,espresso,espresso,1,4000,paid
O02690,2026-09-06T14:11:00,sandwich,sandwich,1,6800,paid
O02691,2026-09-06T14:37:00,vanilla_latte,vanilla_latte,1,5700,paid
O02692,2026-09-06T14:45:00,financier,financier,1,3500,paid
O02693,2026-09-06T14:14:00,iced_tea,iced_tea,1,4800,paid
O02694,2026-09-06T14:10:00,iced_tea,iced_tea,1,4800,paid
O02695,2026-09-06T14:18:00,americano,americano,1,4500,paid
O02696,2026-09-06T14:17:00,vanilla_latte,vanilla_latte,2,11400,paid
O02697,2026-09-06T15:15:00,americano,americano,1,4500,paid
O02698,2026-09-06T15:41:00,financier,financier,1,3500,paid
O02699,2026-09-06T15:20:00,sandwich,sandwich,2,13600,paid
O02700,2026-09-06T15:08:00,financier,financier,1,3500,paid
O02701,2026-09-06T15:03:00,sandwich,sandwich,1,6800,paid
O02702,2026-09-06T15:17:00,cold_brew,cold_brew,1,5500,paid
O02703,2026-09-06T15:34:00,iced_tea,iced_tea,2,9600,paid
O02704,2026-09-06T15:44:00,cafe_latte,cafe_latte,1,5200,paid
O02705,2026-09-06T15:40:00,iced_tea,iced_tea,1,4800,paid
O02706,2026-09-06T15:28:00,financier,financier,1,3500,paid
O02707,2026-09-06T15:37:00,cold_brew,cold_brew,1,5500,paid
O02708,2026-09-06T15:46:00,vanilla_latte,vanilla_latte,1,5700,paid
O02709,2026-09-06T15:30:00,cold_brew,cold_brew,1,5500,paid
O02710,2026-09-06T15:11:00,croissant,croissant,1,4200,paid
O02711,2026-09-06T15:46:00,strawberry_latte,strawberry_latte,1,6200,paid
O02712,2026-09-06T15:10:00,iced_tea,iced_tea,1,4800,paid
O02713,2026-09-06T15:12:00,espresso,espresso,1,4000,paid
O02714,2026-09-06T15:15:00,vanilla_latte,vanilla_latte,1,5700,paid
O02715,2026-09-06T16:08:00,cafe_latte,cafe_latte,1,5200,paid
O02716,2026-09-06T16:24:00,sandwich,sandwich,1,6800,paid
O02717,2026-09-06T16:48:00,cafe_latte,cafe_latte,1,5200,paid
O02718,2026-09-06T16:05:00,vanilla_latte,vanilla_latte,1,5700,paid
O02719,2026-09-06T16:38:00,vanilla_latte,vanilla_latte,2,11400,paid
O02720,2026-09-06T16:06:00,americano,americano,2,9000,paid
O02721,2026-09-06T16:05:00,cold_brew,cold_brew,1,5500,paid
O02722,2026-09-06T16:36:00,vanilla_latte,vanilla_latte,1,5700,paid
O02723,2026-09-06T16:30:00,vanilla_latte,vanilla_latte,1,5700,paid
O02724,2026-09-06T16:44:00,strawberry_latte,strawberry_latte,1,6200,paid
O02725,2026-09-06T16:52:00,financier,financier,1,3500,paid
O02726,2026-09-06T16:06:00,cafe_latte,cafe_latte,1,5200,paid
O02727,2026-09-06T16:58:00,espresso,espresso,1,4000,paid
O02728,2026-09-06T16:24:00,americano,americano,1,4500,paid
O02729,2026-09-06T16:14:00,cold_brew,cold_brew,1,5500,paid
O02730,2026-09-06T16:07:00,cafe_latte,cafe_latte,1,5200,paid
O02731,2026-09-06T17:21:00,cold_brew,cold_brew,1,5500,paid
O02732,2026-09-06T17:58:00,cold_brew,cold_brew,2,11000,paid
O02733,2026-09-06T17:11:00,americano,americano,1,4500,paid
O02734,2026-09-06T17:11:00,financier,financier,1,3500,paid
O02735,2026-09-06T17:43:00,vanilla_latte,vanilla_latte,1,5700,paid
O02736,2026-09-06T17:22:00,sandwich,sandwich,1,6800,paid
O02737,2026-09-06T17:42:00,iced_tea,iced_tea,2,9600,paid
O02738,2026-09-06T17:45:00,iced_tea,iced_tea,1,4800,paid
O02739,2026-09-06T17:09:00,americano,americano,1,4500,paid
O02740,2026-09-06T17:28:00,cold_brew,cold_brew,1,5500,paid
O02741,2026-09-06T17:27:00,cafe_latte,cafe_latte,1,5200,paid
O02742,2026-09-06T17:08:00,vanilla_latte,vanilla_latte,1,5700,paid
O02743,2026-09-06T17:31:00,espresso,espresso,1,4000,paid
O02744,2026-09-06T17:26:00,croissant,croissant,1,4200,paid
O02745,2026-09-06T17:41:00,cold_brew,cold_brew,1,5500,paid
O02746,2026-09-06T18:34:00,espresso,espresso,1,4000,paid
O02747,2026-09-06T18:52:00,croissant,croissant,1,4200,paid
O02748,2026-09-06T18:45:00,espresso,espresso,1,4000,paid
O02749,2026-09-06T18:44:00,financier,financier,1,3500,paid
O02750,2026-09-06T18:00:00,cafe_latte,cafe_latte,1,5200,paid
O02751,2026-09-06T18:30:00,americano,americano,1,4500,paid
O02752,2026-09-06T18:22:00,cafe_latte,cafe_latte,1,5200,paid
O02753,2026-09-06T18:09:00,vanilla_latte,vanilla_latte,1,5700,paid
O02754,2026-09-06T18:52:00,espresso,espresso,1,4000,paid
O02755,2026-09-06T18:07:00,americano,americano,1,4500,paid
O02756,2026-09-06T18:44:00,espresso,espresso,1,4000,paid
O02757,2026-09-06T18:06:00,cold_brew,cold_brew,1,5500,paid
O02758,2026-09-06T19:55:00,croissant,croissant,1,4200,paid
O02759,2026-09-06T19:09:00,americano,americano,1,4500,paid
O02760,2026-09-06T19:36:00,strawberry_latte,strawberry_latte,1,6200,paid
O02761,2026-09-06T19:30:00,vanilla_latte,vanilla_latte,1,5700,paid
O02762,2026-09-06T19:19:00,financier,financier,1,3500,paid
O02763,2026-09-06T19:28:00,espresso,espresso,1,4000,paid
O02764,2026-09-06T19:03:00,iced_tea,iced_tea,1,4800,paid
O02765,2026-09-06T19:32:00,sandwich,sandwich,1,6800,paid
O02766,2026-09-06T19:27:00,americano,americano,1,4500,paid
O02767,2026-09-06T19:16:00,financier,financier,1,3500,paid
O02768,2026-09-06T19:14:00,financier,financier,1,3500,paid
O02769,2026-09-06T20:33:00,iced_tea,iced_tea,2,9600,paid
O02770,2026-09-06T20:25:00,vanilla_latte,vanilla_latte,1,5700,paid
O02771,2026-09-06T20:11:00,americano,americano,1,4500,paid
O02772,2026-09-06T20:52:00,sandwich,sandwich,1,6800,paid
O02773,2026-09-06T20:41:00,croissant,croissant,1,4200,paid
O02774,2026-09-06T20:51:00,espresso,espresso,1,4000,paid
O02775,2026-09-06T20:06:00,espresso,espresso,1,4000,paid
O02776,2026-09-06T20:49:00,cafe_latte,cafe_latte,1,5200,paid
O02777,2026-09-06T20:10:00,americano,americano,1,4500,paid
O02778,2026-09-06T20:38:00,cafe_latte,cafe_latte,1,5200,paid
O02779,2026-09-07T09:40:00,strawberry_latte,strawberry_latte,1,6200,paid
O02780,2026-09-07T09:36:00,strawberry_latte,strawberry_latte,1,6200,paid
O02781,2026-09-07T09:50:00,americano,americano,1,4500,paid
O02782,2026-09-07T09:05:00,americano,americano,1,4500,paid
O02783,2026-09-07T09:48:00,americano,americano,2,9000,paid
O02784,2026-09-07T09:20:00,espresso,espresso,1,4000,paid
O02785,2026-09-07T09:44:00,cold_brew,cold_brew,2,11000,paid
O02786,2026-09-07T10:32:00,espresso,espresso,1,4000,paid
O02787,2026-09-07T10:09:00,financier,financier,1,3500,paid
O02788,2026-09-07T10:30:00,sandwich,sandwich,1,6800,paid
O02789,2026-09-07T10:09:00,americano,americano,1,4500,paid
O02790,2026-09-07T10:05:00,cafe_latte,cafe_latte,1,5200,paid
O02791,2026-09-07T10:41:00,strawberry_latte,strawberry_latte,1,6200,paid
O02792,2026-09-07T10:32:00,vanilla_latte,vanilla_latte,2,11400,paid
O02793,2026-09-07T10:59:00,sandwich,sandwich,1,6800,paid
O02794,2026-09-07T10:21:00,croissant,croissant,1,4200,paid
O02795,2026-09-07T11:45:00,espresso,espresso,1,4000,paid
O02796,2026-09-07T11:39:00,strawberry_latte,strawberry_latte,1,6200,paid
O02797,2026-09-07T11:36:00,cafe_latte,cafe_latte,2,10400,paid
O02798,2026-09-07T11:09:00,cafe_latte,cafe_latte,1,5200,paid
O02799,2026-09-07T11:51:00,financier,financier,1,3500,paid
O02800,2026-09-07T11:20:00,croissant,croissant,1,4200,paid
O02801,2026-09-07T11:17:00,iced_tea,iced_tea,1,4800,paid
O02802,2026-09-07T11:04:00,cold_brew,cold_brew,1,5500,paid
O02803,2026-09-07T12:16:00,iced_tea,iced_tea,2,9600,paid
O02804,2026-09-07T12:36:00,vanilla_latte,vanilla_latte,2,11400,paid
O02805,2026-09-07T12:18:00,americano,americano,1,4500,paid
O02806,2026-09-07T12:58:00,espresso,espresso,1,4000,paid
O02807,2026-09-07T12:54:00,croissant,croissant,1,4200,paid
O02808,2026-09-07T12:43:00,cold_brew,cold_brew,1,5500,paid
O02809,2026-09-07T12:56:00,financier,financier,1,3500,paid
O02810,2026-09-07T13:03:00,sandwich,sandwich,2,13600,paid
O02811,2026-09-07T13:54:00,financier,financier,1,3500,paid
O02812,2026-09-07T13:36:00,iced_tea,iced_tea,1,4800,paid
O02813,2026-09-07T13:55:00,cafe_latte,cafe_latte,1,5200,paid
O02814,2026-09-07T13:29:00,cafe_latte,cafe_latte,1,5200,paid
O02815,2026-09-07T13:11:00,croissant,croissant,1,4200,paid
O02816,2026-09-07T13:12:00,espresso,espresso,1,4000,paid
O02817,2026-09-07T13:21:00,cold_brew,cold_brew,1,5500,paid
O02818,2026-09-07T13:47:00,croissant,croissant,1,4200,paid
O02819,2026-09-07T13:02:00,cafe_latte,cafe_latte,1,5200,paid
O02820,2026-09-07T13:09:00,vanilla_latte,vanilla_latte,2,11400,paid
O02821,2026-09-07T13:38:00,cold_brew,cold_brew,1,5500,paid
O02822,2026-09-07T13:23:00,americano,americano,2,9000,paid
O02823,2026-09-07T13:13:00,croissant,croissant,1,4200,paid
O02824,2026-09-07T14:11:00,iced_tea,iced_tea,1,4800,paid
O02825,2026-09-07T14:25:00,vanilla_latte,vanilla_latte,1,5700,paid
O02826,2026-09-07T14:28:00,iced_tea,iced_tea,1,4800,paid
O02827,2026-09-07T14:57:00,financier,financier,1,3500,paid
O02828,2026-09-07T14:05:00,vanilla_latte,vanilla_latte,1,5700,paid
O02829,2026-09-07T14:19:00,cold_brew,cold_brew,2,11000,paid
O02830,2026-09-07T14:26:00,strawberry_latte,strawberry_latte,1,6200,paid
O02831,2026-09-07T14:50:00,croissant,croissant,1,4200,paid
O02832,2026-09-07T14:44:00,espresso,espresso,1,4000,paid
O02833,2026-09-07T14:35:00,espresso,espresso,1,4000,paid
O02834,2026-09-07T14:42:00,strawberry_latte,strawberry_latte,1,6200,paid
O02835,2026-09-07T14:42:00,sandwich,sandwich,1,6800,paid
O02836,2026-09-07T14:29:00,americano,americano,1,4500,paid
O02837,2026-09-07T14:07:00,croissant,croissant,1,4200,paid
O02838,2026-09-07T15:00:00,iced_tea,iced_tea,1,4800,paid
O02839,2026-09-07T15:40:00,vanilla_latte,vanilla_latte,1,5700,paid
O02840,2026-09-07T15:47:00,cafe_latte,cafe_latte,1,5200,paid
O02841,2026-09-07T15:49:00,espresso,espresso,1,4000,paid
O02842,2026-09-07T15:22:00,sandwich,sandwich,1,6800,paid
O02843,2026-09-07T15:36:00,strawberry_latte,strawberry_latte,2,12400,paid
O02844,2026-09-07T15:01:00,cold_brew,cold_brew,1,5500,paid
O02845,2026-09-07T15:55:00,iced_tea,iced_tea,1,4800,paid
O02846,2026-09-07T15:29:00,croissant,croissant,1,4200,paid
O02847,2026-09-07T15:53:00,espresso,espresso,1,4000,paid
O02848,2026-09-07T15:48:00,espresso,espresso,1,4000,paid
O02849,2026-09-07T15:29:00,cafe_latte,cafe_latte,2,10400,paid
O02850,2026-09-07T15:38:00,cold_brew,cold_brew,1,5500,paid
O02851,2026-09-07T15:18:00,financier,financier,1,3500,paid
O02852,2026-09-07T16:59:00,iced_tea,iced_tea,1,4800,paid
O02853,2026-09-07T16:06:00,cafe_latte,cafe_latte,1,5200,paid
O02854,2026-09-07T16:26:00,americano,americano,1,4500,paid
O02855,2026-09-07T16:39:00,croissant,croissant,1,4200,paid
O02856,2026-09-07T16:32:00,cafe_latte,cafe_latte,1,5200,paid
O02857,2026-09-07T16:54:00,americano,americano,1,4500,paid
O02858,2026-09-07T16:29:00,strawberry_latte,strawberry_latte,1,6200,paid
O02859,2026-09-07T16:54:00,espresso,espresso,1,4000,paid
O02860,2026-09-07T16:50:00,cafe_latte,cafe_latte,1,5200,paid
O02861,2026-09-07T16:41:00,espresso,espresso,2,8000,paid
O02862,2026-09-07T16:50:00,americano,americano,2,9000,paid
O02863,2026-09-07T16:56:00,financier,financier,1,3500,paid
O02864,2026-09-07T16:50:00,iced_tea,iced_tea,1,4800,paid
O02865,2026-09-07T16:58:00,strawberry_latte,strawberry_latte,1,6200,paid
O02866,2026-09-07T17:23:00,americano,americano,1,4500,paid
O02867,2026-09-07T17:10:00,sandwich,sandwich,1,6800,paid
O02868,2026-09-07T17:25:00,espresso,espresso,1,4000,paid
O02869,2026-09-07T17:53:00,sandwich,sandwich,1,6800,paid
O02870,2026-09-07T17:40:00,sandwich,sandwich,1,6800,paid
O02871,2026-09-07T17:20:00,vanilla_latte,vanilla_latte,1,5700,paid
O02872,2026-09-07T17:06:00,vanilla_latte,vanilla_latte,1,5700,paid
O02873,2026-09-07T17:36:00,financier,financier,1,3500,paid
O02874,2026-09-07T17:10:00,iced_tea,iced_tea,1,4800,paid
O02875,2026-09-07T17:01:00,strawberry_latte,strawberry_latte,1,6200,paid
O02876,2026-09-07T17:37:00,americano,americano,1,4500,paid
O02877,2026-09-07T17:34:00,americano,americano,1,4500,paid
O02878,2026-09-07T18:47:00,sandwich,sandwich,1,6800,paid
O02879,2026-09-07T18:49:00,croissant,croissant,1,4200,paid
O02880,2026-09-07T18:57:00,vanilla_latte,vanilla_latte,1,5700,paid
O02881,2026-09-07T18:53:00,iced_tea,iced_tea,1,4800,paid
O02882,2026-09-07T18:42:00,espresso,espresso,1,4000,paid
O02883,2026-09-07T18:09:00,iced_tea,iced_tea,1,4800,paid
O02884,2026-09-07T18:07:00,sandwich,sandwich,1,6800,paid
O02885,2026-09-07T18:09:00,sandwich,sandwich,1,6800,paid
O02886,2026-09-07T18:05:00,iced_tea,iced_tea,1,4800,paid
O02887,2026-09-07T18:58:00,croissant,croissant,1,4200,paid
O02888,2026-09-07T19:01:00,cafe_latte,cafe_latte,1,5200,paid
O02889,2026-09-07T19:40:00,cafe_latte,cafe_latte,1,5200,paid
O02890,2026-09-07T19:24:00,strawberry_latte,strawberry_latte,1,6200,paid
O02891,2026-09-07T19:11:00,croissant,croissant,1,4200,paid
O02892,2026-09-07T19:42:00,americano,americano,2,9000,paid
O02893,2026-09-07T19:07:00,sandwich,sandwich,1,6800,paid
O02894,2026-09-07T19:39:00,cold_brew,cold_brew,1,5500,paid
O02895,2026-09-07T19:33:00,financier,financier,1,3500,paid
O02896,2026-09-07T19:01:00,cafe_latte,cafe_latte,1,5200,paid
O02897,2026-09-07T19:48:00,americano,americano,1,4500,paid
O02898,2026-09-07T20:01:00,cafe_latte,cafe_latte,1,5200,paid
O02899,2026-09-07T20:46:00,vanilla_latte,vanilla_latte,1,5700,paid
O02900,2026-09-07T20:12:00,iced_tea,iced_tea,1,4800,paid
O02901,2026-09-07T20:41:00,cold_brew,cold_brew,1,5500,paid
O02902,2026-09-07T20:31:00,croissant,croissant,1,4200,paid
O02903,2026-09-07T20:59:00,financier,financier,2,7000,paid
O02904,2026-09-07T20:43:00,iced_tea,iced_tea,1,4800,paid
O02905,2026-09-08T09:50:00,espresso,espresso,1,4000,paid
O02906,2026-09-08T09:13:00,iced_tea,iced_tea,1,4800,paid
O02907,2026-09-08T09:27:00,espresso,espresso,1,4000,paid
O02908,2026-09-08T09:39:00,iced_tea,iced_tea,1,4800,paid
O02909,2026-09-08T09:12:00,sandwich,sandwich,1,6800,paid
O02910,2026-09-08T09:40:00,cold_brew,cold_brew,1,5500,paid
O02911,2026-09-08T09:02:00,croissant,croissant,1,4200,paid
O02912,2026-09-08T09:18:00,iced_tea,iced_tea,1,4800,paid
O02913,2026-09-08T09:01:00,financier,financier,1,3500,paid
O02914,2026-09-08T09:27:00,vanilla_latte,vanilla_latte,1,5700,paid
O02915,2026-09-08T10:42:00,strawberry_latte,strawberry_latte,1,6200,paid
O02916,2026-09-08T10:20:00,cold_brew,cold_brew,1,5500,paid
O02917,2026-09-08T10:00:00,americano,americano,1,4500,paid
O02918,2026-09-08T10:50:00,strawberry_latte,strawberry_latte,1,6200,paid
O02919,2026-09-08T10:24:00,strawberry_latte,strawberry_latte,1,6200,paid
O02920,2026-09-08T10:13:00,sandwich,sandwich,1,6800,paid
O02921,2026-09-08T10:38:00,financier,financier,1,3500,paid
O02922,2026-09-08T10:26:00,sandwich,sandwich,1,6800,paid
O02923,2026-09-08T10:12:00,cold_brew,cold_brew,1,5500,paid
O02924,2026-09-08T10:31:00,americano,americano,1,4500,paid
O02925,2026-09-08T11:28:00,espresso,espresso,1,4000,paid
O02926,2026-09-08T11:24:00,sandwich,sandwich,1,6800,paid
O02927,2026-09-08T11:01:00,sandwich,sandwich,1,6800,paid
O02928,2026-09-08T11:18:00,americano,americano,2,9000,paid
O02929,2026-09-08T11:34:00,espresso,espresso,1,4000,paid
O02930,2026-09-08T11:01:00,americano,americano,1,4500,paid
O02931,2026-09-08T11:51:00,croissant,croissant,1,4200,paid
O02932,2026-09-08T12:22:00,iced_tea,iced_tea,1,4800,paid
O02933,2026-09-08T12:20:00,cafe_latte,cafe_latte,1,5200,paid
O02934,2026-09-08T12:19:00,sandwich,sandwich,1,6800,paid
O02935,2026-09-08T12:58:00,croissant,croissant,1,4200,paid
O02936,2026-09-08T12:06:00,cold_brew,cold_brew,2,11000,paid
O02937,2026-09-08T12:00:00,strawberry_latte,strawberry_latte,1,6200,paid
O02938,2026-09-08T12:55:00,cafe_latte,cafe_latte,2,10400,paid
O02939,2026-09-08T12:12:00,strawberry_latte,strawberry_latte,1,6200,paid
O02940,2026-09-08T13:59:00,financier,financier,2,7000,paid
O02941,2026-09-08T13:02:00,iced_tea,iced_tea,1,4800,paid
O02942,2026-09-08T13:04:00,americano,americano,2,9000,paid
O02943,2026-09-08T13:50:00,cold_brew,cold_brew,1,5500,paid
O02944,2026-09-08T13:59:00,iced_tea,iced_tea,1,4800,paid
O02945,2026-09-08T13:08:00,sandwich,sandwich,1,6800,paid
O02946,2026-09-08T13:56:00,vanilla_latte,vanilla_latte,1,5700,paid
O02947,2026-09-08T13:33:00,croissant,croissant,1,4200,paid
O02948,2026-09-08T13:42:00,strawberry_latte,strawberry_latte,1,6200,paid
O02949,2026-09-08T13:46:00,iced_tea,iced_tea,1,4800,paid
O02950,2026-09-08T13:49:00,strawberry_latte,strawberry_latte,1,6200,paid
O02951,2026-09-08T13:53:00,cafe_latte,cafe_latte,1,5200,paid
O02952,2026-09-08T13:04:00,strawberry_latte,strawberry_latte,1,6200,paid
O02953,2026-09-08T13:42:00,americano,americano,1,4500,paid
O02954,2026-09-08T14:21:00,strawberry_latte,strawberry_latte,1,6200,paid
O02955,2026-09-08T14:32:00,sandwich,sandwich,1,6800,paid
O02956,2026-09-08T14:41:00,iced_tea,iced_tea,1,4800,paid
O02957,2026-09-08T14:08:00,financier,financier,1,3500,paid
O02958,2026-09-08T14:28:00,cold_brew,cold_brew,1,5500,paid
O02959,2026-09-08T14:25:00,financier,financier,1,3500,paid
O02960,2026-09-08T14:10:00,cafe_latte,cafe_latte,1,5200,paid
O02961,2026-09-08T14:09:00,sandwich,sandwich,1,6800,paid
O02962,2026-09-08T14:15:00,cafe_latte,cafe_latte,1,5200,paid
O02963,2026-09-08T14:01:00,croissant,croissant,1,4200,paid
O02964,2026-09-08T14:16:00,financier,financier,1,3500,paid
O02965,2026-09-08T14:27:00,financier,financier,1,3500,paid
O02966,2026-09-08T15:21:00,financier,financier,1,3500,paid
O02967,2026-09-08T15:06:00,croissant,croissant,1,4200,paid
O02968,2026-09-08T15:27:00,espresso,espresso,1,4000,paid
O02969,2026-09-08T15:11:00,iced_tea,iced_tea,1,4800,paid
O02970,2026-09-08T15:31:00,iced_tea,iced_tea,1,4800,paid
O02971,2026-09-08T15:03:00,espresso,espresso,1,4000,paid
O02972,2026-09-08T15:03:00,cafe_latte,cafe_latte,1,5200,paid
O02973,2026-09-08T15:04:00,sandwich,sandwich,1,6800,paid
O02974,2026-09-08T15:56:00,cafe_latte,cafe_latte,1,5200,paid
O02975,2026-09-08T15:06:00,espresso,espresso,1,4000,paid
O02976,2026-09-08T15:10:00,iced_tea,iced_tea,1,4800,paid
O02977,2026-09-08T15:45:00,cold_brew,cold_brew,1,5500,paid
O02978,2026-09-08T16:58:00,cafe_latte,cafe_latte,1,5200,paid
O02979,2026-09-08T16:54:00,croissant,croissant,1,4200,paid
O02980,2026-09-08T16:04:00,vanilla_latte,vanilla_latte,1,5700,paid
O02981,2026-09-08T16:29:00,vanilla_latte,vanilla_latte,1,5700,paid
O02982,2026-09-08T16:27:00,americano,americano,1,4500,paid
O02983,2026-09-08T16:16:00,americano,americano,1,4500,paid
O02984,2026-09-08T16:54:00,vanilla_latte,vanilla_latte,1,5700,paid
O02985,2026-09-08T16:30:00,sandwich,sandwich,1,6800,paid
O02986,2026-09-08T16:15:00,americano,americano,1,4500,paid
O02987,2026-09-08T16:01:00,cafe_latte,cafe_latte,1,5200,paid
O02988,2026-09-08T16:33:00,iced_tea,iced_tea,1,4800,paid
O02989,2026-09-08T16:49:00,vanilla_latte,vanilla_latte,1,5700,paid
O02990,2026-09-08T16:47:00,cafe_latte,cafe_latte,1,5200,paid
O02991,2026-09-08T17:16:00,cold_brew,cold_brew,2,11000,paid
O02992,2026-09-08T17:00:00,iced_tea,iced_tea,1,4800,paid
O02993,2026-09-08T17:57:00,iced_tea,iced_tea,1,4800,paid
O02994,2026-09-08T17:17:00,sandwich,sandwich,1,6800,paid
O02995,2026-09-08T17:26:00,americano,americano,1,4500,paid
O02996,2026-09-08T17:01:00,vanilla_latte,vanilla_latte,1,5700,paid
O02997,2026-09-08T17:27:00,sandwich,sandwich,1,6800,paid
O02998,2026-09-08T17:12:00,strawberry_latte,strawberry_latte,1,6200,paid
O02999,2026-09-08T17:56:00,cafe_latte,cafe_latte,2,10400,paid
O03000,2026-09-08T17:56:00,croissant,croissant,2,8400,paid
O03001,2026-09-08T17:43:00,vanilla_latte,vanilla_latte,1,5700,paid
O03002,2026-09-08T17:26:00,cold_brew,cold_brew,1,5500,paid
O03003,2026-09-08T18:37:00,iced_tea,iced_tea,1,4800,paid
O03004,2026-09-08T18:07:00,cold_brew,cold_brew,1,5500,paid
O03005,2026-09-08T18:50:00,croissant,croissant,1,4200,paid
O03006,2026-09-08T18:00:00,iced_tea,iced_tea,1,4800,paid
O03007,2026-09-08T18:09:00,vanilla_latte,vanilla_latte,1,5700,paid
O03008,2026-09-08T18:42:00,iced_tea,iced_tea,1,4800,paid
O03009,2026-09-08T18:04:00,iced_tea,iced_tea,1,4800,paid
O03010,2026-09-08T18:13:00,americano,americano,1,4500,paid
O03011,2026-09-08T18:31:00,sandwich,sandwich,1,6800,paid
O03012,2026-09-08T18:42:00,americano,americano,1,4500,paid
O03013,2026-09-08T19:56:00,iced_tea,iced_tea,1,4800,paid
O03014,2026-09-08T19:49:00,financier,financier,1,3500,paid
O03015,2026-09-08T19:45:00,vanilla_latte,vanilla_latte,2,11400,paid
O03016,2026-09-08T19:12:00,vanilla_latte,vanilla_latte,2,11400,paid
O03017,2026-09-08T19:18:00,sandwich,sandwich,2,13600,paid
O03018,2026-09-08T19:22:00,americano,americano,1,4500,paid
O03019,2026-09-08T19:57:00,espresso,espresso,1,4000,paid
O03020,2026-09-08T19:38:00,iced_tea,iced_tea,2,9600,paid
O03021,2026-09-08T19:43:00,vanilla_latte,vanilla_latte,1,5700,paid
O03022,2026-09-08T19:49:00,sandwich,sandwich,1,6800,paid
O03023,2026-09-08T20:19:00,espresso,espresso,1,4000,paid
O03024,2026-09-08T20:59:00,cafe_latte,cafe_latte,1,5200,paid
O03025,2026-09-08T20:50:00,financier,financier,1,3500,paid
O03026,2026-09-08T20:28:00,cafe_latte,cafe_latte,1,5200,paid
O03027,2026-09-08T20:45:00,financier,financier,2,7000,paid
O03028,2026-09-08T20:29:00,croissant,croissant,1,4200,paid
O03029,2026-09-08T20:58:00,espresso,espresso,1,4000,paid
O03030,2026-09-09T09:39:00,cafe_latte,cafe_latte,1,5200,paid
O03031,2026-09-09T09:23:00,strawberry_latte,strawberry_latte,1,6200,paid
O03032,2026-09-09T09:36:00,sandwich,sandwich,1,6800,paid
O03033,2026-09-09T09:25:00,americano,americano,1,4500,paid
O03034,2026-09-09T09:29:00,espresso,espresso,1,4000,paid
O03035,2026-09-09T09:05:00,croissant,croissant,1,4200,paid
O03036,2026-09-09T09:41:00,iced_tea,iced_tea,1,4800,paid
O03037,2026-09-09T09:52:00,cold_brew,cold_brew,1,5500,paid
O03038,2026-09-09T09:21:00,sandwich,sandwich,1,6800,paid
O03039,2026-09-09T10:47:00,sandwich,sandwich,1,6800,paid
O03040,2026-09-09T10:35:00,strawberry_latte,strawberry_latte,1,6200,paid
O03041,2026-09-09T10:43:00,vanilla_latte,vanilla_latte,1,5700,paid
O03042,2026-09-09T10:46:00,iced_tea,iced_tea,1,4800,paid
O03043,2026-09-09T10:12:00,croissant,croissant,1,4200,paid
O03044,2026-09-09T10:38:00,cafe_latte,cafe_latte,1,5200,paid
O03045,2026-09-09T10:13:00,financier,financier,1,3500,paid
O03046,2026-09-09T10:32:00,croissant,croissant,1,4200,paid
O03047,2026-09-09T10:07:00,espresso,espresso,1,4000,paid
O03048,2026-09-09T10:11:00,espresso,espresso,1,4000,paid
O03049,2026-09-09T11:43:00,iced_tea,iced_tea,1,4800,paid
O03050,2026-09-09T11:09:00,sandwich,sandwich,1,6800,paid
O03051,2026-09-09T11:47:00,vanilla_latte,vanilla_latte,1,5700,paid
O03052,2026-09-09T11:44:00,vanilla_latte,vanilla_latte,1,5700,paid
O03053,2026-09-09T11:18:00,strawberry_latte,strawberry_latte,1,6200,paid
O03054,2026-09-09T11:31:00,cafe_latte,cafe_latte,2,10400,paid
O03055,2026-09-09T11:44:00,iced_tea,iced_tea,1,4800,paid
O03056,2026-09-09T11:27:00,croissant,croissant,1,4200,paid
O03057,2026-09-09T11:07:00,americano,americano,1,4500,paid
O03058,2026-09-09T11:19:00,espresso,espresso,1,4000,paid
O03059,2026-09-09T12:58:00,croissant,croissant,1,4200,paid
O03060,2026-09-09T12:46:00,vanilla_latte,vanilla_latte,1,5700,paid
O03061,2026-09-09T12:10:00,iced_tea,iced_tea,1,4800,paid
O03062,2026-09-09T12:32:00,financier,financier,1,3500,paid
O03063,2026-09-09T12:33:00,cold_brew,cold_brew,2,11000,paid
O03064,2026-09-09T12:41:00,financier,financier,1,3500,paid
O03065,2026-09-09T12:36:00,cold_brew,cold_brew,1,5500,paid
O03066,2026-09-09T13:42:00,iced_tea,iced_tea,1,4800,paid
O03067,2026-09-09T13:53:00,espresso,espresso,1,4000,paid
O03068,2026-09-09T13:38:00,espresso,espresso,2,8000,paid
O03069,2026-09-09T13:32:00,sandwich,sandwich,1,6800,paid
O03070,2026-09-09T13:20:00,iced_tea,iced_tea,1,4800,paid
O03071,2026-09-09T13:39:00,sandwich,sandwich,1,6800,paid
O03072,2026-09-09T13:54:00,cafe_latte,cafe_latte,1,5200,paid
O03073,2026-09-09T13:06:00,strawberry_latte,strawberry_latte,1,6200,paid
O03074,2026-09-09T13:14:00,croissant,croissant,1,4200,paid
O03075,2026-09-09T13:11:00,cafe_latte,cafe_latte,1,5200,paid
O03076,2026-09-09T13:03:00,espresso,espresso,2,8000,paid
O03077,2026-09-09T13:54:00,iced_tea,iced_tea,1,4800,paid
O03078,2026-09-09T14:53:00,cold_brew,cold_brew,1,5500,paid
O03079,2026-09-09T14:44:00,vanilla_latte,vanilla_latte,1,5700,paid
O03080,2026-09-09T14:40:00,espresso,espresso,1,4000,paid
O03081,2026-09-09T14:16:00,financier,financier,1,3500,paid
O03082,2026-09-09T14:14:00,croissant,croissant,1,4200,paid
O03083,2026-09-09T14:33:00,vanilla_latte,vanilla_latte,1,5700,paid
O03084,2026-09-09T14:40:00,cafe_latte,cafe_latte,1,5200,paid
O03085,2026-09-09T14:08:00,strawberry_latte,strawberry_latte,1,6200,paid
O03086,2026-09-09T14:36:00,cold_brew,cold_brew,1,5500,paid
O03087,2026-09-09T14:43:00,cafe_latte,cafe_latte,1,5200,paid
O03088,2026-09-09T14:13:00,croissant,croissant,1,4200,paid
O03089,2026-09-09T14:22:00,croissant,croissant,1,4200,paid
O03090,2026-09-09T14:51:00,financier,financier,1,3500,paid
O03091,2026-09-09T14:24:00,croissant,croissant,1,4200,paid
O03092,2026-09-09T15:33:00,cafe_latte,cafe_latte,1,5200,paid
O03093,2026-09-09T15:14:00,cafe_latte,cafe_latte,1,5200,paid
O03094,2026-09-09T15:01:00,sandwich,sandwich,1,6800,paid
O03095,2026-09-09T15:16:00,iced_tea,iced_tea,2,9600,paid
O03096,2026-09-09T15:55:00,cold_brew,cold_brew,1,5500,paid
O03097,2026-09-09T15:36:00,iced_tea,iced_tea,1,4800,paid
O03098,2026-09-09T15:32:00,financier,financier,2,7000,paid
O03099,2026-09-09T15:34:00,espresso,espresso,1,4000,paid
O03100,2026-09-09T15:58:00,sandwich,sandwich,1,6800,paid
O03101,2026-09-09T15:26:00,americano,americano,1,4500,paid
O03102,2026-09-09T15:48:00,strawberry_latte,strawberry_latte,1,6200,paid
O03103,2026-09-09T15:52:00,vanilla_latte,vanilla_latte,1,5700,paid
O03104,2026-09-09T15:04:00,americano,americano,1,4500,paid
O03105,2026-09-09T15:48:00,sandwich,sandwich,1,6800,paid
O03106,2026-09-09T16:38:00,cafe_latte,cafe_latte,2,10400,paid
O03107,2026-09-09T16:30:00,cafe_latte,cafe_latte,1,5200,paid
O03108,2026-09-09T16:06:00,iced_tea,iced_tea,1,4800,paid
O03109,2026-09-09T16:41:00,croissant,croissant,1,4200,paid
O03110,2026-09-09T16:50:00,espresso,espresso,1,4000,paid
O03111,2026-09-09T16:01:00,americano,americano,2,9000,paid
O03112,2026-09-09T16:24:00,financier,financier,1,3500,paid
O03113,2026-09-09T16:24:00,financier,financier,1,3500,paid
O03114,2026-09-09T16:27:00,vanilla_latte,vanilla_latte,1,5700,paid
O03115,2026-09-09T16:07:00,vanilla_latte,vanilla_latte,1,5700,paid
O03116,2026-09-09T16:21:00,cold_brew,cold_brew,1,5500,paid
O03117,2026-09-09T16:05:00,americano,americano,1,4500,paid
O03118,2026-09-09T16:47:00,americano,americano,1,4500,paid
O03119,2026-09-09T16:51:00,sandwich,sandwich,1,6800,paid
O03120,2026-09-09T17:08:00,americano,americano,1,4500,paid
O03121,2026-09-09T17:20:00,vanilla_latte,vanilla_latte,1,5700,paid
O03122,2026-09-09T17:15:00,sandwich,sandwich,1,6800,paid
O03123,2026-09-09T17:30:00,vanilla_latte,vanilla_latte,1,5700,paid
O03124,2026-09-09T17:34:00,cafe_latte,cafe_latte,1,5200,paid
O03125,2026-09-09T17:52:00,croissant,croissant,1,4200,paid
O03126,2026-09-09T17:19:00,strawberry_latte,strawberry_latte,1,6200,paid
O03127,2026-09-09T17:41:00,financier,financier,1,3500,paid
O03128,2026-09-09T17:20:00,financier,financier,1,3500,paid
O03129,2026-09-09T17:22:00,financier,financier,1,3500,paid
O03130,2026-09-09T17:05:00,sandwich,sandwich,1,6800,paid
O03131,2026-09-09T18:47:00,financier,financier,1,3500,paid
O03132,2026-09-09T18:46:00,strawberry_latte,strawberry_latte,1,6200,paid
O03133,2026-09-09T18:44:00,americano,americano,2,9000,paid
O03134,2026-09-09T18:01:00,croissant,croissant,2,8400,paid
O03135,2026-09-09T18:37:00,americano,americano,1,4500,paid
O03136,2026-09-09T18:05:00,iced_tea,iced_tea,1,4800,paid
O03137,2026-09-09T18:24:00,iced_tea,iced_tea,1,4800,paid
O03138,2026-09-09T19:14:00,espresso,espresso,1,4000,paid
O03139,2026-09-09T19:27:00,espresso,espresso,1,4000,paid
O03140,2026-09-09T19:02:00,americano,americano,1,4500,paid
O03141,2026-09-09T19:58:00,cold_brew,cold_brew,2,11000,paid
O03142,2026-09-09T19:58:00,cold_brew,cold_brew,2,11000,paid
O03143,2026-09-09T19:01:00,sandwich,sandwich,1,6800,paid
O03144,2026-09-09T19:27:00,sandwich,sandwich,1,6800,paid
O03145,2026-09-09T19:46:00,cafe_latte,cafe_latte,1,5200,paid
O03146,2026-09-09T20:36:00,financier,financier,1,3500,paid
O03147,2026-09-09T20:24:00,financier,financier,1,3500,paid
O03148,2026-09-09T20:00:00,strawberry_latte,strawberry_latte,1,6200,paid
O03149,2026-09-09T20:15:00,iced_tea,iced_tea,1,4800,paid
O03150,2026-09-09T20:25:00,iced_tea,iced_tea,1,4800,paid
O03151,2026-09-09T20:17:00,sandwich,sandwich,1,6800,paid
O03152,2026-09-09T20:19:00,sandwich,sandwich,1,6800,paid
O03153,2026-09-09T20:54:00,cold_brew,cold_brew,1,5500,paid
O03154,2026-09-09T20:28:00,croissant,croissant,1,4200,paid
O03155,2026-09-09T20:22:00,croissant,croissant,1,4200,paid
O03156,2026-09-10T09:37:00,strawberry_latte,strawberry_latte,1,6200,paid
O03157,2026-09-10T09:35:00,iced_tea,iced_tea,1,4800,paid
O03158,2026-09-10T09:16:00,cafe_latte,cafe_latte,1,5200,paid
O03159,2026-09-10T09:08:00,iced_tea,iced_tea,1,4800,paid
O03160,2026-09-10T09:39:00,vanilla_latte,vanilla_latte,1,5700,paid
O03161,2026-09-10T09:02:00,strawberry_latte,strawberry_latte,1,6200,paid
O03162,2026-09-10T09:37:00,financier,financier,1,3500,paid
O03163,2026-09-10T09:14:00,americano,americano,1,4500,paid
O03164,2026-09-10T10:54:00,iced_tea,iced_tea,1,4800,paid
O03165,2026-09-10T10:38:00,financier,financier,1,3500,paid
O03166,2026-09-10T10:32:00,cold_brew,cold_brew,1,5500,paid
O03167,2026-09-10T10:15:00,cafe_latte,cafe_latte,1,5200,paid
O03168,2026-09-10T10:53:00,cold_brew,cold_brew,1,5500,paid
O03169,2026-09-10T10:56:00,cafe_latte,cafe_latte,1,5200,paid
O03170,2026-09-10T10:38:00,vanilla_latte,vanilla_latte,1,5700,paid
O03171,2026-09-10T11:23:00,espresso,espresso,1,4000,paid
O03172,2026-09-10T11:10:00,iced_tea,iced_tea,1,4800,paid
O03173,2026-09-10T11:09:00,americano,americano,1,4500,paid
O03174,2026-09-10T11:13:00,americano,americano,1,4500,paid
O03175,2026-09-10T11:47:00,financier,financier,1,3500,paid
O03176,2026-09-10T11:13:00,sandwich,sandwich,1,6800,paid
O03177,2026-09-10T11:46:00,sandwich,sandwich,1,6800,paid
O03178,2026-09-10T11:41:00,espresso,espresso,1,4000,paid
O03179,2026-09-10T11:14:00,cafe_latte,cafe_latte,2,10400,paid
O03180,2026-09-10T11:40:00,financier,financier,2,7000,paid
O03181,2026-09-10T12:54:00,financier,financier,1,3500,paid
O03182,2026-09-10T12:42:00,americano,americano,1,4500,paid
O03183,2026-09-10T12:17:00,financier,financier,1,3500,paid
O03184,2026-09-10T12:15:00,sandwich,sandwich,1,6800,paid
O03185,2026-09-10T12:23:00,strawberry_latte,strawberry_latte,1,6200,paid
O03186,2026-09-10T12:07:00,croissant,croissant,1,4200,paid
O03187,2026-09-10T12:56:00,croissant,croissant,1,4200,paid
O03188,2026-09-10T12:35:00,cold_brew,cold_brew,1,5500,paid
O03189,2026-09-10T12:41:00,cafe_latte,cafe_latte,2,10400,paid
O03190,2026-09-10T13:14:00,croissant,croissant,1,4200,paid
O03191,2026-09-10T13:15:00,vanilla_latte,vanilla_latte,2,11400,paid
O03192,2026-09-10T13:38:00,sandwich,sandwich,1,6800,paid
O03193,2026-09-10T13:07:00,iced_tea,iced_tea,1,4800,paid
O03194,2026-09-10T13:09:00,espresso,espresso,1,4000,paid
O03195,2026-09-10T13:49:00,croissant,croissant,1,4200,paid
O03196,2026-09-10T13:00:00,vanilla_latte,vanilla_latte,1,5700,paid
O03197,2026-09-10T13:48:00,cafe_latte,cafe_latte,1,5200,paid
O03198,2026-09-10T13:08:00,croissant,croissant,1,4200,paid
O03199,2026-09-10T13:10:00,espresso,espresso,1,4000,paid
O03200,2026-09-10T13:33:00,vanilla_latte,vanilla_latte,1,5700,paid
O03201,2026-09-10T13:25:00,espresso,espresso,1,4000,paid
O03202,2026-09-10T13:07:00,strawberry_latte,strawberry_latte,1,6200,paid
O03203,2026-09-10T14:06:00,sandwich,sandwich,1,6800,paid
O03204,2026-09-10T14:22:00,cafe_latte,cafe_latte,1,5200,paid
O03205,2026-09-10T14:47:00,espresso,espresso,1,4000,paid
O03206,2026-09-10T14:44:00,iced_tea,iced_tea,1,4800,paid
O03207,2026-09-10T14:37:00,vanilla_latte,vanilla_latte,1,5700,paid
O03208,2026-09-10T14:00:00,cafe_latte,cafe_latte,1,5200,paid
O03209,2026-09-10T14:41:00,sandwich,sandwich,1,6800,paid
O03210,2026-09-10T14:11:00,espresso,espresso,1,4000,paid
O03211,2026-09-10T14:49:00,sandwich,sandwich,1,6800,paid
O03212,2026-09-10T14:21:00,strawberry_latte,strawberry_latte,1,6200,paid
O03213,2026-09-10T14:33:00,sandwich,sandwich,1,6800,paid
O03214,2026-09-10T14:27:00,financier,financier,1,3500,paid
O03215,2026-09-10T15:09:00,cold_brew,cold_brew,1,5500,paid
O03216,2026-09-10T15:17:00,strawberry_latte,strawberry_latte,1,6200,paid
O03217,2026-09-10T15:22:00,sandwich,sandwich,1,6800,paid
O03218,2026-09-10T15:17:00,vanilla_latte,vanilla_latte,1,5700,paid
O03219,2026-09-10T15:10:00,croissant,croissant,1,4200,paid
O03220,2026-09-10T15:48:00,iced_tea,iced_tea,2,9600,paid
O03221,2026-09-10T15:09:00,strawberry_latte,strawberry_latte,1,6200,paid
O03222,2026-09-10T15:32:00,strawberry_latte,strawberry_latte,1,6200,paid
O03223,2026-09-10T15:02:00,americano,americano,1,4500,paid
O03224,2026-09-10T15:00:00,financier,financier,1,3500,paid
O03225,2026-09-10T15:18:00,americano,americano,1,4500,paid
O03226,2026-09-10T15:33:00,espresso,espresso,1,4000,paid
O03227,2026-09-10T16:45:00,iced_tea,iced_tea,2,9600,paid
O03228,2026-09-10T16:31:00,croissant,croissant,1,4200,paid
O03229,2026-09-10T16:17:00,cafe_latte,cafe_latte,1,5200,paid
O03230,2026-09-10T16:47:00,cold_brew,cold_brew,1,5500,paid
O03231,2026-09-10T16:32:00,cafe_latte,cafe_latte,1,5200,paid
O03232,2026-09-10T16:47:00,iced_tea,iced_tea,1,4800,paid
O03233,2026-09-10T16:20:00,cafe_latte,cafe_latte,1,5200,paid
O03234,2026-09-10T16:45:00,espresso,espresso,1,4000,paid
O03235,2026-09-10T16:35:00,cold_brew,cold_brew,1,5500,paid
O03236,2026-09-10T16:37:00,americano,americano,1,4500,paid
O03237,2026-09-10T16:16:00,strawberry_latte,strawberry_latte,1,6200,paid
O03238,2026-09-10T17:18:00,vanilla_latte,vanilla_latte,1,5700,paid
O03239,2026-09-10T17:05:00,strawberry_latte,strawberry_latte,1,6200,paid
O03240,2026-09-10T17:04:00,strawberry_latte,strawberry_latte,1,6200,paid
O03241,2026-09-10T17:45:00,financier,financier,1,3500,paid
O03242,2026-09-10T17:16:00,americano,americano,1,4500,paid
O03243,2026-09-10T17:15:00,espresso,espresso,1,4000,paid
O03244,2026-09-10T17:11:00,croissant,croissant,1,4200,paid
O03245,2026-09-10T17:42:00,strawberry_latte,strawberry_latte,1,6200,paid
O03246,2026-09-10T17:25:00,croissant,croissant,1,4200,paid
O03247,2026-09-10T17:18:00,cold_brew,cold_brew,1,5500,paid
O03248,2026-09-10T17:56:00,strawberry_latte,strawberry_latte,1,6200,paid
O03249,2026-09-10T17:20:00,espresso,espresso,2,8000,paid
O03250,2026-09-10T17:29:00,espresso,espresso,1,4000,paid
O03251,2026-09-10T18:45:00,cold_brew,cold_brew,1,5500,paid
O03252,2026-09-10T18:55:00,croissant,croissant,1,4200,paid
O03253,2026-09-10T18:15:00,sandwich,sandwich,1,6800,paid
O03254,2026-09-10T18:13:00,iced_tea,iced_tea,1,4800,paid
O03255,2026-09-10T18:20:00,americano,americano,1,4500,paid
O03256,2026-09-10T18:51:00,cold_brew,cold_brew,1,5500,paid
O03257,2026-09-10T18:58:00,espresso,espresso,1,4000,paid
O03258,2026-09-10T18:14:00,iced_tea,iced_tea,1,4800,paid
O03259,2026-09-10T18:26:00,americano,americano,1,4500,paid
O03260,2026-09-10T18:34:00,sandwich,sandwich,1,6800,paid
O03261,2026-09-10T19:08:00,sandwich,sandwich,1,6800,paid
O03262,2026-09-10T19:46:00,financier,financier,1,3500,paid
O03263,2026-09-10T19:45:00,espresso,espresso,1,4000,paid
O03264,2026-09-10T19:35:00,cold_brew,cold_brew,1,5500,paid
O03265,2026-09-10T19:23:00,americano,americano,1,4500,paid
O03266,2026-09-10T19:53:00,strawberry_latte,strawberry_latte,2,12400,paid
O03267,2026-09-10T19:14:00,espresso,espresso,1,4000,paid
O03268,2026-09-10T20:13:00,cold_brew,cold_brew,1,5500,paid
O03269,2026-09-10T20:02:00,strawberry_latte,strawberry_latte,2,12400,paid
O03270,2026-09-10T20:25:00,financier,financier,1,3500,paid
O03271,2026-09-10T20:19:00,americano,americano,1,4500,paid
O03272,2026-09-10T20:44:00,strawberry_latte,strawberry_latte,1,6200,paid
O03273,2026-09-10T20:07:00,americano,americano,1,4500,paid
O03274,2026-09-10T20:47:00,espresso,espresso,1,4000,paid
O03275,2026-09-10T20:32:00,cafe_latte,cafe_latte,1,5200,paid
O03276,2026-09-11T09:53:00,americano,americano,1,4500,paid
O03277,2026-09-11T09:06:00,sandwich,sandwich,2,13600,paid
O03278,2026-09-11T09:38:00,espresso,espresso,1,4000,paid
O03279,2026-09-11T09:47:00,cold_brew,cold_brew,1,5500,paid
O03280,2026-09-11T09:12:00,iced_tea,iced_tea,1,4800,paid
O03281,2026-09-11T09:36:00,iced_tea,iced_tea,2,9600,paid
O03282,2026-09-11T09:05:00,espresso,espresso,1,4000,paid
O03283,2026-09-11T09:30:00,espresso,espresso,1,4000,paid
O03284,2026-09-11T09:24:00,financier,financier,1,3500,paid
O03285,2026-09-11T10:48:00,espresso,espresso,2,8000,paid
O03286,2026-09-11T10:36:00,cafe_latte,cafe_latte,1,5200,paid
O03287,2026-09-11T10:28:00,espresso,espresso,1,4000,paid
O03288,2026-09-11T10:41:00,croissant,croissant,1,4200,paid
O03289,2026-09-11T10:40:00,cold_brew,cold_brew,1,5500,paid
O03290,2026-09-11T10:13:00,cafe_latte,cafe_latte,1,5200,paid
O03291,2026-09-11T10:09:00,sandwich,sandwich,1,6800,paid
O03292,2026-09-11T11:36:00,financier,financier,1,3500,paid
O03293,2026-09-11T11:16:00,americano,americano,1,4500,paid
O03294,2026-09-11T11:53:00,iced_tea,iced_tea,1,4800,paid
O03295,2026-09-11T11:36:00,americano,americano,1,4500,paid
O03296,2026-09-11T11:17:00,espresso,espresso,1,4000,paid
O03297,2026-09-11T11:34:00,financier,financier,1,3500,paid
O03298,2026-09-11T11:15:00,cold_brew,cold_brew,2,11000,paid
O03299,2026-09-11T11:32:00,croissant,croissant,1,4200,paid
O03300,2026-09-11T12:04:00,cafe_latte,cafe_latte,1,5200,paid
O03301,2026-09-11T12:10:00,vanilla_latte,vanilla_latte,1,5700,paid
O03302,2026-09-11T12:28:00,cafe_latte,cafe_latte,1,5200,paid
O03303,2026-09-11T12:31:00,americano,americano,1,4500,paid
O03304,2026-09-11T12:47:00,financier,financier,1,3500,paid
O03305,2026-09-11T12:18:00,espresso,espresso,1,4000,paid
O03306,2026-09-11T12:46:00,espresso,espresso,2,8000,paid
O03307,2026-09-11T12:56:00,financier,financier,1,3500,paid
O03308,2026-09-11T12:09:00,sandwich,sandwich,1,6800,paid
O03309,2026-09-11T13:23:00,sandwich,sandwich,2,13600,paid
O03310,2026-09-11T13:29:00,sandwich,sandwich,1,6800,paid
O03311,2026-09-11T13:46:00,cold_brew,cold_brew,2,11000,paid
O03312,2026-09-11T13:53:00,vanilla_latte,vanilla_latte,1,5700,paid
O03313,2026-09-11T13:11:00,americano,americano,1,4500,paid
O03314,2026-09-11T13:00:00,croissant,croissant,1,4200,paid
O03315,2026-09-11T13:06:00,strawberry_latte,strawberry_latte,1,6200,paid
O03316,2026-09-11T13:03:00,croissant,croissant,1,4200,paid
O03317,2026-09-11T13:04:00,croissant,croissant,1,4200,paid
O03318,2026-09-11T13:22:00,financier,financier,1,3500,paid
O03319,2026-09-11T13:52:00,strawberry_latte,strawberry_latte,1,6200,paid
O03320,2026-09-11T13:23:00,sandwich,sandwich,1,6800,paid
O03321,2026-09-11T14:41:00,iced_tea,iced_tea,1,4800,paid
O03322,2026-09-11T14:06:00,cafe_latte,cafe_latte,1,5200,paid
O03323,2026-09-11T14:36:00,iced_tea,iced_tea,1,4800,paid
O03324,2026-09-11T14:37:00,vanilla_latte,vanilla_latte,1,5700,paid
O03325,2026-09-11T14:54:00,cold_brew,cold_brew,1,5500,paid
O03326,2026-09-11T14:51:00,sandwich,sandwich,1,6800,paid
O03327,2026-09-11T14:00:00,croissant,croissant,1,4200,paid
O03328,2026-09-11T14:51:00,strawberry_latte,strawberry_latte,1,6200,paid
O03329,2026-09-11T14:30:00,vanilla_latte,vanilla_latte,1,5700,paid
O03330,2026-09-11T14:03:00,cold_brew,cold_brew,1,5500,paid
O03331,2026-09-11T14:27:00,financier,financier,1,3500,paid
O03332,2026-09-11T14:48:00,cold_brew,cold_brew,1,5500,paid
O03333,2026-09-11T14:24:00,strawberry_latte,strawberry_latte,1,6200,paid
O03334,2026-09-11T15:33:00,cold_brew,cold_brew,1,5500,paid
O03335,2026-09-11T15:38:00,financier,financier,1,3500,paid
O03336,2026-09-11T15:53:00,vanilla_latte,vanilla_latte,2,11400,paid
O03337,2026-09-11T15:35:00,vanilla_latte,vanilla_latte,1,5700,paid
O03338,2026-09-11T15:16:00,croissant,croissant,1,4200,paid
O03339,2026-09-11T15:41:00,financier,financier,1,3500,paid
O03340,2026-09-11T15:23:00,vanilla_latte,vanilla_latte,1,5700,paid
O03341,2026-09-11T15:13:00,cold_brew,cold_brew,1,5500,paid
O03342,2026-09-11T15:58:00,financier,financier,1,3500,paid
O03343,2026-09-11T15:59:00,espresso,espresso,1,4000,paid
O03344,2026-09-11T15:33:00,strawberry_latte,strawberry_latte,1,6200,paid
O03345,2026-09-11T15:21:00,americano,americano,1,4500,paid
O03346,2026-09-11T15:32:00,cold_brew,cold_brew,2,11000,paid
O03347,2026-09-11T15:41:00,sandwich,sandwich,1,6800,paid
O03348,2026-09-11T16:44:00,espresso,espresso,1,4000,paid
O03349,2026-09-11T16:36:00,iced_tea,iced_tea,1,4800,paid
O03350,2026-09-11T16:40:00,croissant,croissant,2,8400,paid
O03351,2026-09-11T16:47:00,croissant,croissant,1,4200,paid
O03352,2026-09-11T16:01:00,cafe_latte,cafe_latte,1,5200,paid
O03353,2026-09-11T16:11:00,vanilla_latte,vanilla_latte,1,5700,paid
O03354,2026-09-11T16:54:00,cafe_latte,cafe_latte,1,5200,paid
O03355,2026-09-11T16:45:00,americano,americano,1,4500,paid
O03356,2026-09-11T16:34:00,cold_brew,cold_brew,1,5500,paid
O03357,2026-09-11T16:47:00,strawberry_latte,strawberry_latte,1,6200,paid
O03358,2026-09-11T16:54:00,cold_brew,cold_brew,1,5500,paid
O03359,2026-09-11T16:37:00,vanilla_latte,vanilla_latte,2,11400,paid
O03360,2026-09-11T17:42:00,financier,financier,1,3500,paid
O03361,2026-09-11T17:42:00,espresso,espresso,1,4000,paid
O03362,2026-09-11T17:48:00,cafe_latte,cafe_latte,1,5200,paid
O03363,2026-09-11T17:05:00,vanilla_latte,vanilla_latte,1,5700,paid
O03364,2026-09-11T17:38:00,croissant,croissant,1,4200,paid
O03365,2026-09-11T17:40:00,financier,financier,1,3500,paid
O03366,2026-09-11T17:22:00,iced_tea,iced_tea,1,4800,paid
O03367,2026-09-11T17:53:00,cold_brew,cold_brew,1,5500,paid
O03368,2026-09-11T17:05:00,sandwich,sandwich,2,13600,paid
O03369,2026-09-11T17:05:00,cafe_latte,cafe_latte,1,5200,paid
O03370,2026-09-11T17:01:00,cold_brew,cold_brew,1,5500,paid
O03371,2026-09-11T17:23:00,americano,americano,1,4500,paid
O03372,2026-09-11T17:15:00,cafe_latte,cafe_latte,1,5200,paid
O03373,2026-09-11T17:47:00,strawberry_latte,strawberry_latte,1,6200,paid
O03374,2026-09-11T18:11:00,espresso,espresso,1,4000,paid
O03375,2026-09-11T18:26:00,vanilla_latte,vanilla_latte,1,5700,paid
O03376,2026-09-11T18:12:00,strawberry_latte,strawberry_latte,1,6200,paid
O03377,2026-09-11T18:28:00,iced_tea,iced_tea,1,4800,paid
O03378,2026-09-11T18:37:00,cafe_latte,cafe_latte,1,5200,paid
O03379,2026-09-11T18:33:00,cold_brew,cold_brew,1,5500,paid
O03380,2026-09-11T18:53:00,vanilla_latte,vanilla_latte,1,5700,paid
O03381,2026-09-11T19:44:00,financier,financier,1,3500,paid
O03382,2026-09-11T19:43:00,cold_brew,cold_brew,1,5500,paid
O03383,2026-09-11T19:32:00,strawberry_latte,strawberry_latte,1,6200,paid
O03384,2026-09-11T19:49:00,iced_tea,iced_tea,1,4800,paid
O03385,2026-09-11T19:16:00,iced_tea,iced_tea,1,4800,paid
O03386,2026-09-11T19:40:00,cafe_latte,cafe_latte,1,5200,paid
O03387,2026-09-11T19:37:00,croissant,croissant,1,4200,paid
O03388,2026-09-11T19:42:00,cold_brew,cold_brew,1,5500,paid
O03389,2026-09-11T19:06:00,americano,americano,1,4500,paid
O03390,2026-09-11T20:21:00,vanilla_latte,vanilla_latte,1,5700,paid
O03391,2026-09-11T20:22:00,cafe_latte,cafe_latte,1,5200,paid
O03392,2026-09-11T20:11:00,vanilla_latte,vanilla_latte,1,5700,paid
O03393,2026-09-11T20:29:00,croissant,croissant,1,4200,paid
O03394,2026-09-11T20:46:00,sandwich,sandwich,1,6800,paid
O03395,2026-09-11T20:16:00,croissant,croissant,1,4200,paid
O03396,2026-09-11T20:43:00,sandwich,sandwich,1,6800,paid
O03397,2026-09-11T20:59:00,iced_tea,iced_tea,1,4800,paid
O03398,2026-09-11T20:27:00,financier,financier,1,3500,paid
O03399,2026-09-12T09:10:00,espresso,espresso,1,4000,paid
O03400,2026-09-12T09:56:00,vanilla_latte,vanilla_latte,2,11400,paid
O03401,2026-09-12T09:36:00,financier,financier,1,3500,paid
O03402,2026-09-12T09:50:00,vanilla_latte,vanilla_latte,1,5700,paid
O03403,2026-09-12T09:49:00,cafe_latte,cafe_latte,1,5200,paid
O03404,2026-09-12T09:10:00,cold_brew,cold_brew,1,5500,paid
O03405,2026-09-12T09:12:00,americano,americano,1,4500,paid
O03406,2026-09-12T09:11:00,iced_tea,iced_tea,1,4800,paid
O03407,2026-09-12T09:46:00,strawberry_latte,strawberry_latte,1,6200,paid
O03408,2026-09-12T09:54:00,vanilla_latte,vanilla_latte,1,5700,paid
O03409,2026-09-12T09:22:00,americano,americano,1,4500,paid
O03410,2026-09-12T09:25:00,croissant,croissant,1,4200,paid
O03411,2026-09-12T10:45:00,espresso,espresso,1,4000,paid
O03412,2026-09-12T10:20:00,cafe_latte,cafe_latte,1,5200,paid
O03413,2026-09-12T10:57:00,espresso,espresso,1,4000,paid
O03414,2026-09-12T10:34:00,espresso,espresso,1,4000,paid
O03415,2026-09-12T10:47:00,cold_brew,cold_brew,1,5500,paid
O03416,2026-09-12T10:38:00,americano,americano,1,4500,paid
O03417,2026-09-12T10:21:00,strawberry_latte,strawberry_latte,1,6200,paid
O03418,2026-09-12T10:48:00,americano,americano,1,4500,paid
O03419,2026-09-12T10:08:00,cafe_latte,cafe_latte,1,5200,paid
O03420,2026-09-12T10:19:00,strawberry_latte,strawberry_latte,1,6200,paid
O03421,2026-09-12T10:41:00,cafe_latte,cafe_latte,1,5200,paid
O03422,2026-09-12T11:43:00,iced_tea,iced_tea,1,4800,paid
O03423,2026-09-12T11:26:00,americano,americano,1,4500,paid
O03424,2026-09-12T11:33:00,vanilla_latte,vanilla_latte,1,5700,paid
O03425,2026-09-12T11:22:00,croissant,croissant,1,4200,paid
O03426,2026-09-12T11:00:00,espresso,espresso,1,4000,paid
O03427,2026-09-12T11:32:00,cold_brew,cold_brew,1,5500,paid
O03428,2026-09-12T11:41:00,croissant,croissant,1,4200,paid
O03429,2026-09-12T11:19:00,espresso,espresso,1,4000,paid
O03430,2026-09-12T11:07:00,iced_tea,iced_tea,1,4800,paid
O03431,2026-09-12T12:30:00,financier,financier,1,3500,paid
O03432,2026-09-12T12:07:00,financier,financier,2,7000,paid
O03433,2026-09-12T12:24:00,espresso,espresso,1,4000,paid
O03434,2026-09-12T12:59:00,vanilla_latte,vanilla_latte,1,5700,paid
O03435,2026-09-12T12:52:00,iced_tea,iced_tea,1,4800,paid
O03436,2026-09-12T12:29:00,croissant,croissant,1,4200,paid
O03437,2026-09-12T12:31:00,americano,americano,1,4500,paid
O03438,2026-09-12T12:38:00,cold_brew,cold_brew,1,5500,paid
O03439,2026-09-12T12:43:00,iced_tea,iced_tea,1,4800,paid
O03440,2026-09-12T12:11:00,americano,americano,1,4500,paid
O03441,2026-09-12T12:28:00,cold_brew,cold_brew,1,5500,paid
O03442,2026-09-12T13:46:00,sandwich,sandwich,1,6800,paid
O03443,2026-09-12T13:15:00,financier,financier,1,3500,paid
O03444,2026-09-12T13:08:00,cafe_latte,cafe_latte,1,5200,paid
O03445,2026-09-12T13:17:00,croissant,croissant,1,4200,paid
O03446,2026-09-12T13:15:00,croissant,croissant,1,4200,paid
O03447,2026-09-12T13:04:00,sandwich,sandwich,1,6800,paid
O03448,2026-09-12T13:38:00,cold_brew,cold_brew,1,5500,paid
O03449,2026-09-12T13:46:00,espresso,espresso,1,4000,paid
O03450,2026-09-12T13:47:00,cold_brew,cold_brew,2,11000,paid
O03451,2026-09-12T13:11:00,espresso,espresso,1,4000,paid
O03452,2026-09-12T13:27:00,cafe_latte,cafe_latte,1,5200,paid
O03453,2026-09-12T13:19:00,strawberry_latte,strawberry_latte,1,6200,paid
O03454,2026-09-12T13:50:00,financier,financier,1,3500,paid
O03455,2026-09-12T13:30:00,americano,americano,1,4500,paid
O03456,2026-09-12T13:44:00,espresso,espresso,1,4000,paid
O03457,2026-09-12T14:38:00,financier,financier,1,3500,paid
O03458,2026-09-12T14:17:00,vanilla_latte,vanilla_latte,1,5700,paid
O03459,2026-09-12T14:50:00,espresso,espresso,1,4000,paid
O03460,2026-09-12T14:29:00,vanilla_latte,vanilla_latte,1,5700,paid
O03461,2026-09-12T14:14:00,cold_brew,cold_brew,1,5500,paid
O03462,2026-09-12T14:39:00,cold_brew,cold_brew,1,5500,paid
O03463,2026-09-12T14:37:00,sandwich,sandwich,1,6800,paid
O03464,2026-09-12T14:24:00,sandwich,sandwich,1,6800,paid
O03465,2026-09-12T14:21:00,financier,financier,1,3500,paid
O03466,2026-09-12T14:09:00,cold_brew,cold_brew,1,5500,paid
O03467,2026-09-12T14:44:00,croissant,croissant,1,4200,paid
O03468,2026-09-12T14:02:00,espresso,espresso,1,4000,paid
O03469,2026-09-12T14:35:00,cafe_latte,cafe_latte,1,5200,paid
O03470,2026-09-12T14:33:00,cafe_latte,cafe_latte,1,5200,paid
O03471,2026-09-12T14:20:00,iced_tea,iced_tea,1,4800,paid
O03472,2026-09-12T14:39:00,croissant,croissant,1,4200,paid
O03473,2026-09-12T14:36:00,vanilla_latte,vanilla_latte,1,5700,paid
O03474,2026-09-12T15:31:00,iced_tea,iced_tea,1,4800,paid
O03475,2026-09-12T15:08:00,espresso,espresso,2,8000,paid
O03476,2026-09-12T15:07:00,sandwich,sandwich,2,13600,paid
O03477,2026-09-12T15:07:00,espresso,espresso,1,4000,paid
O03478,2026-09-12T15:10:00,iced_tea,iced_tea,1,4800,paid
O03479,2026-09-12T15:48:00,financier,financier,1,3500,paid
O03480,2026-09-12T15:17:00,espresso,espresso,2,8000,paid
O03481,2026-09-12T15:42:00,cold_brew,cold_brew,1,5500,paid
O03482,2026-09-12T15:25:00,financier,financier,1,3500,paid
O03483,2026-09-12T15:29:00,espresso,espresso,1,4000,paid
O03484,2026-09-12T15:55:00,croissant,croissant,1,4200,paid
O03485,2026-09-12T15:34:00,espresso,espresso,1,4000,paid
O03486,2026-09-12T15:43:00,croissant,croissant,1,4200,paid
O03487,2026-09-12T15:26:00,espresso,espresso,1,4000,paid
O03488,2026-09-12T15:01:00,espresso,espresso,1,4000,paid
O03489,2026-09-12T15:39:00,strawberry_latte,strawberry_latte,1,6200,paid
O03490,2026-09-12T16:26:00,sandwich,sandwich,1,6800,paid
O03491,2026-09-12T16:10:00,cold_brew,cold_brew,1,5500,paid
O03492,2026-09-12T16:23:00,croissant,croissant,1,4200,paid
O03493,2026-09-12T16:41:00,sandwich,sandwich,1,6800,paid
O03494,2026-09-12T16:12:00,financier,financier,1,3500,paid
O03495,2026-09-12T16:55:00,croissant,croissant,1,4200,paid
O03496,2026-09-12T16:45:00,vanilla_latte,vanilla_latte,1,5700,paid
O03497,2026-09-12T16:04:00,cold_brew,cold_brew,1,5500,paid
O03498,2026-09-12T16:29:00,strawberry_latte,strawberry_latte,1,6200,paid
O03499,2026-09-12T16:15:00,sandwich,sandwich,1,6800,paid
O03500,2026-09-12T16:07:00,croissant,croissant,1,4200,paid
O03501,2026-09-12T16:58:00,cold_brew,cold_brew,1,5500,paid
O03502,2026-09-12T16:04:00,strawberry_latte,strawberry_latte,1,6200,paid
O03503,2026-09-12T16:26:00,americano,americano,1,4500,paid
O03504,2026-09-12T16:04:00,croissant,croissant,1,4200,paid
O03505,2026-09-12T16:34:00,iced_tea,iced_tea,1,4800,paid
O03506,2026-09-12T17:28:00,financier,financier,1,3500,paid
O03507,2026-09-12T17:25:00,americano,americano,1,4500,paid
O03508,2026-09-12T17:59:00,cold_brew,cold_brew,1,5500,paid
O03509,2026-09-12T17:07:00,croissant,croissant,1,4200,paid
O03510,2026-09-12T17:48:00,vanilla_latte,vanilla_latte,1,5700,paid
O03511,2026-09-12T17:23:00,cafe_latte,cafe_latte,1,5200,paid
O03512,2026-09-12T17:15:00,cold_brew,cold_brew,1,5500,paid
O03513,2026-09-12T17:21:00,strawberry_latte,strawberry_latte,1,6200,paid
O03514,2026-09-12T17:31:00,croissant,croissant,1,4200,paid
O03515,2026-09-12T17:44:00,iced_tea,iced_tea,1,4800,paid
O03516,2026-09-12T17:44:00,cold_brew,cold_brew,1,5500,paid
O03517,2026-09-12T17:02:00,sandwich,sandwich,1,6800,paid
O03518,2026-09-12T17:01:00,vanilla_latte,vanilla_latte,1,5700,paid
O03519,2026-09-12T17:45:00,cold_brew,cold_brew,1,5500,paid
O03520,2026-09-12T18:30:00,sandwich,sandwich,1,6800,paid
O03521,2026-09-12T18:51:00,iced_tea,iced_tea,1,4800,paid
O03522,2026-09-12T18:54:00,vanilla_latte,vanilla_latte,1,5700,paid
O03523,2026-09-12T18:01:00,iced_tea,iced_tea,1,4800,paid
O03524,2026-09-12T18:37:00,sandwich,sandwich,1,6800,paid
O03525,2026-09-12T18:32:00,iced_tea,iced_tea,1,4800,paid
O03526,2026-09-12T18:57:00,espresso,espresso,1,4000,paid
O03527,2026-09-12T18:37:00,cold_brew,cold_brew,1,5500,paid
O03528,2026-09-12T18:24:00,cold_brew,cold_brew,1,5500,paid
O03529,2026-09-12T18:30:00,vanilla_latte,vanilla_latte,1,5700,paid
O03530,2026-09-12T19:04:00,americano,americano,1,4500,paid
O03531,2026-09-12T19:14:00,strawberry_latte,strawberry_latte,1,6200,paid
O03532,2026-09-12T19:46:00,iced_tea,iced_tea,1,4800,paid
O03533,2026-09-12T19:29:00,strawberry_latte,strawberry_latte,1,6200,paid
O03534,2026-09-12T19:54:00,americano,americano,1,4500,paid
O03535,2026-09-12T19:23:00,strawberry_latte,strawberry_latte,1,6200,paid
O03536,2026-09-12T19:21:00,espresso,espresso,1,4000,paid
O03537,2026-09-12T19:34:00,cafe_latte,cafe_latte,1,5200,paid
O03538,2026-09-12T19:03:00,cafe_latte,cafe_latte,2,10400,paid
O03539,2026-09-12T20:51:00,strawberry_latte,strawberry_latte,1,6200,paid
O03540,2026-09-12T20:45:00,strawberry_latte,strawberry_latte,1,6200,paid
O03541,2026-09-12T20:38:00,vanilla_latte,vanilla_latte,1,5700,paid
O03542,2026-09-12T20:47:00,financier,financier,1,3500,paid
O03543,2026-09-12T20:08:00,cafe_latte,cafe_latte,2,10400,paid
O03544,2026-09-12T20:14:00,iced_tea,iced_tea,1,4800,paid
O03545,2026-09-12T20:30:00,sandwich,sandwich,1,6800,paid
O03546,2026-09-12T20:50:00,cafe_latte,cafe_latte,1,5200,paid
O03547,2026-09-12T20:04:00,cold_brew,cold_brew,1,5500,paid
O03548,2026-09-12T20:05:00,croissant,croissant,1,4200,paid
O03549,2026-09-13T09:38:00,financier,financier,1,3500,paid
O03550,2026-09-13T09:37:00,iced_tea,iced_tea,1,4800,paid
O03551,2026-09-13T09:28:00,cafe_latte,cafe_latte,1,5200,paid
O03552,2026-09-13T09:39:00,sandwich,sandwich,1,6800,paid
O03553,2026-09-13T09:26:00,americano,americano,1,4500,paid
O03554,2026-09-13T09:11:00,iced_tea,iced_tea,1,4800,paid
O03555,2026-09-13T09:18:00,financier,financier,1,3500,paid
O03556,2026-09-13T09:15:00,iced_tea,iced_tea,1,4800,paid
O03557,2026-09-13T09:32:00,iced_tea,iced_tea,1,4800,paid
O03558,2026-09-13T09:48:00,croissant,croissant,1,4200,paid
O03559,2026-09-13T10:32:00,americano,americano,1,4500,paid
O03560,2026-09-13T10:04:00,croissant,croissant,1,4200,paid
O03561,2026-09-13T10:55:00,iced_tea,iced_tea,1,4800,paid
O03562,2026-09-13T10:34:00,cold_brew,cold_brew,1,5500,paid
O03563,2026-09-13T10:48:00,strawberry_latte,strawberry_latte,1,6200,paid
O03564,2026-09-13T10:19:00,strawberry_latte,strawberry_latte,1,6200,paid
O03565,2026-09-13T10:43:00,financier,financier,1,3500,paid
O03566,2026-09-13T10:43:00,sandwich,sandwich,1,6800,paid
O03567,2026-09-13T10:49:00,cold_brew,cold_brew,1,5500,paid
O03568,2026-09-13T10:39:00,vanilla_latte,vanilla_latte,1,5700,paid
O03569,2026-09-13T10:30:00,cold_brew,cold_brew,2,11000,paid
O03570,2026-09-13T10:17:00,espresso,espresso,1,4000,paid
O03571,2026-09-13T11:53:00,croissant,croissant,2,8400,paid
O03572,2026-09-13T11:21:00,cold_brew,cold_brew,1,5500,paid
O03573,2026-09-13T11:27:00,cold_brew,cold_brew,1,5500,paid
O03574,2026-09-13T11:00:00,espresso,espresso,1,4000,paid
O03575,2026-09-13T11:22:00,americano,americano,2,9000,paid
O03576,2026-09-13T11:01:00,croissant,croissant,1,4200,paid
O03577,2026-09-13T11:16:00,strawberry_latte,strawberry_latte,1,6200,paid
O03578,2026-09-13T11:27:00,cold_brew,cold_brew,1,5500,paid
O03579,2026-09-13T11:47:00,cold_brew,cold_brew,1,5500,paid
O03580,2026-09-13T12:54:00,sandwich,sandwich,1,6800,paid
O03581,2026-09-13T12:10:00,cafe_latte,cafe_latte,1,5200,paid
O03582,2026-09-13T12:37:00,croissant,croissant,2,8400,paid
O03583,2026-09-13T12:24:00,americano,americano,1,4500,paid
O03584,2026-09-13T12:38:00,strawberry_latte,strawberry_latte,1,6200,paid
O03585,2026-09-13T12:03:00,espresso,espresso,1,4000,paid
O03586,2026-09-13T12:28:00,iced_tea,iced_tea,1,4800,paid
O03587,2026-09-13T12:56:00,cafe_latte,cafe_latte,1,5200,paid
O03588,2026-09-13T12:46:00,cold_brew,cold_brew,2,11000,paid
O03589,2026-09-13T13:36:00,vanilla_latte,vanilla_latte,1,5700,paid
O03590,2026-09-13T13:15:00,financier,financier,1,3500,paid
O03591,2026-09-13T13:42:00,sandwich,sandwich,1,6800,paid
O03592,2026-09-13T13:18:00,financier,financier,1,3500,paid
O03593,2026-09-13T13:04:00,vanilla_latte,vanilla_latte,1,5700,paid
O03594,2026-09-13T13:28:00,cold_brew,cold_brew,2,11000,paid
O03595,2026-09-13T13:14:00,vanilla_latte,vanilla_latte,1,5700,paid
O03596,2026-09-13T13:43:00,cold_brew,cold_brew,1,5500,paid
O03597,2026-09-13T13:59:00,iced_tea,iced_tea,1,4800,paid
O03598,2026-09-13T13:26:00,vanilla_latte,vanilla_latte,1,5700,paid
O03599,2026-09-13T13:51:00,espresso,espresso,1,4000,paid
O03600,2026-09-13T13:32:00,financier,financier,1,3500,paid
O03601,2026-09-13T13:02:00,americano,americano,1,4500,paid
O03602,2026-09-13T13:31:00,cold_brew,cold_brew,1,5500,paid
O03603,2026-09-13T13:04:00,sandwich,sandwich,1,6800,paid
O03604,2026-09-13T13:35:00,sandwich,sandwich,1,6800,paid
O03605,2026-09-13T14:54:00,vanilla_latte,vanilla_latte,1,5700,paid
O03606,2026-09-13T14:39:00,sandwich,sandwich,2,13600,paid
O03607,2026-09-13T14:27:00,cafe_latte,cafe_latte,1,5200,paid
O03608,2026-09-13T14:56:00,croissant,croissant,1,4200,paid
O03609,2026-09-13T14:41:00,cold_brew,cold_brew,1,5500,paid
O03610,2026-09-13T14:49:00,cold_brew,cold_brew,1,5500,paid
O03611,2026-09-13T14:18:00,americano,americano,1,4500,paid
O03612,2026-09-13T14:01:00,sandwich,sandwich,1,6800,paid
O03613,2026-09-13T14:09:00,strawberry_latte,strawberry_latte,1,6200,paid
O03614,2026-09-13T14:49:00,strawberry_latte,strawberry_latte,1,6200,paid
O03615,2026-09-13T14:42:00,financier,financier,1,3500,paid
O03616,2026-09-13T14:57:00,sandwich,sandwich,2,13600,paid
O03617,2026-09-13T14:09:00,vanilla_latte,vanilla_latte,1,5700,paid
O03618,2026-09-13T14:01:00,iced_tea,iced_tea,1,4800,paid
O03619,2026-09-13T14:02:00,sandwich,sandwich,2,13600,paid
O03620,2026-09-13T14:04:00,financier,financier,1,3500,paid
O03621,2026-09-13T14:42:00,cold_brew,cold_brew,2,11000,paid
O03622,2026-09-13T15:17:00,vanilla_latte,vanilla_latte,1,5700,paid
O03623,2026-09-13T15:01:00,strawberry_latte,strawberry_latte,1,6200,paid
O03624,2026-09-13T15:24:00,croissant,croissant,1,4200,paid
O03625,2026-09-13T15:54:00,croissant,croissant,1,4200,paid
O03626,2026-09-13T15:28:00,espresso,espresso,1,4000,paid
O03627,2026-09-13T15:24:00,strawberry_latte,strawberry_latte,1,6200,paid
O03628,2026-09-13T15:11:00,cafe_latte,cafe_latte,1,5200,paid
O03629,2026-09-13T15:07:00,sandwich,sandwich,1,6800,paid
O03630,2026-09-13T15:31:00,strawberry_latte,strawberry_latte,1,6200,paid
O03631,2026-09-13T15:20:00,cold_brew,cold_brew,1,5500,paid
O03632,2026-09-13T15:05:00,strawberry_latte,strawberry_latte,1,6200,paid
O03633,2026-09-13T15:32:00,cold_brew,cold_brew,1,5500,paid
O03634,2026-09-13T15:24:00,croissant,croissant,1,4200,paid
O03635,2026-09-13T15:06:00,espresso,espresso,2,8000,paid
O03636,2026-09-13T15:53:00,cold_brew,cold_brew,2,11000,paid
O03637,2026-09-13T16:05:00,strawberry_latte,strawberry_latte,2,12400,paid
O03638,2026-09-13T16:17:00,croissant,croissant,1,4200,paid
O03639,2026-09-13T16:15:00,americano,americano,1,4500,paid
O03640,2026-09-13T16:33:00,sandwich,sandwich,1,6800,paid
O03641,2026-09-13T16:48:00,vanilla_latte,vanilla_latte,1,5700,paid
O03642,2026-09-13T16:13:00,americano,americano,1,4500,paid
O03643,2026-09-13T16:52:00,cold_brew,cold_brew,1,5500,paid
O03644,2026-09-13T16:59:00,espresso,espresso,1,4000,paid
O03645,2026-09-13T16:51:00,vanilla_latte,vanilla_latte,1,5700,paid
O03646,2026-09-13T16:07:00,cold_brew,cold_brew,1,5500,paid
O03647,2026-09-13T16:19:00,americano,americano,1,4500,paid
O03648,2026-09-13T16:16:00,cold_brew,cold_brew,2,11000,paid
O03649,2026-09-13T16:01:00,cold_brew,cold_brew,1,5500,paid
O03650,2026-09-13T16:02:00,americano,americano,1,4500,paid
O03651,2026-09-13T17:24:00,espresso,espresso,1,4000,paid
O03652,2026-09-13T17:06:00,financier,financier,1,3500,paid
O03653,2026-09-13T17:05:00,cold_brew,cold_brew,1,5500,paid
O03654,2026-09-13T17:30:00,cafe_latte,cafe_latte,1,5200,paid
O03655,2026-09-13T17:34:00,espresso,espresso,1,4000,paid
O03656,2026-09-13T17:51:00,vanilla_latte,vanilla_latte,1,5700,paid
O03657,2026-09-13T17:57:00,iced_tea,iced_tea,1,4800,paid
O03658,2026-09-13T17:34:00,vanilla_latte,vanilla_latte,1,5700,paid
O03659,2026-09-13T17:06:00,sandwich,sandwich,1,6800,paid
O03660,2026-09-13T17:54:00,croissant,croissant,1,4200,paid
O03661,2026-09-13T17:32:00,strawberry_latte,strawberry_latte,1,6200,paid
O03662,2026-09-13T17:05:00,vanilla_latte,vanilla_latte,1,5700,paid
O03663,2026-09-13T17:39:00,espresso,espresso,1,4000,paid
O03664,2026-09-13T17:11:00,strawberry_latte,strawberry_latte,1,6200,paid
O03665,2026-09-13T17:29:00,cold_brew,cold_brew,1,5500,paid
O03666,2026-09-13T17:56:00,financier,financier,1,3500,paid
O03667,2026-09-13T17:23:00,vanilla_latte,vanilla_latte,1,5700,paid
O03668,2026-09-13T18:51:00,americano,americano,1,4500,paid
O03669,2026-09-13T18:11:00,americano,americano,1,4500,paid
O03670,2026-09-13T18:53:00,vanilla_latte,vanilla_latte,1,5700,paid
O03671,2026-09-13T18:00:00,vanilla_latte,vanilla_latte,1,5700,paid
O03672,2026-09-13T18:22:00,croissant,croissant,1,4200,paid
O03673,2026-09-13T18:13:00,sandwich,sandwich,1,6800,paid
O03674,2026-09-13T18:28:00,sandwich,sandwich,1,6800,paid
O03675,2026-09-13T18:32:00,iced_tea,iced_tea,1,4800,paid
O03676,2026-09-13T18:11:00,cold_brew,cold_brew,2,11000,paid
O03677,2026-09-13T18:31:00,cold_brew,cold_brew,1,5500,paid
O03678,2026-09-13T18:42:00,croissant,croissant,1,4200,paid
O03679,2026-09-13T19:23:00,iced_tea,iced_tea,1,4800,paid
O03680,2026-09-13T19:08:00,americano,americano,2,9000,paid
O03681,2026-09-13T19:53:00,strawberry_latte,strawberry_latte,2,12400,paid
O03682,2026-09-13T19:18:00,cafe_latte,cafe_latte,1,5200,paid
O03683,2026-09-13T19:27:00,cold_brew,cold_brew,1,5500,paid
O03684,2026-09-13T19:32:00,cafe_latte,cafe_latte,2,10400,paid
O03685,2026-09-13T19:56:00,espresso,espresso,1,4000,paid
O03686,2026-09-13T19:43:00,strawberry_latte,strawberry_latte,1,6200,paid
O03687,2026-09-13T19:47:00,americano,americano,1,4500,paid
O03688,2026-09-13T19:09:00,financier,financier,1,3500,paid
O03689,2026-09-13T19:51:00,financier,financier,1,3500,paid
O03690,2026-09-13T19:44:00,cold_brew,cold_brew,1,5500,paid
O03691,2026-09-13T20:06:00,vanilla_latte,vanilla_latte,1,5700,paid
O03692,2026-09-13T20:59:00,sandwich,sandwich,1,6800,paid
O03693,2026-09-13T20:39:00,financier,financier,2,7000,paid
O03694,2026-09-13T20:25:00,strawberry_latte,strawberry_latte,1,6200,paid
O03695,2026-09-13T20:26:00,espresso,espresso,2,8000,paid
O03696,2026-09-13T20:46:00,croissant,croissant,1,4200,paid
O03697,2026-09-13T20:45:00,americano,americano,1,4500,paid
O03698,2026-09-13T20:46:00,iced_tea,iced_tea,1,4800,paid
O03699,2026-09-13T20:03:00,sandwich,sandwich,2,13600,paid
O03700,2026-09-13T20:52:00,vanilla_latte,vanilla_latte,1,5700,paid
O03701,2026-09-13T20:10:00,strawberry_latte,strawberry_latte,1,6200,paid
O03702,2026-09-13T20:15:00,espresso,espresso,1,4000,paid
O03703,2026-09-14T09:17:00,strawberry_latte,strawberry_latte,2,12400,paid
O03704,2026-09-14T09:47:00,espresso,espresso,1,4000,paid
O03705,2026-09-14T09:09:00,vanilla_latte,vanilla_latte,1,5700,paid
O03706,2026-09-14T09:07:00,cold_brew,cold_brew,1,5500,paid
O03707,2026-09-14T09:49:00,iced_tea,iced_tea,1,4800,paid
O03708,2026-09-14T09:28:00,croissant,croissant,1,4200,paid
O03709,2026-09-14T09:39:00,cafe_latte,cafe_latte,1,5200,paid
O03710,2026-09-14T09:48:00,vanilla_latte,vanilla_latte,1,5700,paid
O03711,2026-09-14T09:02:00,iced_tea,iced_tea,2,9600,paid
O03712,2026-09-14T09:29:00,iced_tea,iced_tea,1,4800,paid
O03713,2026-09-14T10:14:00,croissant,croissant,1,4200,paid
O03714,2026-09-14T10:46:00,cafe_latte,cafe_latte,1,5200,paid
O03715,2026-09-14T10:15:00,sandwich,sandwich,1,6800,paid
O03716,2026-09-14T10:40:00,espresso,espresso,1,4000,paid
O03717,2026-09-14T10:46:00,iced_tea,iced_tea,1,4800,paid
O03718,2026-09-14T10:21:00,iced_tea,iced_tea,1,4800,paid
O03719,2026-09-14T10:05:00,iced_tea,iced_tea,2,9600,paid
O03720,2026-09-14T10:31:00,cafe_latte,cafe_latte,1,5200,paid
O03721,2026-09-14T11:42:00,strawberry_latte,strawberry_latte,1,6200,paid
O03722,2026-09-14T11:52:00,cafe_latte,cafe_latte,2,10400,paid
O03723,2026-09-14T11:36:00,financier,financier,1,3500,paid
O03724,2026-09-14T11:59:00,sandwich,sandwich,1,6800,paid
O03725,2026-09-14T11:37:00,americano,americano,1,4500,paid
O03726,2026-09-14T11:48:00,sandwich,sandwich,1,6800,paid
O03727,2026-09-14T11:45:00,cold_brew,cold_brew,1,5500,paid
O03728,2026-09-14T12:02:00,espresso,espresso,1,4000,paid
O03729,2026-09-14T12:36:00,croissant,croissant,1,4200,paid
O03730,2026-09-14T12:52:00,americano,americano,2,9000,paid
O03731,2026-09-14T12:11:00,americano,americano,1,4500,paid
O03732,2026-09-14T12:58:00,cold_brew,cold_brew,1,5500,paid
O03733,2026-09-14T12:54:00,americano,americano,1,4500,paid
O03734,2026-09-14T12:22:00,cold_brew,cold_brew,1,5500,paid
O03735,2026-09-14T12:50:00,strawberry_latte,strawberry_latte,1,6200,paid
O03736,2026-09-14T12:40:00,cold_brew,cold_brew,1,5500,paid
O03737,2026-09-14T12:49:00,vanilla_latte,vanilla_latte,1,5700,paid
O03738,2026-09-14T13:49:00,espresso,espresso,1,4000,paid
O03739,2026-09-14T13:21:00,croissant,croissant,1,4200,paid
O03740,2026-09-14T13:51:00,sandwich,sandwich,1,6800,paid
O03741,2026-09-14T13:06:00,cold_brew,cold_brew,1,5500,paid
O03742,2026-09-14T13:31:00,espresso,espresso,1,4000,paid
O03743,2026-09-14T13:54:00,espresso,espresso,1,4000,paid
O03744,2026-09-14T13:28:00,cold_brew,cold_brew,1,5500,paid
O03745,2026-09-14T13:20:00,vanilla_latte,vanilla_latte,2,11400,paid
O03746,2026-09-14T13:19:00,cafe_latte,cafe_latte,1,5200,paid
O03747,2026-09-14T13:35:00,financier,financier,1,3500,paid
O03748,2026-09-14T13:44:00,vanilla_latte,vanilla_latte,1,5700,paid
O03749,2026-09-14T13:45:00,strawberry_latte,strawberry_latte,1,6200,paid
O03750,2026-09-14T13:09:00,espresso,espresso,1,4000,paid
O03751,2026-09-14T13:08:00,financier,financier,1,3500,paid
O03752,2026-09-14T14:05:00,iced_tea,iced_tea,1,4800,paid
O03753,2026-09-14T14:02:00,strawberry_latte,strawberry_latte,1,6200,paid
O03754,2026-09-14T14:17:00,financier,financier,1,3500,paid
O03755,2026-09-14T14:44:00,croissant,croissant,1,4200,paid
O03756,2026-09-14T14:28:00,strawberry_latte,strawberry_latte,1,6200,paid
O03757,2026-09-14T14:15:00,vanilla_latte,vanilla_latte,1,5700,paid
O03758,2026-09-14T14:28:00,sandwich,sandwich,1,6800,paid
O03759,2026-09-14T14:36:00,financier,financier,1,3500,paid
O03760,2026-09-14T14:33:00,espresso,espresso,1,4000,paid
O03761,2026-09-14T14:56:00,espresso,espresso,1,4000,paid
O03762,2026-09-14T14:23:00,iced_tea,iced_tea,1,4800,paid
O03763,2026-09-14T14:57:00,espresso,espresso,1,4000,paid
O03764,2026-09-14T14:04:00,cold_brew,cold_brew,1,5500,paid
O03765,2026-09-14T14:44:00,cold_brew,cold_brew,1,5500,paid
O03766,2026-09-14T15:58:00,sandwich,sandwich,1,6800,paid
O03767,2026-09-14T15:06:00,croissant,croissant,1,4200,paid
O03768,2026-09-14T15:45:00,strawberry_latte,strawberry_latte,1,6200,paid
O03769,2026-09-14T15:36:00,strawberry_latte,strawberry_latte,1,6200,paid
O03770,2026-09-14T15:31:00,croissant,croissant,1,4200,paid
O03771,2026-09-14T15:10:00,espresso,espresso,1,4000,paid
O03772,2026-09-14T15:41:00,financier,financier,1,3500,paid
O03773,2026-09-14T15:45:00,cold_brew,cold_brew,1,5500,paid
O03774,2026-09-14T15:04:00,cafe_latte,cafe_latte,1,5200,paid
O03775,2026-09-14T15:57:00,sandwich,sandwich,1,6800,paid
O03776,2026-09-14T15:45:00,sandwich,sandwich,1,6800,paid
O03777,2026-09-14T15:28:00,espresso,espresso,1,4000,paid
O03778,2026-09-14T16:51:00,cold_brew,cold_brew,1,5500,paid
O03779,2026-09-14T16:34:00,espresso,espresso,1,4000,paid
O03780,2026-09-14T16:39:00,cold_brew,cold_brew,1,5500,paid
O03781,2026-09-14T16:49:00,cold_brew,cold_brew,1,5500,paid
O03782,2026-09-14T16:26:00,sandwich,sandwich,1,6800,paid
O03783,2026-09-14T16:38:00,strawberry_latte,strawberry_latte,1,6200,paid
O03784,2026-09-14T16:59:00,vanilla_latte,vanilla_latte,1,5700,paid
O03785,2026-09-14T16:06:00,cafe_latte,cafe_latte,1,5200,paid
O03786,2026-09-14T16:43:00,sandwich,sandwich,1,6800,paid
O03787,2026-09-14T16:30:00,espresso,espresso,1,4000,paid
O03788,2026-09-14T16:19:00,cold_brew,cold_brew,1,5500,paid
O03789,2026-09-14T16:56:00,vanilla_latte,vanilla_latte,1,5700,paid
O03790,2026-09-14T17:12:00,vanilla_latte,vanilla_latte,1,5700,paid
O03791,2026-09-14T17:40:00,cold_brew,cold_brew,2,11000,paid
O03792,2026-09-14T17:06:00,cold_brew,cold_brew,1,5500,paid
O03793,2026-09-14T17:38:00,iced_tea,iced_tea,1,4800,paid
O03794,2026-09-14T17:23:00,financier,financier,1,3500,paid
O03795,2026-09-14T17:33:00,vanilla_latte,vanilla_latte,1,5700,paid
O03796,2026-09-14T17:19:00,americano,americano,1,4500,paid
O03797,2026-09-14T17:54:00,sandwich,sandwich,1,6800,paid
O03798,2026-09-14T17:39:00,vanilla_latte,vanilla_latte,1,5700,paid
O03799,2026-09-14T17:22:00,vanilla_latte,vanilla_latte,1,5700,paid
O03800,2026-09-14T17:36:00,vanilla_latte,vanilla_latte,1,5700,paid
O03801,2026-09-14T17:56:00,croissant,croissant,1,4200,paid
O03802,2026-09-14T18:28:00,vanilla_latte,vanilla_latte,1,5700,paid
O03803,2026-09-14T18:34:00,sandwich,sandwich,1,6800,paid
O03804,2026-09-14T18:06:00,iced_tea,iced_tea,2,9600,paid
O03805,2026-09-14T18:10:00,vanilla_latte,vanilla_latte,1,5700,paid
O03806,2026-09-14T18:09:00,croissant,croissant,1,4200,paid
O03807,2026-09-14T18:59:00,cold_brew,cold_brew,2,11000,paid
O03808,2026-09-14T18:07:00,espresso,espresso,1,4000,paid
O03809,2026-09-14T18:23:00,cafe_latte,cafe_latte,1,5200,paid
O03810,2026-09-14T18:31:00,strawberry_latte,strawberry_latte,2,12400,paid
O03811,2026-09-14T18:03:00,espresso,espresso,1,4000,paid
O03812,2026-09-14T19:33:00,sandwich,sandwich,1,6800,paid
O03813,2026-09-14T19:36:00,cold_brew,cold_brew,2,11000,paid
O03814,2026-09-14T19:48:00,financier,financier,1,3500,paid
O03815,2026-09-14T19:08:00,strawberry_latte,strawberry_latte,1,6200,paid
O03816,2026-09-14T19:40:00,strawberry_latte,strawberry_latte,1,6200,paid
O03817,2026-09-14T19:05:00,espresso,espresso,1,4000,paid
O03818,2026-09-14T19:20:00,americano,americano,1,4500,paid
O03819,2026-09-14T19:19:00,croissant,croissant,1,4200,paid
O03820,2026-09-14T19:44:00,iced_tea,iced_tea,1,4800,paid
O03821,2026-09-14T19:12:00,financier,financier,1,3500,paid
O03822,2026-09-14T20:36:00,sandwich,sandwich,1,6800,paid
O03823,2026-09-14T20:47:00,vanilla_latte,vanilla_latte,1,5700,paid
O03824,2026-09-14T20:19:00,financier,financier,1,3500,paid
O03825,2026-09-14T20:34:00,strawberry_latte,strawberry_latte,1,6200,paid
O03826,2026-09-14T20:33:00,espresso,espresso,1,4000,paid
O03827,2026-09-14T20:44:00,financier,financier,1,3500,paid
O03828,2026-09-14T20:11:00,strawberry_latte,strawberry_latte,1,6200,paid
O03829,2026-09-14T20:13:00,cold_brew,cold_brew,1,5500,paid
O03830,2026-09-14T20:39:00,strawberry_latte,strawberry_latte,1,6200,paid
O03831,2026-09-14T20:13:00,americano,americano,2,9000,paid
O03832,2026-09-15T09:15:00,iced_tea,iced_tea,1,4800,paid
O03833,2026-09-15T09:52:00,vanilla_latte,vanilla_latte,2,11400,paid
O03834,2026-09-15T09:25:00,cold_brew,cold_brew,2,11000,paid
O03835,2026-09-15T09:15:00,vanilla_latte,vanilla_latte,1,5700,paid
O03836,2026-09-15T09:27:00,iced_tea,iced_tea,1,4800,paid
O03837,2026-09-15T09:56:00,iced_tea,iced_tea,1,4800,paid
O03838,2026-09-15T09:26:00,espresso,espresso,1,4000,paid
O03839,2026-09-15T09:57:00,espresso,espresso,1,4000,paid
O03840,2026-09-15T09:00:00,croissant,croissant,1,4200,paid
O03841,2026-09-15T09:28:00,americano,americano,1,4500,paid
O03842,2026-09-15T10:07:00,cafe_latte,cafe_latte,1,5200,paid
O03843,2026-09-15T10:34:00,croissant,croissant,1,4200,paid
O03844,2026-09-15T10:16:00,vanilla_latte,vanilla_latte,2,11400,paid
O03845,2026-09-15T10:18:00,iced_tea,iced_tea,1,4800,paid
O03846,2026-09-15T10:07:00,iced_tea,iced_tea,1,4800,paid
O03847,2026-09-15T10:35:00,strawberry_latte,strawberry_latte,2,12400,paid
O03848,2026-09-15T10:02:00,strawberry_latte,strawberry_latte,1,6200,paid
O03849,2026-09-15T11:53:00,cafe_latte,cafe_latte,1,5200,paid
O03850,2026-09-15T11:44:00,vanilla_latte,vanilla_latte,1,5700,paid
O03851,2026-09-15T11:23:00,strawberry_latte,strawberry_latte,1,6200,paid
O03852,2026-09-15T11:49:00,vanilla_latte,vanilla_latte,1,5700,paid
O03853,2026-09-15T11:12:00,financier,financier,1,3500,paid
O03854,2026-09-15T11:00:00,cold_brew,cold_brew,1,5500,paid
O03855,2026-09-15T11:16:00,cold_brew,cold_brew,1,5500,paid
O03856,2026-09-15T11:57:00,cold_brew,cold_brew,1,5500,paid
O03857,2026-09-15T12:18:00,espresso,espresso,1,4000,paid
O03858,2026-09-15T12:40:00,cafe_latte,cafe_latte,1,5200,paid
O03859,2026-09-15T12:28:00,cold_brew,cold_brew,1,5500,paid
O03860,2026-09-15T12:15:00,croissant,croissant,1,4200,paid
O03861,2026-09-15T12:10:00,financier,financier,1,3500,paid
O03862,2026-09-15T12:03:00,financier,financier,2,7000,paid
O03863,2026-09-15T12:34:00,cafe_latte,cafe_latte,1,5200,paid
O03864,2026-09-15T12:46:00,sandwich,sandwich,1,6800,paid
O03865,2026-09-15T12:57:00,cold_brew,cold_brew,1,5500,paid
O03866,2026-09-15T13:36:00,americano,americano,1,4500,paid
O03867,2026-09-15T13:07:00,espresso,espresso,1,4000,paid
O03868,2026-09-15T13:04:00,americano,americano,1,4500,paid
O03869,2026-09-15T13:41:00,croissant,croissant,2,8400,paid
O03870,2026-09-15T13:24:00,iced_tea,iced_tea,1,4800,paid
O03871,2026-09-15T13:39:00,strawberry_latte,strawberry_latte,1,6200,paid
O03872,2026-09-15T13:40:00,cold_brew,cold_brew,2,11000,paid
O03873,2026-09-15T13:09:00,croissant,croissant,2,8400,paid
O03874,2026-09-15T13:14:00,financier,financier,1,3500,paid
O03875,2026-09-15T13:11:00,iced_tea,iced_tea,1,4800,paid
O03876,2026-09-15T13:23:00,iced_tea,iced_tea,1,4800,paid
O03877,2026-09-15T14:29:00,iced_tea,iced_tea,1,4800,paid
O03878,2026-09-15T14:25:00,financier,financier,1,3500,paid
O03879,2026-09-15T14:25:00,cold_brew,cold_brew,1,5500,paid
O03880,2026-09-15T14:28:00,espresso,espresso,1,4000,paid
O03881,2026-09-15T14:21:00,espresso,espresso,1,4000,paid
O03882,2026-09-15T14:33:00,espresso,espresso,1,4000,paid
O03883,2026-09-15T14:12:00,strawberry_latte,strawberry_latte,1,6200,paid
O03884,2026-09-15T14:46:00,strawberry_latte,strawberry_latte,2,12400,paid
O03885,2026-09-15T14:35:00,cold_brew,cold_brew,2,11000,paid
O03886,2026-09-15T14:13:00,cold_brew,cold_brew,1,5500,paid
O03887,2026-09-15T14:34:00,vanilla_latte,vanilla_latte,1,5700,paid
O03888,2026-09-15T14:49:00,iced_tea,iced_tea,2,9600,paid
O03889,2026-09-15T14:13:00,espresso,espresso,1,4000,paid
O03890,2026-09-15T14:42:00,financier,financier,1,3500,paid
O03891,2026-09-15T15:28:00,espresso,espresso,1,4000,paid
O03892,2026-09-15T15:42:00,strawberry_latte,strawberry_latte,1,6200,paid
O03893,2026-09-15T15:43:00,iced_tea,iced_tea,2,9600,paid
O03894,2026-09-15T15:36:00,vanilla_latte,vanilla_latte,1,5700,paid
O03895,2026-09-15T15:29:00,vanilla_latte,vanilla_latte,1,5700,paid
O03896,2026-09-15T15:31:00,vanilla_latte,vanilla_latte,1,5700,paid
O03897,2026-09-15T15:39:00,sandwich,sandwich,2,13600,paid
O03898,2026-09-15T15:50:00,americano,americano,1,4500,paid
O03899,2026-09-15T15:58:00,cafe_latte,cafe_latte,1,5200,paid
O03900,2026-09-15T15:20:00,cold_brew,cold_brew,1,5500,paid
O03901,2026-09-15T15:13:00,strawberry_latte,strawberry_latte,1,6200,paid
O03902,2026-09-15T15:58:00,cafe_latte,cafe_latte,1,5200,paid
O03903,2026-09-15T16:11:00,croissant,croissant,1,4200,paid
O03904,2026-09-15T16:35:00,iced_tea,iced_tea,1,4800,paid
O03905,2026-09-15T16:07:00,vanilla_latte,vanilla_latte,1,5700,paid
O03906,2026-09-15T16:35:00,sandwich,sandwich,1,6800,paid
O03907,2026-09-15T16:17:00,croissant,croissant,1,4200,paid
O03908,2026-09-15T16:09:00,cafe_latte,cafe_latte,1,5200,paid
O03909,2026-09-15T16:08:00,cafe_latte,cafe_latte,1,5200,paid
O03910,2026-09-15T16:10:00,croissant,croissant,1,4200,paid
O03911,2026-09-15T16:52:00,sandwich,sandwich,1,6800,paid
O03912,2026-09-15T16:11:00,croissant,croissant,1,4200,paid
O03913,2026-09-15T16:42:00,americano,americano,2,9000,paid
O03914,2026-09-15T16:05:00,cold_brew,cold_brew,1,5500,paid
O03915,2026-09-15T17:19:00,vanilla_latte,vanilla_latte,1,5700,paid
O03916,2026-09-15T17:59:00,vanilla_latte,vanilla_latte,1,5700,paid
O03917,2026-09-15T17:50:00,cold_brew,cold_brew,1,5500,paid
O03918,2026-09-15T17:51:00,cold_brew,cold_brew,1,5500,paid
O03919,2026-09-15T17:37:00,americano,americano,1,4500,paid
O03920,2026-09-15T17:16:00,vanilla_latte,vanilla_latte,1,5700,paid
O03921,2026-09-15T17:33:00,financier,financier,1,3500,paid
O03922,2026-09-15T17:10:00,croissant,croissant,1,4200,paid
O03923,2026-09-15T17:16:00,strawberry_latte,strawberry_latte,1,6200,paid
O03924,2026-09-15T17:17:00,espresso,espresso,1,4000,paid
O03925,2026-09-15T17:02:00,cafe_latte,cafe_latte,1,5200,paid
O03926,2026-09-15T17:36:00,sandwich,sandwich,1,6800,paid
O03927,2026-09-15T17:57:00,iced_tea,iced_tea,1,4800,paid
O03928,2026-09-15T17:44:00,espresso,espresso,1,4000,paid
O03929,2026-09-15T18:32:00,cold_brew,cold_brew,1,5500,paid
O03930,2026-09-15T18:08:00,espresso,espresso,1,4000,paid
O03931,2026-09-15T18:31:00,iced_tea,iced_tea,1,4800,paid
O03932,2026-09-15T18:28:00,iced_tea,iced_tea,1,4800,paid
O03933,2026-09-15T18:57:00,cold_brew,cold_brew,1,5500,paid
O03934,2026-09-15T18:51:00,americano,americano,1,4500,paid
O03935,2026-09-15T18:23:00,strawberry_latte,strawberry_latte,1,6200,paid
O03936,2026-09-15T18:15:00,vanilla_latte,vanilla_latte,1,5700,paid
O03937,2026-09-15T18:00:00,cafe_latte,cafe_latte,1,5200,paid
O03938,2026-09-15T19:37:00,sandwich,sandwich,1,6800,paid
O03939,2026-09-15T19:06:00,cold_brew,cold_brew,1,5500,paid
O03940,2026-09-15T19:08:00,cafe_latte,cafe_latte,1,5200,paid
O03941,2026-09-15T19:45:00,cafe_latte,cafe_latte,1,5200,paid
O03942,2026-09-15T19:43:00,americano,americano,1,4500,paid
O03943,2026-09-15T19:05:00,strawberry_latte,strawberry_latte,1,6200,paid
O03944,2026-09-15T19:12:00,cold_brew,cold_brew,1,5500,paid
O03945,2026-09-15T19:31:00,strawberry_latte,strawberry_latte,1,6200,paid
O03946,2026-09-15T19:46:00,vanilla_latte,vanilla_latte,1,5700,paid
O03947,2026-09-15T20:00:00,croissant,croissant,1,4200,paid
O03948,2026-09-15T20:16:00,vanilla_latte,vanilla_latte,2,11400,paid
O03949,2026-09-15T20:12:00,financier,financier,1,3500,paid
O03950,2026-09-15T20:54:00,cafe_latte,cafe_latte,1,5200,paid
O03951,2026-09-15T20:40:00,strawberry_latte,strawberry_latte,1,6200,paid
O03952,2026-09-15T20:32:00,iced_tea,iced_tea,1,4800,paid
O03953,2026-09-15T20:52:00,strawberry_latte,strawberry_latte,1,6200,paid
O03954,2026-09-15T20:41:00,strawberry_latte,strawberry_latte,1,6200,paid
O03955,2026-09-15T20:04:00,iced_tea,iced_tea,1,4800,paid
O03956,2026-09-16T09:03:00,cold_brew,cold_brew,2,11000,paid
O03957,2026-09-16T09:48:00,espresso,espresso,1,4000,paid
O03958,2026-09-16T09:43:00,americano,americano,2,9000,paid
O03959,2026-09-16T09:58:00,cold_brew,cold_brew,1,5500,paid
O03960,2026-09-16T09:04:00,sandwich,sandwich,1,6800,paid
O03961,2026-09-16T09:20:00,iced_tea,iced_tea,1,4800,paid
O03962,2026-09-16T09:30:00,cold_brew,cold_brew,1,5500,paid
O03963,2026-09-16T10:47:00,croissant,croissant,1,4200,paid
O03964,2026-09-16T10:02:00,strawberry_latte,strawberry_latte,1,6200,paid
O03965,2026-09-16T10:29:00,espresso,espresso,1,4000,paid
O03966,2026-09-16T10:57:00,espresso,espresso,1,4000,paid
O03967,2026-09-16T10:47:00,croissant,croissant,1,4200,paid
O03968,2026-09-16T10:55:00,espresso,espresso,2,8000,paid
O03969,2026-09-16T10:55:00,cold_brew,cold_brew,1,5500,paid
O03970,2026-09-16T10:27:00,espresso,espresso,1,4000,paid
O03971,2026-09-16T11:11:00,vanilla_latte,vanilla_latte,1,5700,paid
O03972,2026-09-16T11:30:00,cafe_latte,cafe_latte,1,5200,paid
O03973,2026-09-16T11:01:00,iced_tea,iced_tea,1,4800,paid
O03974,2026-09-16T11:53:00,espresso,espresso,1,4000,paid
O03975,2026-09-16T11:31:00,iced_tea,iced_tea,1,4800,paid
O03976,2026-09-16T11:54:00,croissant,croissant,1,4200,paid
O03977,2026-09-16T11:03:00,croissant,croissant,2,8400,paid
O03978,2026-09-16T11:20:00,cafe_latte,cafe_latte,1,5200,paid
O03979,2026-09-16T11:15:00,sandwich,sandwich,1,6800,paid
O03980,2026-09-16T11:26:00,croissant,croissant,1,4200,paid
O03981,2026-09-16T12:19:00,vanilla_latte,vanilla_latte,1,5700,paid
O03982,2026-09-16T12:38:00,espresso,espresso,1,4000,paid
O03983,2026-09-16T12:46:00,financier,financier,1,3500,paid
O03984,2026-09-16T12:30:00,vanilla_latte,vanilla_latte,1,5700,paid
O03985,2026-09-16T12:26:00,americano,americano,1,4500,paid
O03986,2026-09-16T12:44:00,strawberry_latte,strawberry_latte,2,12400,paid
O03987,2026-09-16T12:57:00,cold_brew,cold_brew,1,5500,paid
O03988,2026-09-16T12:36:00,iced_tea,iced_tea,1,4800,paid
O03989,2026-09-16T13:50:00,vanilla_latte,vanilla_latte,2,11400,paid
O03990,2026-09-16T13:39:00,strawberry_latte,strawberry_latte,1,6200,paid
O03991,2026-09-16T13:30:00,strawberry_latte,strawberry_latte,1,6200,paid
O03992,2026-09-16T13:06:00,cold_brew,cold_brew,1,5500,paid
O03993,2026-09-16T13:05:00,vanilla_latte,vanilla_latte,1,5700,paid
O03994,2026-09-16T13:57:00,croissant,croissant,1,4200,paid
O03995,2026-09-16T13:49:00,cafe_latte,cafe_latte,1,5200,paid
O03996,2026-09-16T13:23:00,iced_tea,iced_tea,1,4800,paid
O03997,2026-09-16T13:40:00,croissant,croissant,1,4200,paid
O03998,2026-09-16T13:39:00,cold_brew,cold_brew,1,5500,paid
O03999,2026-09-16T13:17:00,financier,financier,1,3500,paid
O04000,2026-09-16T13:38:00,croissant,croissant,2,8400,paid
O04001,2026-09-16T13:41:00,strawberry_latte,strawberry_latte,1,6200,paid
O04002,2026-09-16T13:18:00,sandwich,sandwich,1,6800,paid
O04003,2026-09-16T14:18:00,financier,financier,1,3500,paid
O04004,2026-09-16T14:52:00,espresso,espresso,1,4000,paid
O04005,2026-09-16T14:09:00,iced_tea,iced_tea,1,4800,paid
O04006,2026-09-16T14:41:00,americano,americano,1,4500,paid
O04007,2026-09-16T14:49:00,cafe_latte,cafe_latte,1,5200,paid
O04008,2026-09-16T14:35:00,croissant,croissant,1,4200,paid
O04009,2026-09-16T14:20:00,sandwich,sandwich,1,6800,paid
O04010,2026-09-16T14:12:00,iced_tea,iced_tea,1,4800,paid
O04011,2026-09-16T14:37:00,croissant,croissant,1,4200,paid
O04012,2026-09-16T14:07:00,cold_brew,cold_brew,2,11000,paid
O04013,2026-09-16T14:23:00,cold_brew,cold_brew,1,5500,paid
O04014,2026-09-16T14:24:00,cold_brew,cold_brew,1,5500,paid
O04015,2026-09-16T14:41:00,americano,americano,1,4500,paid
O04016,2026-09-16T14:39:00,espresso,espresso,1,4000,paid
O04017,2026-09-16T15:48:00,iced_tea,iced_tea,1,4800,paid
O04018,2026-09-16T15:03:00,americano,americano,1,4500,paid
O04019,2026-09-16T15:04:00,croissant,croissant,1,4200,paid
O04020,2026-09-16T15:10:00,vanilla_latte,vanilla_latte,1,5700,paid
O04021,2026-09-16T15:22:00,cafe_latte,cafe_latte,1,5200,paid
O04022,2026-09-16T15:48:00,cafe_latte,cafe_latte,1,5200,paid
O04023,2026-09-16T15:03:00,croissant,croissant,1,4200,paid
O04024,2026-09-16T15:25:00,espresso,espresso,1,4000,paid
O04025,2026-09-16T15:52:00,financier,financier,1,3500,paid
O04026,2026-09-16T15:48:00,croissant,croissant,1,4200,paid
O04027,2026-09-16T15:41:00,strawberry_latte,strawberry_latte,1,6200,paid
O04028,2026-09-16T15:53:00,americano,americano,1,4500,paid
O04029,2026-09-16T15:14:00,croissant,croissant,1,4200,paid
O04030,2026-09-16T15:08:00,vanilla_latte,vanilla_latte,2,11400,paid
O04031,2026-09-16T16:42:00,espresso,espresso,1,4000,paid
O04032,2026-09-16T16:18:00,americano,americano,1,4500,paid
O04033,2026-09-16T16:44:00,americano,americano,1,4500,paid
O04034,2026-09-16T16:12:00,financier,financier,1,3500,paid
O04035,2026-09-16T16:37:00,americano,americano,1,4500,paid
O04036,2026-09-16T16:05:00,americano,americano,1,4500,paid
O04037,2026-09-16T16:53:00,cold_brew,cold_brew,1,5500,paid
O04038,2026-09-16T16:34:00,espresso,espresso,1,4000,paid
O04039,2026-09-16T16:35:00,sandwich,sandwich,1,6800,paid
O04040,2026-09-16T16:53:00,financier,financier,1,3500,paid
O04041,2026-09-16T16:12:00,sandwich,sandwich,1,6800,paid
O04042,2026-09-16T16:41:00,iced_tea,iced_tea,1,4800,paid
O04043,2026-09-16T16:38:00,croissant,croissant,1,4200,paid
O04044,2026-09-16T17:07:00,espresso,espresso,1,4000,paid
O04045,2026-09-16T17:47:00,espresso,espresso,1,4000,paid
O04046,2026-09-16T17:47:00,strawberry_latte,strawberry_latte,1,6200,paid
O04047,2026-09-16T17:52:00,strawberry_latte,strawberry_latte,1,6200,paid
O04048,2026-09-16T17:41:00,cold_brew,cold_brew,1,5500,paid
O04049,2026-09-16T17:53:00,sandwich,sandwich,1,6800,paid
O04050,2026-09-16T17:19:00,strawberry_latte,strawberry_latte,1,6200,paid
O04051,2026-09-16T17:55:00,strawberry_latte,strawberry_latte,1,6200,paid
O04052,2026-09-16T17:46:00,strawberry_latte,strawberry_latte,1,6200,paid
O04053,2026-09-16T17:25:00,cold_brew,cold_brew,1,5500,paid
O04054,2026-09-16T17:30:00,vanilla_latte,vanilla_latte,2,11400,paid
O04055,2026-09-16T17:42:00,sandwich,sandwich,1,6800,paid
O04056,2026-09-16T17:56:00,cafe_latte,cafe_latte,1,5200,paid
O04057,2026-09-16T17:54:00,americano,americano,1,4500,paid
O04058,2026-09-16T17:19:00,iced_tea,iced_tea,2,9600,paid
O04059,2026-09-16T18:23:00,vanilla_latte,vanilla_latte,1,5700,paid
O04060,2026-09-16T18:47:00,strawberry_latte,strawberry_latte,2,12400,paid
O04061,2026-09-16T18:41:00,cafe_latte,cafe_latte,1,5200,paid
O04062,2026-09-16T18:57:00,iced_tea,iced_tea,1,4800,paid
O04063,2026-09-16T18:29:00,iced_tea,iced_tea,1,4800,paid
O04064,2026-09-16T18:47:00,cafe_latte,cafe_latte,2,10400,paid
O04065,2026-09-16T18:07:00,croissant,croissant,1,4200,paid
O04066,2026-09-16T18:56:00,strawberry_latte,strawberry_latte,1,6200,paid
O04067,2026-09-16T19:44:00,iced_tea,iced_tea,1,4800,paid
O04068,2026-09-16T19:44:00,croissant,croissant,1,4200,paid
O04069,2026-09-16T19:43:00,strawberry_latte,strawberry_latte,1,6200,paid
O04070,2026-09-16T19:27:00,americano,americano,1,4500,paid
O04071,2026-09-16T19:00:00,espresso,espresso,1,4000,paid
O04072,2026-09-16T19:49:00,americano,americano,1,4500,paid
O04073,2026-09-16T19:12:00,iced_tea,iced_tea,1,4800,paid
O04074,2026-09-16T19:55:00,americano,americano,1,4500,paid
O04075,2026-09-16T19:51:00,strawberry_latte,strawberry_latte,1,6200,paid
O04076,2026-09-16T20:27:00,sandwich,sandwich,1,6800,paid
O04077,2026-09-16T20:45:00,croissant,croissant,1,4200,paid
O04078,2026-09-16T20:38:00,iced_tea,iced_tea,1,4800,paid
O04079,2026-09-16T20:34:00,croissant,croissant,1,4200,paid
O04080,2026-09-16T20:23:00,cold_brew,cold_brew,1,5500,paid
O04081,2026-09-16T20:47:00,financier,financier,1,3500,paid
O04082,2026-09-16T20:25:00,espresso,espresso,1,4000,paid
O04083,2026-09-17T09:43:00,iced_tea,iced_tea,1,4800,paid
O04084,2026-09-17T09:27:00,financier,financier,1,3500,paid
O04085,2026-09-17T09:08:00,sandwich,sandwich,1,6800,paid
O04086,2026-09-17T09:28:00,cold_brew,cold_brew,1,5500,paid
O04087,2026-09-17T09:21:00,vanilla_latte,vanilla_latte,1,5700,paid
O04088,2026-09-17T09:34:00,vanilla_latte,vanilla_latte,1,5700,paid
O04089,2026-09-17T09:52:00,sandwich,sandwich,1,6800,paid
O04090,2026-09-17T09:26:00,espresso,espresso,1,4000,paid
O04091,2026-09-17T10:06:00,financier,financier,1,3500,paid
O04092,2026-09-17T10:35:00,americano,americano,1,4500,paid
O04093,2026-09-17T10:50:00,strawberry_latte,strawberry_latte,1,6200,paid
O04094,2026-09-17T10:46:00,croissant,croissant,1,4200,paid
O04095,2026-09-17T10:33:00,financier,financier,2,7000,paid
O04096,2026-09-17T10:47:00,strawberry_latte,strawberry_latte,1,6200,paid
O04097,2026-09-17T10:41:00,cafe_latte,cafe_latte,1,5200,paid
O04098,2026-09-17T10:57:00,vanilla_latte,vanilla_latte,1,5700,paid
O04099,2026-09-17T10:32:00,americano,americano,1,4500,paid
O04100,2026-09-17T10:04:00,croissant,croissant,1,4200,paid
O04101,2026-09-17T11:19:00,strawberry_latte,strawberry_latte,1,6200,paid
O04102,2026-09-17T11:52:00,financier,financier,1,3500,paid
O04103,2026-09-17T11:18:00,americano,americano,1,4500,paid
O04104,2026-09-17T11:49:00,strawberry_latte,strawberry_latte,1,6200,paid
O04105,2026-09-17T11:07:00,cafe_latte,cafe_latte,1,5200,paid
O04106,2026-09-17T11:00:00,cold_brew,cold_brew,1,5500,paid
O04107,2026-09-17T11:23:00,iced_tea,iced_tea,1,4800,paid
O04108,2026-09-17T11:37:00,iced_tea,iced_tea,1,4800,paid
O04109,2026-09-17T11:43:00,sandwich,sandwich,1,6800,paid
O04110,2026-09-17T12:01:00,croissant,croissant,1,4200,paid
O04111,2026-09-17T12:24:00,croissant,croissant,1,4200,paid
O04112,2026-09-17T12:37:00,cafe_latte,cafe_latte,1,5200,paid
O04113,2026-09-17T12:43:00,cold_brew,cold_brew,2,11000,paid
O04114,2026-09-17T12:31:00,americano,americano,1,4500,paid
O04115,2026-09-17T12:05:00,croissant,croissant,1,4200,paid
O04116,2026-09-17T12:45:00,strawberry_latte,strawberry_latte,1,6200,paid
O04117,2026-09-17T12:21:00,croissant,croissant,1,4200,paid
O04118,2026-09-17T13:35:00,americano,americano,1,4500,paid
O04119,2026-09-17T13:06:00,strawberry_latte,strawberry_latte,1,6200,paid
O04120,2026-09-17T13:43:00,vanilla_latte,vanilla_latte,1,5700,paid
O04121,2026-09-17T13:32:00,financier,financier,1,3500,paid
O04122,2026-09-17T13:36:00,croissant,croissant,1,4200,paid
O04123,2026-09-17T13:03:00,financier,financier,1,3500,paid
O04124,2026-09-17T13:33:00,sandwich,sandwich,1,6800,paid
O04125,2026-09-17T13:18:00,vanilla_latte,vanilla_latte,2,11400,paid
O04126,2026-09-17T13:21:00,americano,americano,1,4500,paid
O04127,2026-09-17T13:53:00,cafe_latte,cafe_latte,1,5200,paid
O04128,2026-09-17T13:15:00,strawberry_latte,strawberry_latte,1,6200,paid
O04129,2026-09-17T13:51:00,espresso,espresso,1,4000,paid
O04130,2026-09-17T14:11:00,espresso,espresso,1,4000,paid
O04131,2026-09-17T14:37:00,cold_brew,cold_brew,1,5500,paid
O04132,2026-09-17T14:51:00,strawberry_latte,strawberry_latte,1,6200,paid
O04133,2026-09-17T14:08:00,cafe_latte,cafe_latte,1,5200,paid
O04134,2026-09-17T14:31:00,sandwich,sandwich,1,6800,paid
O04135,2026-09-17T14:33:00,espresso,espresso,1,4000,paid
O04136,2026-09-17T14:30:00,financier,financier,1,3500,paid
O04137,2026-09-17T14:44:00,iced_tea,iced_tea,1,4800,paid
O04138,2026-09-17T14:16:00,cafe_latte,cafe_latte,1,5200,paid
O04139,2026-09-17T14:58:00,croissant,croissant,1,4200,paid
O04140,2026-09-17T14:10:00,vanilla_latte,vanilla_latte,1,5700,paid
O04141,2026-09-17T14:12:00,sandwich,sandwich,1,6800,paid
O04142,2026-09-17T14:16:00,financier,financier,1,3500,paid
O04143,2026-09-17T15:35:00,sandwich,sandwich,1,6800,paid
O04144,2026-09-17T15:19:00,strawberry_latte,strawberry_latte,1,6200,paid
O04145,2026-09-17T15:03:00,espresso,espresso,1,4000,paid
O04146,2026-09-17T15:42:00,americano,americano,1,4500,paid
O04147,2026-09-17T15:19:00,sandwich,sandwich,1,6800,paid
O04148,2026-09-17T15:55:00,cold_brew,cold_brew,2,11000,paid
O04149,2026-09-17T15:30:00,strawberry_latte,strawberry_latte,1,6200,paid
O04150,2026-09-17T15:11:00,croissant,croissant,1,4200,paid
O04151,2026-09-17T15:34:00,financier,financier,1,3500,paid
O04152,2026-09-17T15:54:00,vanilla_latte,vanilla_latte,1,5700,paid
O04153,2026-09-17T15:04:00,vanilla_latte,vanilla_latte,1,5700,paid
O04154,2026-09-17T15:04:00,financier,financier,2,7000,paid
O04155,2026-09-17T15:48:00,vanilla_latte,vanilla_latte,1,5700,paid
O04156,2026-09-17T16:26:00,strawberry_latte,strawberry_latte,1,6200,paid
O04157,2026-09-17T16:20:00,espresso,espresso,1,4000,paid
O04158,2026-09-17T16:46:00,americano,americano,1,4500,paid
O04159,2026-09-17T16:53:00,espresso,espresso,1,4000,paid
O04160,2026-09-17T16:50:00,vanilla_latte,vanilla_latte,1,5700,paid
O04161,2026-09-17T16:48:00,espresso,espresso,1,4000,paid
O04162,2026-09-17T16:18:00,strawberry_latte,strawberry_latte,1,6200,paid
O04163,2026-09-17T16:01:00,cafe_latte,cafe_latte,1,5200,paid
O04164,2026-09-17T16:45:00,cafe_latte,cafe_latte,1,5200,paid
O04165,2026-09-17T16:25:00,americano,americano,1,4500,paid
O04166,2026-09-17T16:58:00,croissant,croissant,1,4200,paid
O04167,2026-09-17T16:38:00,iced_tea,iced_tea,1,4800,paid
O04168,2026-09-17T17:24:00,croissant,croissant,1,4200,paid
O04169,2026-09-17T17:38:00,financier,financier,2,7000,paid
O04170,2026-09-17T17:21:00,sandwich,sandwich,1,6800,paid
O04171,2026-09-17T17:34:00,croissant,croissant,2,8400,paid
O04172,2026-09-17T17:16:00,sandwich,sandwich,1,6800,paid
O04173,2026-09-17T17:38:00,iced_tea,iced_tea,1,4800,paid
O04174,2026-09-17T17:57:00,strawberry_latte,strawberry_latte,1,6200,paid
O04175,2026-09-17T17:22:00,strawberry_latte,strawberry_latte,1,6200,paid
O04176,2026-09-17T17:33:00,strawberry_latte,strawberry_latte,1,6200,paid
O04177,2026-09-17T17:27:00,iced_tea,iced_tea,1,4800,paid
O04178,2026-09-17T17:08:00,sandwich,sandwich,1,6800,paid
O04179,2026-09-17T17:23:00,strawberry_latte,strawberry_latte,1,6200,paid
O04180,2026-09-17T18:29:00,cold_brew,cold_brew,1,5500,paid
O04181,2026-09-17T18:46:00,financier,financier,1,3500,paid
O04182,2026-09-17T18:50:00,strawberry_latte,strawberry_latte,1,6200,paid
O04183,2026-09-17T18:51:00,vanilla_latte,vanilla_latte,1,5700,paid
O04184,2026-09-17T18:30:00,cold_brew,cold_brew,1,5500,paid
O04185,2026-09-17T18:21:00,sandwich,sandwich,1,6800,paid
O04186,2026-09-17T18:16:00,iced_tea,iced_tea,1,4800,paid
O04187,2026-09-17T18:25:00,espresso,espresso,1,4000,paid
O04188,2026-09-17T18:59:00,cafe_latte,cafe_latte,1,5200,paid
O04189,2026-09-17T19:35:00,croissant,croissant,2,8400,paid
O04190,2026-09-17T19:26:00,iced_tea,iced_tea,1,4800,paid
O04191,2026-09-17T19:27:00,iced_tea,iced_tea,1,4800,paid
O04192,2026-09-17T19:27:00,sandwich,sandwich,1,6800,paid
O04193,2026-09-17T19:11:00,cold_brew,cold_brew,1,5500,paid
O04194,2026-09-17T19:03:00,cold_brew,cold_brew,1,5500,paid
O04195,2026-09-17T19:35:00,cafe_latte,cafe_latte,1,5200,paid
O04196,2026-09-17T19:06:00,iced_tea,iced_tea,1,4800,paid
O04197,2026-09-17T20:42:00,strawberry_latte,strawberry_latte,1,6200,paid
O04198,2026-09-17T20:21:00,americano,americano,1,4500,paid
O04199,2026-09-17T20:15:00,iced_tea,iced_tea,1,4800,paid
O04200,2026-09-17T20:36:00,strawberry_latte,strawberry_latte,1,6200,paid
O04201,2026-09-17T20:15:00,financier,financier,1,3500,paid
O04202,2026-09-17T20:20:00,americano,americano,1,4500,paid
O04203,2026-09-17T20:52:00,vanilla_latte,vanilla_latte,1,5700,paid
O04204,2026-09-17T20:01:00,strawberry_latte,strawberry_latte,1,6200,paid
O04205,2026-09-17T20:39:00,cafe_latte,cafe_latte,1,5200,paid
O04206,2026-09-17T20:15:00,croissant,croissant,1,4200,paid
O04207,2026-09-18T09:10:00,strawberry_latte,strawberry_latte,1,6200,paid
O04208,2026-09-18T09:00:00,strawberry_latte,strawberry_latte,1,6200,paid
O04209,2026-09-18T09:55:00,iced_tea,iced_tea,1,4800,paid
O04210,2026-09-18T09:14:00,espresso,espresso,1,4000,paid
O04211,2026-09-18T09:28:00,cafe_latte,cafe_latte,1,5200,paid
O04212,2026-09-18T09:24:00,vanilla_latte,vanilla_latte,1,5700,paid
O04213,2026-09-18T09:48:00,espresso,espresso,1,4000,paid
O04214,2026-09-18T09:31:00,strawberry_latte,strawberry_latte,1,6200,paid
O04215,2026-09-18T09:01:00,financier,financier,1,3500,paid
O04216,2026-09-18T09:53:00,financier,financier,1,3500,paid
O04217,2026-09-18T10:04:00,cold_brew,cold_brew,1,5500,paid
O04218,2026-09-18T10:25:00,espresso,espresso,1,4000,paid
O04219,2026-09-18T10:25:00,strawberry_latte,strawberry_latte,1,6200,paid
O04220,2026-09-18T10:57:00,strawberry_latte,strawberry_latte,1,6200,paid
O04221,2026-09-18T10:30:00,espresso,espresso,1,4000,paid
O04222,2026-09-18T10:44:00,sandwich,sandwich,1,6800,paid
O04223,2026-09-18T10:01:00,croissant,croissant,1,4200,paid
O04224,2026-09-18T10:24:00,sandwich,sandwich,1,6800,paid
O04225,2026-09-18T11:05:00,croissant,croissant,2,8400,paid
O04226,2026-09-18T11:17:00,iced_tea,iced_tea,1,4800,paid
O04227,2026-09-18T11:10:00,iced_tea,iced_tea,1,4800,paid
O04228,2026-09-18T11:38:00,sandwich,sandwich,1,6800,paid
O04229,2026-09-18T11:24:00,strawberry_latte,strawberry_latte,1,6200,paid
O04230,2026-09-18T11:05:00,americano,americano,1,4500,paid
O04231,2026-09-18T11:35:00,cafe_latte,cafe_latte,1,5200,paid
O04232,2026-09-18T12:28:00,financier,financier,2,7000,paid
O04233,2026-09-18T12:27:00,iced_tea,iced_tea,1,4800,paid
O04234,2026-09-18T12:19:00,vanilla_latte,vanilla_latte,1,5700,paid
O04235,2026-09-18T12:55:00,financier,financier,1,3500,paid
O04236,2026-09-18T12:41:00,sandwich,sandwich,1,6800,paid
O04237,2026-09-18T12:27:00,iced_tea,iced_tea,1,4800,paid
O04238,2026-09-18T12:12:00,strawberry_latte,strawberry_latte,1,6200,paid
O04239,2026-09-18T13:17:00,cafe_latte,cafe_latte,1,5200,paid
O04240,2026-09-18T13:29:00,financier,financier,1,3500,paid
O04241,2026-09-18T13:09:00,cold_brew,cold_brew,1,5500,paid
O04242,2026-09-18T13:00:00,vanilla_latte,vanilla_latte,1,5700,paid
O04243,2026-09-18T13:32:00,vanilla_latte,vanilla_latte,1,5700,paid
O04244,2026-09-18T13:03:00,financier,financier,1,3500,paid
O04245,2026-09-18T13:30:00,vanilla_latte,vanilla_latte,1,5700,paid
O04246,2026-09-18T13:38:00,vanilla_latte,vanilla_latte,1,5700,paid
O04247,2026-09-18T13:29:00,sandwich,sandwich,1,6800,paid
O04248,2026-09-18T13:07:00,croissant,croissant,1,4200,paid
O04249,2026-09-18T13:48:00,vanilla_latte,vanilla_latte,1,5700,paid
O04250,2026-09-18T13:08:00,cafe_latte,cafe_latte,2,10400,paid
O04251,2026-09-18T13:51:00,iced_tea,iced_tea,1,4800,paid
O04252,2026-09-18T14:25:00,financier,financier,1,3500,paid
O04253,2026-09-18T14:33:00,croissant,croissant,2,8400,paid
O04254,2026-09-18T14:53:00,sandwich,sandwich,1,6800,paid
O04255,2026-09-18T14:26:00,iced_tea,iced_tea,1,4800,paid
O04256,2026-09-18T14:08:00,financier,financier,1,3500,paid
O04257,2026-09-18T14:23:00,strawberry_latte,strawberry_latte,1,6200,paid
O04258,2026-09-18T14:26:00,cafe_latte,cafe_latte,1,5200,paid
O04259,2026-09-18T14:01:00,espresso,espresso,1,4000,paid
O04260,2026-09-18T14:01:00,croissant,croissant,1,4200,paid
O04261,2026-09-18T14:48:00,espresso,espresso,1,4000,paid
O04262,2026-09-18T14:50:00,croissant,croissant,1,4200,paid
O04263,2026-09-18T14:09:00,iced_tea,iced_tea,1,4800,paid
O04264,2026-09-18T14:16:00,strawberry_latte,strawberry_latte,2,12400,paid
O04265,2026-09-18T15:13:00,croissant,croissant,1,4200,paid
O04266,2026-09-18T15:03:00,vanilla_latte,vanilla_latte,1,5700,paid
O04267,2026-09-18T15:59:00,vanilla_latte,vanilla_latte,1,5700,paid
O04268,2026-09-18T15:22:00,iced_tea,iced_tea,1,4800,paid
O04269,2026-09-18T15:55:00,espresso,espresso,1,4000,paid
O04270,2026-09-18T15:22:00,cafe_latte,cafe_latte,1,5200,paid
O04271,2026-09-18T15:59:00,financier,financier,1,3500,paid
O04272,2026-09-18T15:12:00,cafe_latte,cafe_latte,1,5200,paid
O04273,2026-09-18T15:06:00,financier,financier,1,3500,paid
O04274,2026-09-18T15:01:00,financier,financier,1,3500,paid
O04275,2026-09-18T15:23:00,strawberry_latte,strawberry_latte,1,6200,paid
O04276,2026-09-18T15:51:00,croissant,croissant,1,4200,paid
O04277,2026-09-18T15:20:00,croissant,croissant,1,4200,paid
O04278,2026-09-18T16:56:00,financier,financier,1,3500,paid
O04279,2026-09-18T16:32:00,croissant,croissant,1,4200,paid
O04280,2026-09-18T16:36:00,financier,financier,1,3500,paid
O04281,2026-09-18T16:09:00,cafe_latte,cafe_latte,2,10400,paid
O04282,2026-09-18T16:28:00,cold_brew,cold_brew,1,5500,paid
O04283,2026-09-18T16:58:00,vanilla_latte,vanilla_latte,1,5700,paid
O04284,2026-09-18T16:17:00,cafe_latte,cafe_latte,1,5200,paid
O04285,2026-09-18T16:19:00,strawberry_latte,strawberry_latte,1,6200,paid
O04286,2026-09-18T16:36:00,vanilla_latte,vanilla_latte,1,5700,paid
O04287,2026-09-18T16:56:00,espresso,espresso,1,4000,paid
O04288,2026-09-18T16:16:00,espresso,espresso,1,4000,paid
O04289,2026-09-18T16:10:00,americano,americano,2,9000,paid
O04290,2026-09-18T17:14:00,croissant,croissant,1,4200,paid
O04291,2026-09-18T17:31:00,vanilla_latte,vanilla_latte,2,11400,paid
O04292,2026-09-18T17:51:00,cafe_latte,cafe_latte,1,5200,paid
O04293,2026-09-18T17:23:00,sandwich,sandwich,1,6800,paid
O04294,2026-09-18T17:35:00,iced_tea,iced_tea,1,4800,paid
O04295,2026-09-18T17:42:00,cold_brew,cold_brew,1,5500,paid
O04296,2026-09-18T17:51:00,financier,financier,1,3500,paid
O04297,2026-09-18T17:01:00,strawberry_latte,strawberry_latte,1,6200,paid
O04298,2026-09-18T17:32:00,croissant,croissant,1,4200,paid
O04299,2026-09-18T17:25:00,croissant,croissant,2,8400,paid
O04300,2026-09-18T17:55:00,sandwich,sandwich,1,6800,paid
O04301,2026-09-18T17:35:00,cafe_latte,cafe_latte,1,5200,paid
O04302,2026-09-18T17:15:00,strawberry_latte,strawberry_latte,1,6200,paid
O04303,2026-09-18T17:44:00,vanilla_latte,vanilla_latte,2,11400,paid
O04304,2026-09-18T18:26:00,espresso,espresso,1,4000,paid
O04305,2026-09-18T18:15:00,cold_brew,cold_brew,1,5500,paid
O04306,2026-09-18T18:59:00,sandwich,sandwich,1,6800,paid
O04307,2026-09-18T18:03:00,cold_brew,cold_brew,2,11000,paid
O04308,2026-09-18T18:09:00,espresso,espresso,1,4000,paid
O04309,2026-09-18T18:21:00,croissant,croissant,2,8400,paid
O04310,2026-09-18T18:31:00,cafe_latte,cafe_latte,1,5200,paid
O04311,2026-09-18T18:25:00,espresso,espresso,1,4000,paid
O04312,2026-09-18T18:39:00,strawberry_latte,strawberry_latte,1,6200,paid
O04313,2026-09-18T19:37:00,vanilla_latte,vanilla_latte,1,5700,paid
O04314,2026-09-18T19:05:00,cafe_latte,cafe_latte,1,5200,paid
O04315,2026-09-18T19:31:00,vanilla_latte,vanilla_latte,1,5700,paid
O04316,2026-09-18T19:00:00,vanilla_latte,vanilla_latte,2,11400,paid
O04317,2026-09-18T19:18:00,vanilla_latte,vanilla_latte,1,5700,paid
O04318,2026-09-18T19:05:00,cold_brew,cold_brew,1,5500,paid
O04319,2026-09-18T19:21:00,vanilla_latte,vanilla_latte,1,5700,paid
O04320,2026-09-18T19:05:00,americano,americano,2,9000,paid
O04321,2026-09-18T19:59:00,sandwich,sandwich,1,6800,paid
O04322,2026-09-18T19:52:00,vanilla_latte,vanilla_latte,1,5700,paid
O04323,2026-09-18T20:39:00,iced_tea,iced_tea,1,4800,paid
O04324,2026-09-18T20:18:00,cafe_latte,cafe_latte,1,5200,paid
O04325,2026-09-18T20:54:00,cafe_latte,cafe_latte,1,5200,paid
O04326,2026-09-18T20:44:00,vanilla_latte,vanilla_latte,1,5700,paid
O04327,2026-09-18T20:14:00,cafe_latte,cafe_latte,1,5200,paid
O04328,2026-09-18T20:21:00,americano,americano,1,4500,paid
O04329,2026-09-18T20:22:00,croissant,croissant,1,4200,paid
O04330,2026-09-18T20:45:00,iced_tea,iced_tea,1,4800,paid
O04331,2026-09-18T20:15:00,espresso,espresso,1,4000,paid
O04332,2026-09-18T20:29:00,cold_brew,cold_brew,1,5500,paid
O04333,2026-09-19T09:37:00,americano,americano,1,4500,paid
O04334,2026-09-19T09:28:00,vanilla_latte,vanilla_latte,1,5700,paid
O04335,2026-09-19T09:18:00,vanilla_latte,vanilla_latte,1,5700,paid
O04336,2026-09-19T09:45:00,cold_brew,cold_brew,1,5500,paid
O04337,2026-09-19T09:59:00,espresso,espresso,1,4000,paid
O04338,2026-09-19T09:45:00,sandwich,sandwich,1,6800,paid
O04339,2026-09-19T09:23:00,croissant,croissant,1,4200,paid
O04340,2026-09-19T09:04:00,espresso,espresso,1,4000,paid
O04341,2026-09-19T09:51:00,americano,americano,1,4500,paid
O04342,2026-09-19T10:25:00,croissant,croissant,1,4200,paid
O04343,2026-09-19T10:20:00,croissant,croissant,1,4200,paid
O04344,2026-09-19T10:48:00,cold_brew,cold_brew,2,11000,paid
O04345,2026-09-19T10:50:00,vanilla_latte,vanilla_latte,1,5700,paid
O04346,2026-09-19T10:31:00,iced_tea,iced_tea,1,4800,paid
O04347,2026-09-19T10:08:00,vanilla_latte,vanilla_latte,1,5700,paid
O04348,2026-09-19T10:17:00,financier,financier,1,3500,paid
O04349,2026-09-19T10:49:00,vanilla_latte,vanilla_latte,1,5700,paid
O04350,2026-09-19T10:51:00,cold_brew,cold_brew,1,5500,paid
O04351,2026-09-19T10:06:00,cold_brew,cold_brew,1,5500,paid
O04352,2026-09-19T11:21:00,strawberry_latte,strawberry_latte,1,6200,paid
O04353,2026-09-19T11:56:00,iced_tea,iced_tea,1,4800,paid
O04354,2026-09-19T11:39:00,sandwich,sandwich,1,6800,paid
O04355,2026-09-19T11:46:00,espresso,espresso,1,4000,paid
O04356,2026-09-19T11:37:00,croissant,croissant,2,8400,paid
O04357,2026-09-19T11:48:00,iced_tea,iced_tea,1,4800,paid
O04358,2026-09-19T11:01:00,americano,americano,1,4500,paid
O04359,2026-09-19T11:50:00,sandwich,sandwich,1,6800,paid
O04360,2026-09-19T11:26:00,croissant,croissant,1,4200,paid
O04361,2026-09-19T11:59:00,sandwich,sandwich,1,6800,paid
O04362,2026-09-19T12:19:00,strawberry_latte,strawberry_latte,1,6200,paid
O04363,2026-09-19T12:37:00,strawberry_latte,strawberry_latte,1,6200,paid
O04364,2026-09-19T12:33:00,espresso,espresso,1,4000,paid
O04365,2026-09-19T12:52:00,americano,americano,1,4500,paid
O04366,2026-09-19T12:27:00,strawberry_latte,strawberry_latte,1,6200,paid
O04367,2026-09-19T12:17:00,cafe_latte,cafe_latte,1,5200,paid
O04368,2026-09-19T12:01:00,financier,financier,2,7000,paid
O04369,2026-09-19T12:42:00,iced_tea,iced_tea,1,4800,paid
O04370,2026-09-19T12:13:00,croissant,croissant,2,8400,paid
O04371,2026-09-19T12:07:00,financier,financier,1,3500,paid
O04372,2026-09-19T13:11:00,financier,financier,1,3500,paid
O04373,2026-09-19T13:27:00,strawberry_latte,strawberry_latte,1,6200,paid
O04374,2026-09-19T13:30:00,cold_brew,cold_brew,1,5500,paid
O04375,2026-09-19T13:47:00,cafe_latte,cafe_latte,1,5200,paid
O04376,2026-09-19T13:42:00,vanilla_latte,vanilla_latte,1,5700,paid
O04377,2026-09-19T13:27:00,espresso,espresso,1,4000,paid
O04378,2026-09-19T13:48:00,vanilla_latte,vanilla_latte,1,5700,paid
O04379,2026-09-19T13:44:00,iced_tea,iced_tea,2,9600,paid
O04380,2026-09-19T13:09:00,cafe_latte,cafe_latte,1,5200,paid
O04381,2026-09-19T13:04:00,americano,americano,2,9000,paid
O04382,2026-09-19T13:28:00,vanilla_latte,vanilla_latte,1,5700,paid
O04383,2026-09-19T13:53:00,cafe_latte,cafe_latte,1,5200,paid
O04384,2026-09-19T13:30:00,croissant,croissant,1,4200,paid
O04385,2026-09-19T13:22:00,iced_tea,iced_tea,1,4800,paid
O04386,2026-09-19T13:51:00,cold_brew,cold_brew,1,5500,paid
O04387,2026-09-19T13:46:00,financier,financier,2,7000,paid
O04388,2026-09-19T13:50:00,sandwich,sandwich,1,6800,paid
O04389,2026-09-19T14:10:00,vanilla_latte,vanilla_latte,1,5700,paid
O04390,2026-09-19T14:59:00,financier,financier,1,3500,paid
O04391,2026-09-19T14:24:00,americano,americano,1,4500,paid
O04392,2026-09-19T14:49:00,cafe_latte,cafe_latte,1,5200,paid
O04393,2026-09-19T14:39:00,strawberry_latte,strawberry_latte,1,6200,paid
O04394,2026-09-19T14:04:00,sandwich,sandwich,1,6800,paid
O04395,2026-09-19T14:29:00,croissant,croissant,1,4200,paid
O04396,2026-09-19T14:12:00,cold_brew,cold_brew,1,5500,paid
O04397,2026-09-19T14:00:00,americano,americano,1,4500,paid
O04398,2026-09-19T14:42:00,cold_brew,cold_brew,1,5500,paid
O04399,2026-09-19T14:53:00,cold_brew,cold_brew,1,5500,paid
O04400,2026-09-19T14:05:00,cold_brew,cold_brew,1,5500,paid
O04401,2026-09-19T14:35:00,cafe_latte,cafe_latte,1,5200,paid
O04402,2026-09-19T14:31:00,sandwich,sandwich,1,6800,paid
O04403,2026-09-19T14:21:00,financier,financier,1,3500,paid
O04404,2026-09-19T14:50:00,sandwich,sandwich,1,6800,paid
O04405,2026-09-19T14:52:00,strawberry_latte,strawberry_latte,1,6200,paid
O04406,2026-09-19T15:19:00,cafe_latte,cafe_latte,1,5200,paid
O04407,2026-09-19T15:09:00,iced_tea,iced_tea,1,4800,paid
O04408,2026-09-19T15:04:00,cold_brew,cold_brew,1,5500,paid
O04409,2026-09-19T15:19:00,cold_brew,cold_brew,1,5500,paid
O04410,2026-09-19T15:18:00,espresso,espresso,1,4000,paid
O04411,2026-09-19T15:55:00,vanilla_latte,vanilla_latte,1,5700,paid
O04412,2026-09-19T15:54:00,financier,financier,1,3500,paid
O04413,2026-09-19T15:16:00,cold_brew,cold_brew,1,5500,paid
O04414,2026-09-19T15:11:00,cold_brew,cold_brew,1,5500,paid
O04415,2026-09-19T15:05:00,strawberry_latte,strawberry_latte,1,6200,paid
O04416,2026-09-19T15:53:00,americano,americano,1,4500,paid
O04417,2026-09-19T15:05:00,financier,financier,2,7000,paid
O04418,2026-09-19T15:34:00,sandwich,sandwich,1,6800,paid
O04419,2026-09-19T15:06:00,financier,financier,1,3500,paid
O04420,2026-09-19T15:56:00,americano,americano,1,4500,paid
O04421,2026-09-19T15:17:00,cafe_latte,cafe_latte,1,5200,paid
O04422,2026-09-19T16:37:00,cafe_latte,cafe_latte,1,5200,paid
O04423,2026-09-19T16:02:00,cafe_latte,cafe_latte,1,5200,paid
O04424,2026-09-19T16:06:00,cold_brew,cold_brew,1,5500,paid
O04425,2026-09-19T16:35:00,vanilla_latte,vanilla_latte,1,5700,paid
O04426,2026-09-19T16:11:00,cafe_latte,cafe_latte,1,5200,paid
O04427,2026-09-19T16:01:00,cafe_latte,cafe_latte,1,5200,paid
O04428,2026-09-19T16:08:00,strawberry_latte,strawberry_latte,1,6200,paid
O04429,2026-09-19T16:26:00,financier,financier,1,3500,paid
O04430,2026-09-19T16:36:00,financier,financier,1,3500,paid
O04431,2026-09-19T16:03:00,croissant,croissant,1,4200,paid
O04432,2026-09-19T16:24:00,strawberry_latte,strawberry_latte,1,6200,paid
O04433,2026-09-19T16:08:00,financier,financier,1,3500,paid
O04434,2026-09-19T16:37:00,sandwich,sandwich,1,6800,paid
O04435,2026-09-19T16:54:00,iced_tea,iced_tea,1,4800,paid
O04436,2026-09-19T16:38:00,espresso,espresso,1,4000,paid
O04437,2026-09-19T16:25:00,americano,americano,2,9000,paid
O04438,2026-09-19T16:44:00,strawberry_latte,strawberry_latte,1,6200,paid
O04439,2026-09-19T17:42:00,sandwich,sandwich,1,6800,paid
O04440,2026-09-19T17:14:00,vanilla_latte,vanilla_latte,1,5700,paid
O04441,2026-09-19T17:43:00,americano,americano,1,4500,paid
O04442,2026-09-19T17:17:00,vanilla_latte,vanilla_latte,2,11400,paid
O04443,2026-09-19T17:13:00,sandwich,sandwich,1,6800,paid
O04444,2026-09-19T17:21:00,americano,americano,1,4500,paid
O04445,2026-09-19T17:46:00,croissant,croissant,1,4200,paid
O04446,2026-09-19T17:26:00,cold_brew,cold_brew,1,5500,paid
O04447,2026-09-19T17:28:00,financier,financier,1,3500,paid
O04448,2026-09-19T17:22:00,vanilla_latte,vanilla_latte,1,5700,paid
O04449,2026-09-19T17:17:00,strawberry_latte,strawberry_latte,1,6200,paid
O04450,2026-09-19T17:27:00,americano,americano,1,4500,paid
O04451,2026-09-19T17:56:00,vanilla_latte,vanilla_latte,1,5700,paid
O04452,2026-09-19T17:13:00,croissant,croissant,1,4200,paid
O04453,2026-09-19T18:11:00,vanilla_latte,vanilla_latte,1,5700,paid
O04454,2026-09-19T18:48:00,americano,americano,1,4500,paid
O04455,2026-09-19T18:22:00,cafe_latte,cafe_latte,1,5200,paid
O04456,2026-09-19T18:44:00,strawberry_latte,strawberry_latte,1,6200,paid
O04457,2026-09-19T18:17:00,croissant,croissant,2,8400,paid
O04458,2026-09-19T18:57:00,croissant,croissant,1,4200,paid
O04459,2026-09-19T18:41:00,americano,americano,1,4500,paid
O04460,2026-09-19T18:35:00,espresso,espresso,1,4000,paid
O04461,2026-09-19T18:46:00,vanilla_latte,vanilla_latte,1,5700,paid
O04462,2026-09-19T18:06:00,financier,financier,1,3500,paid
O04463,2026-09-19T19:01:00,iced_tea,iced_tea,1,4800,paid
O04464,2026-09-19T19:06:00,sandwich,sandwich,2,13600,paid
O04465,2026-09-19T19:15:00,iced_tea,iced_tea,1,4800,paid
O04466,2026-09-19T19:59:00,sandwich,sandwich,1,6800,paid
O04467,2026-09-19T19:33:00,vanilla_latte,vanilla_latte,1,5700,paid
O04468,2026-09-19T19:20:00,vanilla_latte,vanilla_latte,2,11400,paid
O04469,2026-09-19T19:00:00,espresso,espresso,1,4000,paid
O04470,2026-09-19T19:46:00,strawberry_latte,strawberry_latte,1,6200,paid
O04471,2026-09-19T19:51:00,espresso,espresso,1,4000,paid
O04472,2026-09-19T19:25:00,sandwich,sandwich,1,6800,paid
O04473,2026-09-19T20:06:00,sandwich,sandwich,1,6800,paid
O04474,2026-09-19T20:56:00,croissant,croissant,1,4200,paid
O04475,2026-09-19T20:21:00,cold_brew,cold_brew,1,5500,paid
O04476,2026-09-19T20:34:00,croissant,croissant,1,4200,paid
O04477,2026-09-19T20:35:00,croissant,croissant,1,4200,paid
O04478,2026-09-19T20:57:00,cafe_latte,cafe_latte,1,5200,paid
O04479,2026-09-19T20:02:00,strawberry_latte,strawberry_latte,1,6200,paid
O04480,2026-09-19T20:47:00,croissant,croissant,1,4200,paid
O04481,2026-09-19T20:35:00,cafe_latte,cafe_latte,1,5200,paid
O04482,2026-09-19T20:13:00,vanilla_latte,vanilla_latte,1,5700,paid
O04483,2026-09-19T20:16:00,cold_brew,cold_brew,1,5500,paid
O04484,2026-09-20T09:17:00,espresso,espresso,1,4000,paid
O04485,2026-09-20T09:05:00,croissant,croissant,1,4200,paid
O04486,2026-09-20T09:05:00,strawberry_latte,strawberry_latte,1,6200,paid
O04487,2026-09-20T09:40:00,sandwich,sandwich,1,6800,paid
O04488,2026-09-20T09:17:00,americano,americano,1,4500,paid
O04489,2026-09-20T09:44:00,vanilla_latte,vanilla_latte,1,5700,paid
O04490,2026-09-20T09:13:00,croissant,croissant,1,4200,paid
O04491,2026-09-20T09:32:00,cold_brew,cold_brew,1,5500,paid
O04492,2026-09-20T09:17:00,strawberry_latte,strawberry_latte,2,12400,paid
O04493,2026-09-20T10:35:00,cold_brew,cold_brew,1,5500,paid
O04494,2026-09-20T10:40:00,americano,americano,1,4500,paid
O04495,2026-09-20T10:12:00,americano,americano,1,4500,paid
O04496,2026-09-20T10:02:00,vanilla_latte,vanilla_latte,1,5700,paid
O04497,2026-09-20T10:12:00,strawberry_latte,strawberry_latte,1,6200,paid
O04498,2026-09-20T10:42:00,iced_tea,iced_tea,1,4800,paid
O04499,2026-09-20T10:02:00,strawberry_latte,strawberry_latte,1,6200,paid
O04500,2026-09-20T10:48:00,strawberry_latte,strawberry_latte,1,6200,paid
O04501,2026-09-20T10:04:00,espresso,espresso,1,4000,paid
O04502,2026-09-20T11:10:00,croissant,croissant,1,4200,paid
O04503,2026-09-20T11:43:00,americano,americano,1,4500,paid
O04504,2026-09-20T11:10:00,cafe_latte,cafe_latte,1,5200,paid
O04505,2026-09-20T11:06:00,cafe_latte,cafe_latte,1,5200,paid
O04506,2026-09-20T11:10:00,strawberry_latte,strawberry_latte,1,6200,paid
O04507,2026-09-20T11:56:00,financier,financier,1,3500,paid
O04508,2026-09-20T11:58:00,sandwich,sandwich,1,6800,paid
O04509,2026-09-20T11:10:00,cold_brew,cold_brew,1,5500,paid
O04510,2026-09-20T11:13:00,financier,financier,1,3500,paid
O04511,2026-09-20T11:53:00,espresso,espresso,1,4000,paid
O04512,2026-09-20T11:38:00,iced_tea,iced_tea,1,4800,paid
O04513,2026-09-20T11:18:00,americano,americano,1,4500,paid
O04514,2026-09-20T12:55:00,croissant,croissant,2,8400,paid
O04515,2026-09-20T12:08:00,cafe_latte,cafe_latte,1,5200,paid
O04516,2026-09-20T12:34:00,strawberry_latte,strawberry_latte,1,6200,paid
O04517,2026-09-20T12:58:00,financier,financier,1,3500,paid
O04518,2026-09-20T12:11:00,vanilla_latte,vanilla_latte,1,5700,paid
O04519,2026-09-20T12:15:00,strawberry_latte,strawberry_latte,1,6200,paid
O04520,2026-09-20T12:34:00,financier,financier,1,3500,paid
O04521,2026-09-20T12:05:00,strawberry_latte,strawberry_latte,1,6200,paid
O04522,2026-09-20T12:16:00,financier,financier,1,3500,paid
O04523,2026-09-20T12:52:00,cold_brew,cold_brew,1,5500,paid
O04524,2026-09-20T13:13:00,croissant,croissant,1,4200,paid
O04525,2026-09-20T13:05:00,strawberry_latte,strawberry_latte,1,6200,paid
O04526,2026-09-20T13:04:00,vanilla_latte,vanilla_latte,1,5700,paid
O04527,2026-09-20T13:48:00,financier,financier,1,3500,paid
O04528,2026-09-20T13:17:00,croissant,croissant,1,4200,paid
O04529,2026-09-20T13:00:00,americano,americano,1,4500,paid
O04530,2026-09-20T13:46:00,americano,americano,1,4500,paid
O04531,2026-09-20T13:48:00,cafe_latte,cafe_latte,1,5200,paid
O04532,2026-09-20T13:12:00,cafe_latte,cafe_latte,1,5200,paid
O04533,2026-09-20T13:57:00,cafe_latte,cafe_latte,1,5200,paid
O04534,2026-09-20T13:40:00,cold_brew,cold_brew,1,5500,paid
O04535,2026-09-20T13:22:00,americano,americano,1,4500,paid
O04536,2026-09-20T13:50:00,espresso,espresso,1,4000,paid
O04537,2026-09-20T13:16:00,iced_tea,iced_tea,1,4800,paid
O04538,2026-09-20T13:09:00,cafe_latte,cafe_latte,1,5200,paid
O04539,2026-09-20T14:31:00,financier,financier,1,3500,paid
O04540,2026-09-20T14:52:00,cafe_latte,cafe_latte,1,5200,paid
O04541,2026-09-20T14:02:00,financier,financier,1,3500,paid
O04542,2026-09-20T14:32:00,espresso,espresso,1,4000,paid
O04543,2026-09-20T14:38:00,croissant,croissant,1,4200,paid
O04544,2026-09-20T14:56:00,americano,americano,1,4500,paid
O04545,2026-09-20T14:21:00,espresso,espresso,1,4000,paid
O04546,2026-09-20T14:17:00,cold_brew,cold_brew,1,5500,paid
O04547,2026-09-20T14:36:00,vanilla_latte,vanilla_latte,1,5700,paid
O04548,2026-09-20T14:51:00,strawberry_latte,strawberry_latte,1,6200,paid
O04549,2026-09-20T14:20:00,financier,financier,1,3500,paid
O04550,2026-09-20T14:52:00,americano,americano,1,4500,paid
O04551,2026-09-20T14:02:00,sandwich,sandwich,1,6800,paid
O04552,2026-09-20T14:03:00,americano,americano,1,4500,paid
O04553,2026-09-20T14:38:00,strawberry_latte,strawberry_latte,1,6200,paid
O04554,2026-09-20T14:22:00,financier,financier,1,3500,paid
O04555,2026-09-20T15:54:00,sandwich,sandwich,1,6800,paid
O04556,2026-09-20T15:03:00,vanilla_latte,vanilla_latte,1,5700,paid
O04557,2026-09-20T15:55:00,americano,americano,2,9000,paid
O04558,2026-09-20T15:07:00,iced_tea,iced_tea,1,4800,paid
O04559,2026-09-20T15:16:00,financier,financier,1,3500,paid
O04560,2026-09-20T15:30:00,vanilla_latte,vanilla_latte,1,5700,paid
O04561,2026-09-20T15:24:00,strawberry_latte,strawberry_latte,1,6200,paid
O04562,2026-09-20T15:25:00,financier,financier,1,3500,paid
O04563,2026-09-20T15:04:00,strawberry_latte,strawberry_latte,1,6200,paid
O04564,2026-09-20T15:18:00,espresso,espresso,1,4000,paid
O04565,2026-09-20T15:42:00,financier,financier,1,3500,paid
O04566,2026-09-20T15:01:00,espresso,espresso,1,4000,paid
O04567,2026-09-20T15:08:00,espresso,espresso,1,4000,paid
O04568,2026-09-20T15:06:00,financier,financier,1,3500,paid
O04569,2026-09-20T15:55:00,iced_tea,iced_tea,1,4800,paid
O04570,2026-09-20T15:40:00,espresso,espresso,1,4000,paid
O04571,2026-09-20T15:48:00,vanilla_latte,vanilla_latte,1,5700,paid
O04572,2026-09-20T16:50:00,americano,americano,1,4500,paid
O04573,2026-09-20T16:43:00,cold_brew,cold_brew,1,5500,paid
O04574,2026-09-20T16:55:00,iced_tea,iced_tea,1,4800,paid
O04575,2026-09-20T16:19:00,cafe_latte,cafe_latte,1,5200,paid
O04576,2026-09-20T16:32:00,iced_tea,iced_tea,1,4800,paid
O04577,2026-09-20T16:58:00,financier,financier,1,3500,paid
O04578,2026-09-20T16:23:00,strawberry_latte,strawberry_latte,1,6200,paid
O04579,2026-09-20T16:33:00,financier,financier,1,3500,paid
O04580,2026-09-20T16:08:00,iced_tea,iced_tea,1,4800,paid
O04581,2026-09-20T16:03:00,sandwich,sandwich,1,6800,paid
O04582,2026-09-20T16:40:00,americano,americano,1,4500,paid
O04583,2026-09-20T16:58:00,iced_tea,iced_tea,1,4800,paid
O04584,2026-09-20T16:52:00,strawberry_latte,strawberry_latte,2,12400,paid
O04585,2026-09-20T16:16:00,strawberry_latte,strawberry_latte,1,6200,paid
O04586,2026-09-20T16:07:00,cold_brew,cold_brew,1,5500,paid
O04587,2026-09-20T17:05:00,vanilla_latte,vanilla_latte,1,5700,paid
O04588,2026-09-20T17:29:00,sandwich,sandwich,1,6800,paid
O04589,2026-09-20T17:12:00,financier,financier,1,3500,paid
O04590,2026-09-20T17:43:00,sandwich,sandwich,1,6800,paid
O04591,2026-09-20T17:25:00,croissant,croissant,1,4200,paid
O04592,2026-09-20T17:26:00,strawberry_latte,strawberry_latte,1,6200,paid
O04593,2026-09-20T17:58:00,cafe_latte,cafe_latte,2,10400,paid
O04594,2026-09-20T17:20:00,financier,financier,1,3500,paid
O04595,2026-09-20T17:32:00,cafe_latte,cafe_latte,1,5200,paid
O04596,2026-09-20T17:33:00,financier,financier,1,3500,paid
O04597,2026-09-20T17:13:00,americano,americano,2,9000,paid
O04598,2026-09-20T17:21:00,americano,americano,1,4500,paid
O04599,2026-09-20T17:53:00,cafe_latte,cafe_latte,1,5200,paid
O04600,2026-09-20T17:15:00,financier,financier,2,7000,paid
O04601,2026-09-20T17:44:00,cold_brew,cold_brew,1,5500,paid
O04602,2026-09-20T18:46:00,sandwich,sandwich,1,6800,paid
O04603,2026-09-20T18:43:00,americano,americano,1,4500,paid
O04604,2026-09-20T18:50:00,espresso,espresso,1,4000,paid
O04605,2026-09-20T18:04:00,vanilla_latte,vanilla_latte,1,5700,paid
O04606,2026-09-20T18:07:00,sandwich,sandwich,1,6800,paid
O04607,2026-09-20T18:34:00,sandwich,sandwich,1,6800,paid
O04608,2026-09-20T18:33:00,strawberry_latte,strawberry_latte,1,6200,paid
O04609,2026-09-20T18:37:00,cold_brew,cold_brew,1,5500,paid
O04610,2026-09-20T18:52:00,espresso,espresso,1,4000,paid
O04611,2026-09-20T18:32:00,strawberry_latte,strawberry_latte,1,6200,paid
O04612,2026-09-20T19:21:00,croissant,croissant,1,4200,paid
O04613,2026-09-20T19:59:00,cafe_latte,cafe_latte,1,5200,paid
O04614,2026-09-20T19:34:00,iced_tea,iced_tea,1,4800,paid
O04615,2026-09-20T19:40:00,americano,americano,1,4500,paid
O04616,2026-09-20T19:59:00,cold_brew,cold_brew,1,5500,paid
O04617,2026-09-20T19:50:00,espresso,espresso,1,4000,paid
O04618,2026-09-20T19:07:00,financier,financier,1,3500,paid
O04619,2026-09-20T19:01:00,espresso,espresso,1,4000,paid
O04620,2026-09-20T19:03:00,strawberry_latte,strawberry_latte,1,6200,paid
O04621,2026-09-20T20:56:00,cold_brew,cold_brew,1,5500,paid
O04622,2026-09-20T20:48:00,cafe_latte,cafe_latte,1,5200,paid
O04623,2026-09-20T20:29:00,espresso,espresso,1,4000,paid
O04624,2026-09-20T20:13:00,cold_brew,cold_brew,2,11000,paid
O04625,2026-09-20T20:16:00,vanilla_latte,vanilla_latte,1,5700,paid
O04626,2026-09-20T20:27:00,cold_brew,cold_brew,1,5500,paid
O04627,2026-09-20T20:36:00,financier,financier,1,3500,paid
O04628,2026-09-20T20:31:00,croissant,croissant,1,4200,paid
O04629,2026-09-20T20:09:00,financier,financier,1,3500,paid
O04630,2026-09-20T20:53:00,strawberry_latte,strawberry_latte,2,12400,paid
O04631,2026-09-20T20:02:00,iced_tea,iced_tea,1,4800,paid
O04632,2026-09-21T09:33:00,financier,financier,1,3500,paid
O04633,2026-09-21T09:15:00,strawberry_latte,strawberry_latte,1,6200,paid
O04634,2026-09-21T09:33:00,financier,financier,1,3500,paid
O04635,2026-09-21T09:14:00,espresso,espresso,1,4000,paid
O04636,2026-09-21T09:03:00,sandwich,sandwich,1,6800,paid
O04637,2026-09-21T09:44:00,cold_brew,cold_brew,1,5500,paid
O04638,2026-09-21T09:32:00,sandwich,sandwich,1,6800,paid
O04639,2026-09-21T10:51:00,sandwich,sandwich,1,6800,paid
O04640,2026-09-21T10:59:00,iced_tea,iced_tea,1,4800,paid
O04641,2026-09-21T10:37:00,croissant,croissant,2,8400,paid
O04642,2026-09-21T10:45:00,espresso,espresso,1,4000,paid
O04643,2026-09-21T10:26:00,sandwich,sandwich,2,13600,paid
O04644,2026-09-21T10:55:00,sandwich,sandwich,1,6800,paid
O04645,2026-09-21T10:48:00,financier,financier,1,3500,paid
O04646,2026-09-21T10:33:00,croissant,croissant,1,4200,paid
O04647,2026-09-21T11:40:00,cold_brew,cold_brew,1,5500,paid
O04648,2026-09-21T11:36:00,strawberry_latte,strawberry_latte,1,6200,paid
O04649,2026-09-21T11:32:00,iced_tea,iced_tea,1,4800,paid
O04650,2026-09-21T11:54:00,sandwich,sandwich,1,6800,paid
O04651,2026-09-21T11:06:00,vanilla_latte,vanilla_latte,1,5700,paid
O04652,2026-09-21T11:09:00,strawberry_latte,strawberry_latte,1,6200,paid
O04653,2026-09-21T11:03:00,espresso,espresso,1,4000,paid
O04654,2026-09-21T11:35:00,sandwich,sandwich,1,6800,paid
O04655,2026-09-21T12:26:00,cafe_latte,cafe_latte,1,5200,paid
O04656,2026-09-21T12:13:00,croissant,croissant,1,4200,paid
O04657,2026-09-21T12:46:00,financier,financier,2,7000,paid
O04658,2026-09-21T12:20:00,financier,financier,1,3500,paid
O04659,2026-09-21T12:57:00,cold_brew,cold_brew,1,5500,paid
O04660,2026-09-21T12:35:00,vanilla_latte,vanilla_latte,1,5700,paid
O04661,2026-09-21T12:57:00,iced_tea,iced_tea,1,4800,paid
O04662,2026-09-21T12:07:00,espresso,espresso,1,4000,paid
O04663,2026-09-21T13:01:00,sandwich,sandwich,1,6800,paid
O04664,2026-09-21T13:48:00,vanilla_latte,vanilla_latte,1,5700,paid
O04665,2026-09-21T13:27:00,financier,financier,1,3500,paid
O04666,2026-09-21T13:24:00,cafe_latte,cafe_latte,1,5200,paid
O04667,2026-09-21T13:40:00,espresso,espresso,1,4000,paid
O04668,2026-09-21T13:30:00,strawberry_latte,strawberry_latte,1,6200,paid
O04669,2026-09-21T13:43:00,cafe_latte,cafe_latte,1,5200,paid
O04670,2026-09-21T13:20:00,strawberry_latte,strawberry_latte,1,6200,paid
O04671,2026-09-21T13:48:00,cold_brew,cold_brew,2,11000,paid
O04672,2026-09-21T13:49:00,iced_tea,iced_tea,1,4800,paid
O04673,2026-09-21T13:15:00,espresso,espresso,1,4000,paid
O04674,2026-09-21T13:17:00,iced_tea,iced_tea,1,4800,paid
O04675,2026-09-21T13:10:00,americano,americano,1,4500,paid
O04676,2026-09-21T13:42:00,strawberry_latte,strawberry_latte,1,6200,paid
O04677,2026-09-21T13:58:00,espresso,espresso,1,4000,paid
O04678,2026-09-21T14:48:00,americano,americano,1,4500,paid
O04679,2026-09-21T14:05:00,financier,financier,1,3500,paid
O04680,2026-09-21T14:52:00,sandwich,sandwich,1,6800,paid
O04681,2026-09-21T14:24:00,americano,americano,2,9000,paid
O04682,2026-09-21T14:17:00,americano,americano,1,4500,paid
O04683,2026-09-21T14:04:00,iced_tea,iced_tea,1,4800,paid
O04684,2026-09-21T14:49:00,americano,americano,1,4500,paid
O04685,2026-09-21T14:37:00,financier,financier,1,3500,paid
O04686,2026-09-21T14:03:00,espresso,espresso,1,4000,paid
O04687,2026-09-21T14:17:00,strawberry_latte,strawberry_latte,1,6200,paid
O04688,2026-09-21T14:38:00,croissant,croissant,1,4200,paid
O04689,2026-09-21T14:45:00,espresso,espresso,1,4000,paid
O04690,2026-09-21T14:48:00,vanilla_latte,vanilla_latte,1,5700,paid
O04691,2026-09-21T14:22:00,vanilla_latte,vanilla_latte,1,5700,paid
O04692,2026-09-21T15:52:00,croissant,croissant,1,4200,paid
O04693,2026-09-21T15:10:00,espresso,espresso,2,8000,paid
O04694,2026-09-21T15:49:00,sandwich,sandwich,1,6800,paid
O04695,2026-09-21T15:33:00,americano,americano,1,4500,paid
O04696,2026-09-21T15:12:00,iced_tea,iced_tea,1,4800,paid
O04697,2026-09-21T15:05:00,strawberry_latte,strawberry_latte,1,6200,paid
O04698,2026-09-21T15:59:00,cold_brew,cold_brew,1,5500,paid
O04699,2026-09-21T15:25:00,strawberry_latte,strawberry_latte,1,6200,paid
O04700,2026-09-21T15:05:00,croissant,croissant,1,4200,paid
O04701,2026-09-21T15:57:00,americano,americano,1,4500,paid
O04702,2026-09-21T15:10:00,cafe_latte,cafe_latte,1,5200,paid
O04703,2026-09-21T16:15:00,strawberry_latte,strawberry_latte,1,6200,paid
O04704,2026-09-21T16:31:00,cold_brew,cold_brew,1,5500,paid
O04705,2026-09-21T16:24:00,sandwich,sandwich,2,13600,paid
O04706,2026-09-21T16:04:00,strawberry_latte,strawberry_latte,1,6200,paid
O04707,2026-09-21T16:37:00,iced_tea,iced_tea,1,4800,paid
O04708,2026-09-21T16:20:00,vanilla_latte,vanilla_latte,1,5700,paid
O04709,2026-09-21T16:18:00,vanilla_latte,vanilla_latte,1,5700,paid
O04710,2026-09-21T16:06:00,americano,americano,2,9000,paid
O04711,2026-09-21T16:03:00,iced_tea,iced_tea,1,4800,paid
O04712,2026-09-21T16:16:00,croissant,croissant,1,4200,paid
O04713,2026-09-21T16:06:00,espresso,espresso,1,4000,paid
O04714,2026-09-21T17:10:00,croissant,croissant,1,4200,paid
O04715,2026-09-21T17:10:00,cafe_latte,cafe_latte,1,5200,paid
O04716,2026-09-21T17:37:00,croissant,croissant,1,4200,paid
O04717,2026-09-21T17:12:00,vanilla_latte,vanilla_latte,1,5700,paid
O04718,2026-09-21T17:26:00,financier,financier,2,7000,paid
O04719,2026-09-21T17:47:00,sandwich,sandwich,1,6800,paid
O04720,2026-09-21T17:48:00,sandwich,sandwich,1,6800,paid
O04721,2026-09-21T17:34:00,strawberry_latte,strawberry_latte,1,6200,paid
O04722,2026-09-21T17:11:00,cafe_latte,cafe_latte,1,5200,paid
O04723,2026-09-21T17:21:00,cold_brew,cold_brew,1,5500,paid
O04724,2026-09-21T17:47:00,sandwich,sandwich,1,6800,paid
O04725,2026-09-21T17:37:00,croissant,croissant,1,4200,paid
O04726,2026-09-21T17:59:00,espresso,espresso,1,4000,paid
O04727,2026-09-21T17:03:00,croissant,croissant,1,4200,paid
O04728,2026-09-21T18:33:00,strawberry_latte,strawberry_latte,2,12400,paid
O04729,2026-09-21T18:00:00,americano,americano,1,4500,paid
O04730,2026-09-21T18:42:00,financier,financier,1,3500,paid
O04731,2026-09-21T18:22:00,vanilla_latte,vanilla_latte,1,5700,paid
O04732,2026-09-21T18:25:00,vanilla_latte,vanilla_latte,1,5700,paid
O04733,2026-09-21T18:34:00,americano,americano,1,4500,paid
O04734,2026-09-21T18:25:00,cafe_latte,cafe_latte,1,5200,paid
O04735,2026-09-21T18:33:00,vanilla_latte,vanilla_latte,1,5700,paid
O04736,2026-09-21T19:08:00,cafe_latte,cafe_latte,2,10400,paid
O04737,2026-09-21T19:29:00,sandwich,sandwich,1,6800,paid
O04738,2026-09-21T19:34:00,americano,americano,1,4500,paid
O04739,2026-09-21T19:38:00,strawberry_latte,strawberry_latte,1,6200,paid
O04740,2026-09-21T19:55:00,iced_tea,iced_tea,1,4800,paid
O04741,2026-09-21T19:58:00,vanilla_latte,vanilla_latte,1,5700,paid
O04742,2026-09-21T19:38:00,cold_brew,cold_brew,1,5500,paid
O04743,2026-09-21T19:46:00,financier,financier,1,3500,paid
O04744,2026-09-21T19:18:00,iced_tea,iced_tea,1,4800,paid
O04745,2026-09-21T20:47:00,sandwich,sandwich,1,6800,paid
O04746,2026-09-21T20:04:00,financier,financier,1,3500,paid
O04747,2026-09-21T20:40:00,iced_tea,iced_tea,1,4800,paid
O04748,2026-09-21T20:51:00,financier,financier,1,3500,paid
O04749,2026-09-21T20:59:00,croissant,croissant,1,4200,paid
O04750,2026-09-21T20:25:00,strawberry_latte,strawberry_latte,1,6200,paid
O04751,2026-09-21T20:34:00,espresso,espresso,1,4000,paid
O04752,2026-09-21T20:28:00,americano,americano,2,9000,paid
O04753,2026-09-21T20:39:00,espresso,espresso,1,4000,paid
O04754,2026-09-22T09:31:00,croissant,croissant,1,4200,paid
O04755,2026-09-22T09:39:00,financier,financier,1,3500,paid
O04756,2026-09-22T09:45:00,espresso,espresso,1,4000,paid
O04757,2026-09-22T09:36:00,vanilla_latte,vanilla_latte,1,5700,paid
O04758,2026-09-22T09:02:00,croissant,croissant,2,8400,paid
O04759,2026-09-22T09:00:00,cold_brew,cold_brew,1,5500,paid
O04760,2026-09-22T09:50:00,vanilla_latte,vanilla_latte,1,5700,paid
O04761,2026-09-22T10:42:00,iced_tea,iced_tea,1,4800,paid
O04762,2026-09-22T10:39:00,espresso,espresso,1,4000,paid
O04763,2026-09-22T10:01:00,croissant,croissant,1,4200,paid
O04764,2026-09-22T10:34:00,vanilla_latte,vanilla_latte,1,5700,paid
O04765,2026-09-22T10:17:00,cold_brew,cold_brew,1,5500,paid
O04766,2026-09-22T10:25:00,vanilla_latte,vanilla_latte,2,11400,paid
O04767,2026-09-22T10:08:00,sandwich,sandwich,1,6800,paid
O04768,2026-09-22T11:15:00,iced_tea,iced_tea,1,4800,paid
O04769,2026-09-22T11:54:00,financier,financier,1,3500,paid
O04770,2026-09-22T11:14:00,espresso,espresso,1,4000,paid
O04771,2026-09-22T11:59:00,financier,financier,2,7000,paid
O04772,2026-09-22T11:10:00,cafe_latte,cafe_latte,1,5200,paid
O04773,2026-09-22T11:58:00,cafe_latte,cafe_latte,1,5200,paid
O04774,2026-09-22T11:21:00,vanilla_latte,vanilla_latte,1,5700,paid
O04775,2026-09-22T11:21:00,vanilla_latte,vanilla_latte,2,11400,paid
O04776,2026-09-22T12:37:00,vanilla_latte,vanilla_latte,1,5700,paid
O04777,2026-09-22T12:38:00,strawberry_latte,strawberry_latte,1,6200,paid
O04778,2026-09-22T12:32:00,cafe_latte,cafe_latte,1,5200,paid
O04779,2026-09-22T12:23:00,financier,financier,1,3500,paid
O04780,2026-09-22T12:31:00,americano,americano,2,9000,paid
O04781,2026-09-22T12:54:00,iced_tea,iced_tea,2,9600,paid
O04782,2026-09-22T12:20:00,cold_brew,cold_brew,1,5500,paid
O04783,2026-09-22T12:14:00,iced_tea,iced_tea,1,4800,paid
O04784,2026-09-22T13:43:00,sandwich,sandwich,1,6800,paid
O04785,2026-09-22T13:53:00,sandwich,sandwich,1,6800,paid
O04786,2026-09-22T13:10:00,croissant,croissant,1,4200,paid
O04787,2026-09-22T13:45:00,strawberry_latte,strawberry_latte,1,6200,paid
O04788,2026-09-22T13:50:00,sandwich,sandwich,1,6800,paid
O04789,2026-09-22T13:13:00,cafe_latte,cafe_latte,1,5200,paid
O04790,2026-09-22T13:18:00,iced_tea,iced_tea,1,4800,paid
O04791,2026-09-22T13:20:00,cafe_latte,cafe_latte,1,5200,paid
O04792,2026-09-22T13:11:00,cafe_latte,cafe_latte,1,5200,paid
O04793,2026-09-22T13:52:00,sandwich,sandwich,1,6800,paid
O04794,2026-09-22T13:33:00,croissant,croissant,1,4200,paid
O04795,2026-09-22T14:02:00,croissant,croissant,1,4200,paid
O04796,2026-09-22T14:54:00,sandwich,sandwich,1,6800,paid
O04797,2026-09-22T14:49:00,cafe_latte,cafe_latte,1,5200,paid
O04798,2026-09-22T14:11:00,americano,americano,1,4500,paid
O04799,2026-09-22T14:07:00,espresso,espresso,1,4000,paid
O04800,2026-09-22T14:03:00,financier,financier,1,3500,paid
O04801,2026-09-22T14:00:00,vanilla_latte,vanilla_latte,1,5700,paid
O04802,2026-09-22T14:54:00,cold_brew,cold_brew,1,5500,paid
O04803,2026-09-22T14:49:00,financier,financier,1,3500,paid
O04804,2026-09-22T14:08:00,espresso,espresso,1,4000,paid
O04805,2026-09-22T14:51:00,financier,financier,1,3500,paid
O04806,2026-09-22T15:55:00,americano,americano,2,9000,paid
O04807,2026-09-22T15:48:00,financier,financier,1,3500,paid
O04808,2026-09-22T15:19:00,financier,financier,1,3500,paid
O04809,2026-09-22T15:21:00,vanilla_latte,vanilla_latte,1,5700,paid
O04810,2026-09-22T15:57:00,cold_brew,cold_brew,2,11000,paid
O04811,2026-09-22T15:46:00,financier,financier,1,3500,paid
O04812,2026-09-22T15:50:00,espresso,espresso,2,8000,paid
O04813,2026-09-22T15:32:00,sandwich,sandwich,1,6800,paid
O04814,2026-09-22T15:58:00,iced_tea,iced_tea,2,9600,paid
O04815,2026-09-22T15:27:00,cafe_latte,cafe_latte,1,5200,paid
O04816,2026-09-22T15:54:00,americano,americano,1,4500,paid
O04817,2026-09-22T15:51:00,americano,americano,1,4500,paid
O04818,2026-09-22T15:37:00,cold_brew,cold_brew,1,5500,paid
O04819,2026-09-22T15:08:00,cafe_latte,cafe_latte,2,10400,paid
O04820,2026-09-22T16:04:00,cold_brew,cold_brew,1,5500,paid
O04821,2026-09-22T16:30:00,americano,americano,1,4500,paid
O04822,2026-09-22T16:40:00,financier,financier,1,3500,paid
O04823,2026-09-22T16:43:00,financier,financier,1,3500,paid
O04824,2026-09-22T16:54:00,iced_tea,iced_tea,1,4800,paid
O04825,2026-09-22T16:24:00,financier,financier,1,3500,paid
O04826,2026-09-22T16:31:00,sandwich,sandwich,2,13600,paid
O04827,2026-09-22T16:44:00,croissant,croissant,2,8400,paid
O04828,2026-09-22T16:40:00,espresso,espresso,1,4000,paid
O04829,2026-09-22T16:09:00,iced_tea,iced_tea,1,4800,paid
O04830,2026-09-22T16:32:00,vanilla_latte,vanilla_latte,1,5700,paid
O04831,2026-09-22T16:04:00,cold_brew,cold_brew,1,5500,paid
O04832,2026-09-22T16:11:00,strawberry_latte,strawberry_latte,1,6200,paid
O04833,2026-09-22T17:04:00,vanilla_latte,vanilla_latte,1,5700,paid
O04834,2026-09-22T17:56:00,strawberry_latte,strawberry_latte,1,6200,paid
O04835,2026-09-22T17:03:00,iced_tea,iced_tea,1,4800,paid
O04836,2026-09-22T17:33:00,americano,americano,1,4500,paid
O04837,2026-09-22T17:10:00,espresso,espresso,1,4000,paid
O04838,2026-09-22T17:01:00,financier,financier,1,3500,paid
O04839,2026-09-22T17:25:00,vanilla_latte,vanilla_latte,1,5700,paid
O04840,2026-09-22T17:11:00,cafe_latte,cafe_latte,1,5200,paid
O04841,2026-09-22T17:20:00,cold_brew,cold_brew,1,5500,paid
O04842,2026-09-22T17:17:00,cold_brew,cold_brew,1,5500,paid
O04843,2026-09-22T17:55:00,vanilla_latte,vanilla_latte,1,5700,paid
O04844,2026-09-22T17:39:00,americano,americano,1,4500,paid
O04845,2026-09-22T17:54:00,financier,financier,1,3500,paid
O04846,2026-09-22T17:35:00,espresso,espresso,1,4000,paid
O04847,2026-09-22T18:55:00,espresso,espresso,1,4000,paid
O04848,2026-09-22T18:41:00,croissant,croissant,2,8400,paid
O04849,2026-09-22T18:43:00,vanilla_latte,vanilla_latte,1,5700,paid
O04850,2026-09-22T18:45:00,strawberry_latte,strawberry_latte,1,6200,paid
O04851,2026-09-22T18:11:00,sandwich,sandwich,1,6800,paid
O04852,2026-09-22T18:09:00,cold_brew,cold_brew,1,5500,paid
O04853,2026-09-22T18:13:00,sandwich,sandwich,2,13600,paid
O04854,2026-09-22T19:51:00,cafe_latte,cafe_latte,1,5200,paid
O04855,2026-09-22T19:19:00,sandwich,sandwich,1,6800,paid
O04856,2026-09-22T19:15:00,financier,financier,1,3500,paid
O04857,2026-09-22T19:44:00,cold_brew,cold_brew,1,5500,paid
O04858,2026-09-22T19:34:00,sandwich,sandwich,1,6800,paid
O04859,2026-09-22T19:19:00,cold_brew,cold_brew,1,5500,paid
O04860,2026-09-22T19:46:00,espresso,espresso,1,4000,paid
O04861,2026-09-22T19:51:00,croissant,croissant,1,4200,paid
O04862,2026-09-22T19:01:00,iced_tea,iced_tea,1,4800,paid
O04863,2026-09-22T20:49:00,iced_tea,iced_tea,1,4800,paid
O04864,2026-09-22T20:07:00,sandwich,sandwich,1,6800,paid
O04865,2026-09-22T20:54:00,croissant,croissant,1,4200,paid
O04866,2026-09-22T20:36:00,croissant,croissant,1,4200,paid
O04867,2026-09-22T20:03:00,croissant,croissant,1,4200,paid
O04868,2026-09-22T20:38:00,strawberry_latte,strawberry_latte,1,6200,paid
O04869,2026-09-22T20:46:00,financier,financier,2,7000,paid
O04870,2026-09-22T20:57:00,strawberry_latte,strawberry_latte,1,6200,paid
O04871,2026-09-22T20:35:00,vanilla_latte,vanilla_latte,1,5700,paid
O04872,2026-09-23T09:01:00,strawberry_latte,strawberry_latte,1,6200,paid
O04873,2026-09-23T09:25:00,vanilla_latte,vanilla_latte,1,5700,paid
O04874,2026-09-23T09:02:00,financier,financier,1,3500,paid
O04875,2026-09-23T09:31:00,iced_tea,iced_tea,1,4800,paid
O04876,2026-09-23T09:32:00,croissant,croissant,1,4200,paid
O04877,2026-09-23T09:13:00,croissant,croissant,1,4200,paid
O04878,2026-09-23T09:15:00,financier,financier,1,3500,paid
O04879,2026-09-23T09:51:00,espresso,espresso,2,8000,paid
O04880,2026-09-23T09:19:00,strawberry_latte,strawberry_latte,1,6200,paid
O04881,2026-09-23T09:52:00,espresso,espresso,1,4000,paid
O04882,2026-09-23T10:04:00,cold_brew,cold_brew,1,5500,paid
O04883,2026-09-23T10:55:00,vanilla_latte,vanilla_latte,2,11400,paid
O04884,2026-09-23T10:09:00,cafe_latte,cafe_latte,1,5200,paid
O04885,2026-09-23T10:46:00,vanilla_latte,vanilla_latte,1,5700,paid
O04886,2026-09-23T10:05:00,cold_brew,cold_brew,1,5500,paid
O04887,2026-09-23T10:41:00,strawberry_latte,strawberry_latte,1,6200,paid
O04888,2026-09-23T10:52:00,strawberry_latte,strawberry_latte,1,6200,paid
O04889,2026-09-23T10:30:00,americano,americano,1,4500,paid
O04890,2026-09-23T10:31:00,strawberry_latte,strawberry_latte,1,6200,paid
O04891,2026-09-23T11:40:00,vanilla_latte,vanilla_latte,1,5700,paid
O04892,2026-09-23T11:10:00,vanilla_latte,vanilla_latte,1,5700,paid
O04893,2026-09-23T11:48:00,croissant,croissant,1,4200,paid
O04894,2026-09-23T11:49:00,americano,americano,1,4500,paid
O04895,2026-09-23T11:25:00,cafe_latte,cafe_latte,1,5200,paid
O04896,2026-09-23T11:02:00,vanilla_latte,vanilla_latte,2,11400,paid
O04897,2026-09-23T11:28:00,sandwich,sandwich,1,6800,paid
O04898,2026-09-23T12:59:00,financier,financier,1,3500,paid
O04899,2026-09-23T12:47:00,strawberry_latte,strawberry_latte,2,12400,paid
O04900,2026-09-23T12:12:00,americano,americano,1,4500,paid
O04901,2026-09-23T12:34:00,espresso,espresso,1,4000,paid
O04902,2026-09-23T12:56:00,vanilla_latte,vanilla_latte,1,5700,paid
O04903,2026-09-23T12:48:00,financier,financier,1,3500,paid
O04904,2026-09-23T12:18:00,vanilla_latte,vanilla_latte,1,5700,paid
O04905,2026-09-23T13:08:00,espresso,espresso,1,4000,paid
O04906,2026-09-23T13:20:00,americano,americano,1,4500,paid
O04907,2026-09-23T13:24:00,vanilla_latte,vanilla_latte,1,5700,paid
O04908,2026-09-23T13:37:00,americano,americano,1,4500,paid
O04909,2026-09-23T13:22:00,cold_brew,cold_brew,2,11000,paid
O04910,2026-09-23T13:47:00,cafe_latte,cafe_latte,1,5200,paid
O04911,2026-09-23T13:36:00,strawberry_latte,strawberry_latte,1,6200,paid
O04912,2026-09-23T13:44:00,cold_brew,cold_brew,1,5500,paid
O04913,2026-09-23T13:49:00,croissant,croissant,1,4200,paid
O04914,2026-09-23T13:07:00,strawberry_latte,strawberry_latte,2,12400,paid
O04915,2026-09-23T13:59:00,iced_tea,iced_tea,1,4800,paid
O04916,2026-09-23T14:19:00,financier,financier,1,3500,paid
O04917,2026-09-23T14:16:00,strawberry_latte,strawberry_latte,1,6200,paid
O04918,2026-09-23T14:30:00,vanilla_latte,vanilla_latte,1,5700,paid
O04919,2026-09-23T14:39:00,espresso,espresso,1,4000,paid
O04920,2026-09-23T14:31:00,croissant,croissant,1,4200,paid
O04921,2026-09-23T14:39:00,americano,americano,1,4500,paid
O04922,2026-09-23T14:05:00,croissant,croissant,1,4200,paid
O04923,2026-09-23T14:01:00,espresso,espresso,1,4000,paid
O04924,2026-09-23T14:55:00,strawberry_latte,strawberry_latte,1,6200,paid
O04925,2026-09-23T14:57:00,financier,financier,1,3500,paid
O04926,2026-09-23T14:55:00,cold_brew,cold_brew,1,5500,paid
O04927,2026-09-23T14:45:00,americano,americano,1,4500,paid
O04928,2026-09-23T15:01:00,strawberry_latte,strawberry_latte,1,6200,paid
O04929,2026-09-23T15:25:00,cold_brew,cold_brew,2,11000,paid
O04930,2026-09-23T15:40:00,sandwich,sandwich,2,13600,paid
O04931,2026-09-23T15:50:00,cold_brew,cold_brew,1,5500,paid
O04932,2026-09-23T15:28:00,sandwich,sandwich,1,6800,paid
O04933,2026-09-23T15:27:00,cold_brew,cold_brew,1,5500,paid
O04934,2026-09-23T15:53:00,strawberry_latte,strawberry_latte,1,6200,paid
O04935,2026-09-23T15:16:00,vanilla_latte,vanilla_latte,1,5700,paid
O04936,2026-09-23T15:02:00,espresso,espresso,1,4000,paid
O04937,2026-09-23T15:51:00,americano,americano,1,4500,paid
O04938,2026-09-23T15:01:00,cafe_latte,cafe_latte,1,5200,paid
O04939,2026-09-23T15:28:00,financier,financier,1,3500,paid
O04940,2026-09-23T15:05:00,iced_tea,iced_tea,1,4800,paid
O04941,2026-09-23T15:02:00,vanilla_latte,vanilla_latte,1,5700,paid
O04942,2026-09-23T16:42:00,cafe_latte,cafe_latte,1,5200,paid
O04943,2026-09-23T16:37:00,croissant,croissant,1,4200,paid
O04944,2026-09-23T16:45:00,cafe_latte,cafe_latte,2,10400,paid
O04945,2026-09-23T16:32:00,croissant,croissant,1,4200,paid
O04946,2026-09-23T16:15:00,espresso,espresso,1,4000,paid
O04947,2026-09-23T16:21:00,croissant,croissant,1,4200,paid
O04948,2026-09-23T16:18:00,americano,americano,1,4500,paid
O04949,2026-09-23T16:31:00,financier,financier,2,7000,paid
O04950,2026-09-23T16:11:00,strawberry_latte,strawberry_latte,1,6200,paid
O04951,2026-09-23T16:36:00,strawberry_latte,strawberry_latte,1,6200,paid
O04952,2026-09-23T16:55:00,vanilla_latte,vanilla_latte,1,5700,paid
O04953,2026-09-23T16:45:00,cold_brew,cold_brew,1,5500,paid
O04954,2026-09-23T16:01:00,sandwich,sandwich,1,6800,paid
O04955,2026-09-23T17:42:00,americano,americano,1,4500,paid
O04956,2026-09-23T17:52:00,sandwich,sandwich,1,6800,paid
O04957,2026-09-23T17:56:00,iced_tea,iced_tea,1,4800,paid
O04958,2026-09-23T17:05:00,espresso,espresso,1,4000,paid
O04959,2026-09-23T17:15:00,sandwich,sandwich,1,6800,paid
O04960,2026-09-23T17:03:00,croissant,croissant,1,4200,paid
O04961,2026-09-23T17:06:00,espresso,espresso,1,4000,paid
O04962,2026-09-23T17:01:00,cold_brew,cold_brew,1,5500,paid
O04963,2026-09-23T17:37:00,cafe_latte,cafe_latte,1,5200,paid
O04964,2026-09-23T17:16:00,croissant,croissant,1,4200,paid
O04965,2026-09-23T17:16:00,americano,americano,1,4500,paid
O04966,2026-09-23T17:35:00,strawberry_latte,strawberry_latte,1,6200,paid
O04967,2026-09-23T18:20:00,iced_tea,iced_tea,1,4800,paid
O04968,2026-09-23T18:11:00,cafe_latte,cafe_latte,1,5200,paid
O04969,2026-09-23T18:32:00,iced_tea,iced_tea,1,4800,paid
O04970,2026-09-23T18:53:00,sandwich,sandwich,1,6800,paid
O04971,2026-09-23T18:25:00,croissant,croissant,2,8400,paid
O04972,2026-09-23T18:40:00,financier,financier,2,7000,paid
O04973,2026-09-23T18:37:00,cafe_latte,cafe_latte,1,5200,paid
O04974,2026-09-23T19:35:00,espresso,espresso,1,4000,paid
O04975,2026-09-23T19:24:00,cafe_latte,cafe_latte,1,5200,paid
O04976,2026-09-23T19:18:00,vanilla_latte,vanilla_latte,1,5700,paid
O04977,2026-09-23T19:17:00,croissant,croissant,1,4200,paid
O04978,2026-09-23T19:48:00,strawberry_latte,strawberry_latte,1,6200,paid
O04979,2026-09-23T19:47:00,espresso,espresso,1,4000,paid
O04980,2026-09-23T19:37:00,sandwich,sandwich,1,6800,paid
O04981,2026-09-23T19:28:00,cafe_latte,cafe_latte,2,10400,paid
O04982,2026-09-23T20:27:00,iced_tea,iced_tea,1,4800,paid
O04983,2026-09-23T20:03:00,americano,americano,1,4500,paid
O04984,2026-09-23T20:34:00,croissant,croissant,1,4200,paid
O04985,2026-09-23T20:03:00,cafe_latte,cafe_latte,1,5200,paid
O04986,2026-09-23T20:42:00,americano,americano,1,4500,paid
O04987,2026-09-23T20:57:00,cafe_latte,cafe_latte,1,5200,paid
O04988,2026-09-23T20:43:00,cafe_latte,cafe_latte,1,5200,paid
O04989,2026-09-23T20:32:00,sandwich,sandwich,1,6800,paid
O04990,2026-09-23T20:57:00,croissant,croissant,2,8400,paid
O04991,2026-09-23T20:01:00,cafe_latte,cafe_latte,2,10400,paid
O04992,2026-09-24T09:18:00,financier,financier,1,3500,paid
O04993,2026-09-24T09:54:00,americano,americano,1,4500,paid
O04994,2026-09-24T09:57:00,financier,financier,2,7000,paid
O04995,2026-09-24T09:10:00,iced_tea,iced_tea,1,4800,paid
O04996,2026-09-24T09:56:00,croissant,croissant,2,8400,paid
O04997,2026-09-24T09:59:00,financier,financier,1,3500,paid
O04998,2026-09-24T09:32:00,sandwich,sandwich,2,13600,paid
O04999,2026-09-24T09:34:00,croissant,croissant,2,8400,paid
O05000,2026-09-24T09:16:00,americano,americano,1,4500,paid
O05001,2026-09-24T10:42:00,croissant,croissant,1,4200,paid
O05002,2026-09-24T10:24:00,vanilla_latte,vanilla_latte,1,5700,paid
O05003,2026-09-24T10:25:00,cafe_latte,cafe_latte,1,5200,paid
O05004,2026-09-24T10:32:00,cafe_latte,cafe_latte,2,10400,paid
O05005,2026-09-24T10:10:00,sandwich,sandwich,1,6800,paid
O05006,2026-09-24T10:32:00,espresso,espresso,1,4000,paid
O05007,2026-09-24T10:25:00,croissant,croissant,1,4200,paid
O05008,2026-09-24T10:03:00,croissant,croissant,1,4200,paid
O05009,2026-09-24T10:14:00,americano,americano,1,4500,paid
O05010,2026-09-24T11:27:00,cafe_latte,cafe_latte,1,5200,paid
O05011,2026-09-24T11:31:00,cold_brew,cold_brew,1,5500,paid
O05012,2026-09-24T11:18:00,strawberry_latte,strawberry_latte,1,6200,paid
O05013,2026-09-24T11:46:00,financier,financier,1,3500,paid
O05014,2026-09-24T11:59:00,cold_brew,cold_brew,1,5500,paid
O05015,2026-09-24T11:51:00,sandwich,sandwich,1,6800,paid
O05016,2026-09-24T11:02:00,vanilla_latte,vanilla_latte,1,5700,paid
O05017,2026-09-24T11:18:00,espresso,espresso,1,4000,paid
O05018,2026-09-24T11:15:00,espresso,espresso,1,4000,paid
O05019,2026-09-24T12:28:00,espresso,espresso,1,4000,paid
O05020,2026-09-24T12:28:00,iced_tea,iced_tea,1,4800,paid
O05021,2026-09-24T12:06:00,vanilla_latte,vanilla_latte,1,5700,paid
O05022,2026-09-24T12:59:00,vanilla_latte,vanilla_latte,1,5700,paid
O05023,2026-09-24T12:52:00,sandwich,sandwich,1,6800,paid
O05024,2026-09-24T12:08:00,iced_tea,iced_tea,1,4800,paid
O05025,2026-09-24T12:50:00,financier,financier,2,7000,paid
O05026,2026-09-24T12:34:00,iced_tea,iced_tea,1,4800,paid
O05027,2026-09-24T12:56:00,strawberry_latte,strawberry_latte,1,6200,paid
O05028,2026-09-24T13:48:00,espresso,espresso,1,4000,paid
O05029,2026-09-24T13:04:00,croissant,croissant,1,4200,paid
O05030,2026-09-24T13:04:00,americano,americano,1,4500,paid
O05031,2026-09-24T13:53:00,iced_tea,iced_tea,1,4800,paid
O05032,2026-09-24T13:46:00,sandwich,sandwich,1,6800,paid
O05033,2026-09-24T13:38:00,cold_brew,cold_brew,1,5500,paid
O05034,2026-09-24T13:06:00,strawberry_latte,strawberry_latte,1,6200,paid
O05035,2026-09-24T13:26:00,strawberry_latte,strawberry_latte,1,6200,paid
O05036,2026-09-24T13:15:00,cold_brew,cold_brew,1,5500,paid
O05037,2026-09-24T13:32:00,iced_tea,iced_tea,1,4800,paid
O05038,2026-09-24T13:53:00,espresso,espresso,1,4000,paid
O05039,2026-09-24T13:17:00,vanilla_latte,vanilla_latte,1,5700,paid
O05040,2026-09-24T14:39:00,vanilla_latte,vanilla_latte,1,5700,paid
O05041,2026-09-24T14:02:00,espresso,espresso,1,4000,paid
O05042,2026-09-24T14:50:00,iced_tea,iced_tea,1,4800,paid
O05043,2026-09-24T14:04:00,espresso,espresso,1,4000,paid
O05044,2026-09-24T14:59:00,croissant,croissant,1,4200,paid
O05045,2026-09-24T14:16:00,financier,financier,1,3500,paid
O05046,2026-09-24T14:34:00,financier,financier,1,3500,paid
O05047,2026-09-24T14:58:00,financier,financier,1,3500,paid
O05048,2026-09-24T14:35:00,espresso,espresso,1,4000,paid
O05049,2026-09-24T14:28:00,cafe_latte,cafe_latte,1,5200,paid
O05050,2026-09-24T14:06:00,espresso,espresso,1,4000,paid
O05051,2026-09-24T14:58:00,cold_brew,cold_brew,1,5500,paid
O05052,2026-09-24T14:34:00,espresso,espresso,2,8000,paid
O05053,2026-09-24T14:39:00,sandwich,sandwich,1,6800,paid
O05054,2026-09-24T15:39:00,sandwich,sandwich,1,6800,paid
O05055,2026-09-24T15:32:00,croissant,croissant,1,4200,paid
O05056,2026-09-24T15:57:00,sandwich,sandwich,1,6800,paid
O05057,2026-09-24T15:16:00,cold_brew,cold_brew,1,5500,paid
O05058,2026-09-24T15:39:00,americano,americano,1,4500,paid
O05059,2026-09-24T15:03:00,sandwich,sandwich,1,6800,paid
O05060,2026-09-24T15:59:00,cold_brew,cold_brew,1,5500,paid
O05061,2026-09-24T15:04:00,americano,americano,1,4500,paid
O05062,2026-09-24T15:46:00,cafe_latte,cafe_latte,1,5200,paid
O05063,2026-09-24T15:34:00,strawberry_latte,strawberry_latte,1,6200,paid
O05064,2026-09-24T15:20:00,espresso,espresso,1,4000,paid
O05065,2026-09-24T15:41:00,espresso,espresso,2,8000,paid
O05066,2026-09-24T15:16:00,cafe_latte,cafe_latte,1,5200,paid
O05067,2026-09-24T15:24:00,cold_brew,cold_brew,1,5500,paid
O05068,2026-09-24T16:41:00,americano,americano,1,4500,paid
O05069,2026-09-24T16:19:00,iced_tea,iced_tea,1,4800,paid
O05070,2026-09-24T16:03:00,sandwich,sandwich,1,6800,paid
O05071,2026-09-24T16:43:00,espresso,espresso,2,8000,paid
O05072,2026-09-24T16:27:00,financier,financier,1,3500,paid
O05073,2026-09-24T16:50:00,espresso,espresso,1,4000,paid
O05074,2026-09-24T16:52:00,iced_tea,iced_tea,1,4800,paid
O05075,2026-09-24T16:23:00,cold_brew,cold_brew,1,5500,paid
O05076,2026-09-24T16:57:00,croissant,croissant,1,4200,paid
O05077,2026-09-24T16:19:00,sandwich,sandwich,1,6800,paid
O05078,2026-09-24T16:32:00,strawberry_latte,strawberry_latte,1,6200,paid
O05079,2026-09-24T16:15:00,americano,americano,1,4500,paid
O05080,2026-09-24T16:56:00,iced_tea,iced_tea,1,4800,paid
O05081,2026-09-24T17:21:00,vanilla_latte,vanilla_latte,1,5700,paid
O05082,2026-09-24T17:40:00,americano,americano,1,4500,paid
O05083,2026-09-24T17:14:00,sandwich,sandwich,1,6800,paid
O05084,2026-09-24T17:43:00,americano,americano,1,4500,paid
O05085,2026-09-24T17:07:00,vanilla_latte,vanilla_latte,1,5700,paid
O05086,2026-09-24T17:48:00,vanilla_latte,vanilla_latte,1,5700,paid
O05087,2026-09-24T17:30:00,espresso,espresso,2,8000,paid
O05088,2026-09-24T17:48:00,iced_tea,iced_tea,1,4800,paid
O05089,2026-09-24T17:01:00,sandwich,sandwich,1,6800,paid
O05090,2026-09-24T17:45:00,cafe_latte,cafe_latte,1,5200,paid
O05091,2026-09-24T17:54:00,cafe_latte,cafe_latte,1,5200,paid
O05092,2026-09-24T17:33:00,iced_tea,iced_tea,1,4800,paid
O05093,2026-09-24T18:34:00,americano,americano,1,4500,paid
O05094,2026-09-24T18:33:00,cafe_latte,cafe_latte,1,5200,paid
O05095,2026-09-24T18:35:00,croissant,croissant,1,4200,paid
O05096,2026-09-24T18:11:00,strawberry_latte,strawberry_latte,1,6200,paid
O05097,2026-09-24T18:22:00,sandwich,sandwich,1,6800,paid
O05098,2026-09-24T18:17:00,americano,americano,2,9000,paid
O05099,2026-09-24T18:26:00,vanilla_latte,vanilla_latte,2,11400,paid
O05100,2026-09-24T18:27:00,vanilla_latte,vanilla_latte,1,5700,paid
O05101,2026-09-24T18:58:00,vanilla_latte,vanilla_latte,1,5700,paid
O05102,2026-09-24T19:47:00,financier,financier,1,3500,paid
O05103,2026-09-24T19:22:00,cold_brew,cold_brew,1,5500,paid
O05104,2026-09-24T19:34:00,espresso,espresso,1,4000,paid
O05105,2026-09-24T19:52:00,croissant,croissant,1,4200,paid
O05106,2026-09-24T19:32:00,cold_brew,cold_brew,2,11000,paid
O05107,2026-09-24T19:42:00,iced_tea,iced_tea,1,4800,paid
O05108,2026-09-24T19:56:00,strawberry_latte,strawberry_latte,1,6200,paid
O05109,2026-09-24T20:27:00,americano,americano,1,4500,paid
O05110,2026-09-24T20:18:00,iced_tea,iced_tea,1,4800,paid
O05111,2026-09-24T20:55:00,cold_brew,cold_brew,1,5500,paid
O05112,2026-09-24T20:12:00,cafe_latte,cafe_latte,1,5200,paid
O05113,2026-09-24T20:34:00,croissant,croissant,1,4200,paid
O05114,2026-09-24T20:39:00,croissant,croissant,1,4200,paid
O05115,2026-09-24T20:49:00,croissant,croissant,1,4200,paid
O05116,2026-09-24T20:18:00,strawberry_latte,strawberry_latte,1,6200,paid
O05117,2026-09-25T09:12:00,croissant,croissant,1,4200,paid
O05118,2026-09-25T09:10:00,financier,financier,1,3500,paid
O05119,2026-09-25T09:00:00,croissant,croissant,1,4200,paid
O05120,2026-09-25T09:04:00,americano,americano,1,4500,paid
O05121,2026-09-25T09:52:00,espresso,espresso,2,8000,paid
O05122,2026-09-25T09:40:00,iced_tea,iced_tea,1,4800,paid
O05123,2026-09-25T09:50:00,americano,americano,1,4500,paid
O05124,2026-09-25T09:32:00,cold_brew,cold_brew,1,5500,paid
O05125,2026-09-25T09:14:00,iced_tea,iced_tea,1,4800,paid
O05126,2026-09-25T10:54:00,iced_tea,iced_tea,1,4800,paid
O05127,2026-09-25T10:55:00,financier,financier,1,3500,paid
O05128,2026-09-25T10:18:00,croissant,croissant,1,4200,paid
O05129,2026-09-25T10:22:00,cafe_latte,cafe_latte,1,5200,paid
O05130,2026-09-25T10:58:00,iced_tea,iced_tea,1,4800,paid
O05131,2026-09-25T10:03:00,iced_tea,iced_tea,1,4800,paid
O05132,2026-09-25T10:56:00,strawberry_latte,strawberry_latte,1,6200,paid
O05133,2026-09-25T10:39:00,cafe_latte,cafe_latte,1,5200,paid
O05134,2026-09-25T11:43:00,cafe_latte,cafe_latte,1,5200,paid
O05135,2026-09-25T11:07:00,strawberry_latte,strawberry_latte,1,6200,paid
O05136,2026-09-25T11:32:00,financier,financier,1,3500,paid
O05137,2026-09-25T11:47:00,iced_tea,iced_tea,1,4800,paid
O05138,2026-09-25T11:27:00,sandwich,sandwich,1,6800,paid
O05139,2026-09-25T11:09:00,financier,financier,1,3500,paid
O05140,2026-09-25T11:20:00,americano,americano,1,4500,paid
O05141,2026-09-25T12:53:00,croissant,croissant,1,4200,paid
O05142,2026-09-25T12:14:00,vanilla_latte,vanilla_latte,1,5700,paid
O05143,2026-09-25T12:38:00,cafe_latte,cafe_latte,1,5200,paid
O05144,2026-09-25T12:11:00,espresso,espresso,1,4000,paid
O05145,2026-09-25T12:53:00,vanilla_latte,vanilla_latte,2,11400,paid
O05146,2026-09-25T12:10:00,strawberry_latte,strawberry_latte,1,6200,paid
O05147,2026-09-25T12:50:00,strawberry_latte,strawberry_latte,1,6200,paid
O05148,2026-09-25T12:41:00,vanilla_latte,vanilla_latte,2,11400,paid
O05149,2026-09-25T13:52:00,americano,americano,1,4500,paid
O05150,2026-09-25T13:11:00,sandwich,sandwich,1,6800,paid
O05151,2026-09-25T13:45:00,financier,financier,2,7000,paid
O05152,2026-09-25T13:10:00,financier,financier,2,7000,paid
O05153,2026-09-25T13:07:00,cafe_latte,cafe_latte,1,5200,paid
O05154,2026-09-25T13:56:00,vanilla_latte,vanilla_latte,1,5700,paid
O05155,2026-09-25T13:33:00,americano,americano,1,4500,paid
O05156,2026-09-25T13:07:00,croissant,croissant,1,4200,paid
O05157,2026-09-25T13:40:00,americano,americano,1,4500,paid
O05158,2026-09-25T13:43:00,financier,financier,2,7000,paid
O05159,2026-09-25T13:35:00,espresso,espresso,1,4000,paid
O05160,2026-09-25T13:24:00,iced_tea,iced_tea,1,4800,paid
O05161,2026-09-25T13:46:00,iced_tea,iced_tea,1,4800,paid
O05162,2026-09-25T14:41:00,iced_tea,iced_tea,2,9600,paid
O05163,2026-09-25T14:48:00,cafe_latte,cafe_latte,1,5200,paid
O05164,2026-09-25T14:50:00,croissant,croissant,1,4200,paid
O05165,2026-09-25T14:19:00,vanilla_latte,vanilla_latte,1,5700,paid
O05166,2026-09-25T14:43:00,sandwich,sandwich,1,6800,paid
O05167,2026-09-25T14:46:00,americano,americano,1,4500,paid
O05168,2026-09-25T14:25:00,croissant,croissant,1,4200,paid
O05169,2026-09-25T14:52:00,americano,americano,1,4500,paid
O05170,2026-09-25T14:37:00,cold_brew,cold_brew,2,11000,paid
O05171,2026-09-25T14:21:00,croissant,croissant,1,4200,paid
O05172,2026-09-25T14:57:00,americano,americano,1,4500,paid
O05173,2026-09-25T14:04:00,espresso,espresso,1,4000,paid
O05174,2026-09-25T15:05:00,cold_brew,cold_brew,1,5500,paid
O05175,2026-09-25T15:00:00,strawberry_latte,strawberry_latte,2,12400,paid
O05176,2026-09-25T15:25:00,financier,financier,1,3500,paid
O05177,2026-09-25T15:39:00,sandwich,sandwich,1,6800,paid
O05178,2026-09-25T15:00:00,americano,americano,1,4500,paid
O05179,2026-09-25T15:27:00,financier,financier,1,3500,paid
O05180,2026-09-25T15:35:00,financier,financier,1,3500,paid
O05181,2026-09-25T15:36:00,espresso,espresso,1,4000,paid
O05182,2026-09-25T15:24:00,sandwich,sandwich,1,6800,paid
O05183,2026-09-25T15:33:00,croissant,croissant,1,4200,paid
O05184,2026-09-25T15:35:00,financier,financier,1,3500,paid
O05185,2026-09-25T16:43:00,cafe_latte,cafe_latte,1,5200,paid
O05186,2026-09-25T16:01:00,sandwich,sandwich,1,6800,paid
O05187,2026-09-25T16:23:00,sandwich,sandwich,1,6800,paid
O05188,2026-09-25T16:57:00,cafe_latte,cafe_latte,1,5200,paid
O05189,2026-09-25T16:15:00,americano,americano,1,4500,paid
O05190,2026-09-25T16:08:00,americano,americano,2,9000,paid
O05191,2026-09-25T16:40:00,cold_brew,cold_brew,1,5500,paid
O05192,2026-09-25T16:55:00,sandwich,sandwich,1,6800,paid
O05193,2026-09-25T16:05:00,espresso,espresso,1,4000,paid
O05194,2026-09-25T16:57:00,americano,americano,1,4500,paid
O05195,2026-09-25T16:04:00,cold_brew,cold_brew,2,11000,paid
O05196,2026-09-25T16:20:00,cold_brew,cold_brew,1,5500,paid
O05197,2026-09-25T16:18:00,croissant,croissant,1,4200,paid
O05198,2026-09-25T17:38:00,croissant,croissant,1,4200,paid
O05199,2026-09-25T17:43:00,cafe_latte,cafe_latte,1,5200,paid
O05200,2026-09-25T17:38:00,vanilla_latte,vanilla_latte,1,5700,paid
O05201,2026-09-25T17:27:00,espresso,espresso,2,8000,paid
O05202,2026-09-25T17:38:00,vanilla_latte,vanilla_latte,1,5700,paid
O05203,2026-09-25T17:04:00,cold_brew,cold_brew,1,5500,paid
O05204,2026-09-25T17:56:00,americano,americano,1,4500,paid
O05205,2026-09-25T17:08:00,cold_brew,cold_brew,1,5500,paid
O05206,2026-09-25T17:18:00,financier,financier,1,3500,paid
O05207,2026-09-25T17:02:00,croissant,croissant,1,4200,paid
O05208,2026-09-25T17:08:00,espresso,espresso,1,4000,paid
O05209,2026-09-25T17:54:00,sandwich,sandwich,1,6800,paid
O05210,2026-09-25T17:45:00,croissant,croissant,1,4200,paid
O05211,2026-09-25T17:03:00,americano,americano,2,9000,paid
O05212,2026-09-25T18:57:00,strawberry_latte,strawberry_latte,2,12400,paid
O05213,2026-09-25T18:03:00,espresso,espresso,1,4000,paid
O05214,2026-09-25T18:08:00,vanilla_latte,vanilla_latte,1,5700,paid
O05215,2026-09-25T18:32:00,croissant,croissant,2,8400,paid
O05216,2026-09-25T18:56:00,financier,financier,1,3500,paid
O05217,2026-09-25T18:31:00,americano,americano,1,4500,paid
O05218,2026-09-25T18:44:00,financier,financier,1,3500,paid
O05219,2026-09-25T19:26:00,strawberry_latte,strawberry_latte,1,6200,paid
O05220,2026-09-25T19:34:00,espresso,espresso,2,8000,paid
O05221,2026-09-25T19:03:00,americano,americano,1,4500,paid
O05222,2026-09-25T19:48:00,financier,financier,1,3500,paid
O05223,2026-09-25T19:23:00,cafe_latte,cafe_latte,1,5200,paid
O05224,2026-09-25T19:29:00,sandwich,sandwich,1,6800,paid
O05225,2026-09-25T19:27:00,cafe_latte,cafe_latte,1,5200,paid
O05226,2026-09-25T19:14:00,americano,americano,1,4500,paid
O05227,2026-09-25T20:08:00,americano,americano,1,4500,paid
O05228,2026-09-25T20:04:00,americano,americano,1,4500,paid
O05229,2026-09-25T20:00:00,sandwich,sandwich,1,6800,paid
O05230,2026-09-25T20:44:00,croissant,croissant,1,4200,paid
O05231,2026-09-25T20:19:00,financier,financier,1,3500,paid
O05232,2026-09-25T20:14:00,cold_brew,cold_brew,1,5500,paid
O05233,2026-09-25T20:26:00,sandwich,sandwich,1,6800,paid
O05234,2026-09-25T20:55:00,financier,financier,1,3500,paid
O05235,2026-09-25T20:16:00,cold_brew,cold_brew,1,5500,paid
O05236,2026-09-25T20:26:00,croissant,croissant,1,4200,paid
O05237,2026-09-26T09:32:00,sandwich,sandwich,1,6800,paid
O05238,2026-09-26T09:19:00,croissant,croissant,1,4200,paid
O05239,2026-09-26T09:49:00,cafe_latte,cafe_latte,1,5200,paid
O05240,2026-09-26T09:02:00,americano,americano,1,4500,paid
O05241,2026-09-26T09:42:00,cold_brew,cold_brew,1,5500,paid
O05242,2026-09-26T09:11:00,espresso,espresso,1,4000,paid
O05243,2026-09-26T09:13:00,croissant,croissant,1,4200,paid
O05244,2026-09-26T09:48:00,croissant,croissant,1,4200,paid
O05245,2026-09-26T09:09:00,cold_brew,cold_brew,1,5500,paid
O05246,2026-09-26T09:55:00,financier,financier,1,3500,paid
O05247,2026-09-26T09:47:00,financier,financier,1,3500,paid
O05248,2026-09-26T09:35:00,croissant,croissant,1,4200,paid
O05249,2026-09-26T10:32:00,iced_tea,iced_tea,2,9600,paid
O05250,2026-09-26T10:11:00,financier,financier,1,3500,paid
O05251,2026-09-26T10:51:00,strawberry_latte,strawberry_latte,1,6200,paid
O05252,2026-09-26T10:34:00,espresso,espresso,2,8000,paid
O05253,2026-09-26T10:28:00,cold_brew,cold_brew,1,5500,paid
O05254,2026-09-26T10:25:00,iced_tea,iced_tea,1,4800,paid
O05255,2026-09-26T10:22:00,croissant,croissant,1,4200,paid
O05256,2026-09-26T10:10:00,cold_brew,cold_brew,2,11000,paid
O05257,2026-09-26T10:52:00,sandwich,sandwich,1,6800,paid
O05258,2026-09-26T11:57:00,financier,financier,2,7000,paid
O05259,2026-09-26T11:40:00,cafe_latte,cafe_latte,1,5200,paid
O05260,2026-09-26T11:38:00,americano,americano,1,4500,paid
O05261,2026-09-26T11:05:00,strawberry_latte,strawberry_latte,1,6200,paid
O05262,2026-09-26T11:24:00,croissant,croissant,1,4200,paid
O05263,2026-09-26T11:01:00,sandwich,sandwich,2,13600,paid
O05264,2026-09-26T11:45:00,cold_brew,cold_brew,1,5500,paid
O05265,2026-09-26T11:44:00,espresso,espresso,1,4000,paid
O05266,2026-09-26T11:25:00,vanilla_latte,vanilla_latte,1,5700,paid
O05267,2026-09-26T12:58:00,strawberry_latte,strawberry_latte,1,6200,paid
O05268,2026-09-26T12:00:00,cafe_latte,cafe_latte,1,5200,paid
O05269,2026-09-26T12:57:00,vanilla_latte,vanilla_latte,1,5700,paid
O05270,2026-09-26T12:03:00,sandwich,sandwich,1,6800,paid
O05271,2026-09-26T12:48:00,vanilla_latte,vanilla_latte,1,5700,paid
O05272,2026-09-26T12:21:00,cafe_latte,cafe_latte,1,5200,paid
O05273,2026-09-26T12:22:00,vanilla_latte,vanilla_latte,2,11400,paid
O05274,2026-09-26T12:56:00,iced_tea,iced_tea,1,4800,paid
O05275,2026-09-26T12:18:00,cold_brew,cold_brew,1,5500,paid
O05276,2026-09-26T12:28:00,croissant,croissant,1,4200,paid
O05277,2026-09-26T12:35:00,vanilla_latte,vanilla_latte,1,5700,paid
O05278,2026-09-26T13:41:00,sandwich,sandwich,1,6800,paid
O05279,2026-09-26T13:53:00,strawberry_latte,strawberry_latte,1,6200,paid
O05280,2026-09-26T13:25:00,americano,americano,1,4500,paid
O05281,2026-09-26T13:19:00,sandwich,sandwich,1,6800,paid
O05282,2026-09-26T13:37:00,strawberry_latte,strawberry_latte,1,6200,paid
O05283,2026-09-26T13:08:00,americano,americano,1,4500,paid
O05284,2026-09-26T13:32:00,strawberry_latte,strawberry_latte,1,6200,paid
O05285,2026-09-26T13:34:00,iced_tea,iced_tea,1,4800,paid
O05286,2026-09-26T13:14:00,sandwich,sandwich,2,13600,paid
O05287,2026-09-26T13:11:00,sandwich,sandwich,1,6800,paid
O05288,2026-09-26T13:48:00,cold_brew,cold_brew,1,5500,paid
O05289,2026-09-26T13:21:00,cold_brew,cold_brew,1,5500,paid
O05290,2026-09-26T13:04:00,americano,americano,1,4500,paid
O05291,2026-09-26T13:31:00,americano,americano,1,4500,paid
O05292,2026-09-26T14:25:00,americano,americano,1,4500,paid
O05293,2026-09-26T14:58:00,espresso,espresso,2,8000,paid
O05294,2026-09-26T14:24:00,americano,americano,1,4500,paid
O05295,2026-09-26T14:49:00,croissant,croissant,1,4200,paid
O05296,2026-09-26T14:44:00,croissant,croissant,1,4200,paid
O05297,2026-09-26T14:36:00,strawberry_latte,strawberry_latte,1,6200,paid
O05298,2026-09-26T14:23:00,iced_tea,iced_tea,1,4800,paid
O05299,2026-09-26T14:31:00,americano,americano,1,4500,paid
O05300,2026-09-26T14:54:00,espresso,espresso,1,4000,paid
O05301,2026-09-26T14:13:00,cold_brew,cold_brew,1,5500,paid
O05302,2026-09-26T14:04:00,cold_brew,cold_brew,1,5500,paid
O05303,2026-09-26T14:20:00,strawberry_latte,strawberry_latte,2,12400,paid
O05304,2026-09-26T14:11:00,vanilla_latte,vanilla_latte,1,5700,paid
O05305,2026-09-26T14:16:00,cafe_latte,cafe_latte,1,5200,paid
O05306,2026-09-26T14:11:00,sandwich,sandwich,1,6800,paid
O05307,2026-09-26T14:14:00,vanilla_latte,vanilla_latte,1,5700,paid
O05308,2026-09-26T15:50:00,cafe_latte,cafe_latte,1,5200,paid
O05309,2026-09-26T15:57:00,sandwich,sandwich,1,6800,paid
O05310,2026-09-26T15:00:00,americano,americano,1,4500,paid
O05311,2026-09-26T15:32:00,financier,financier,2,7000,paid
O05312,2026-09-26T15:56:00,strawberry_latte,strawberry_latte,1,6200,paid
O05313,2026-09-26T15:28:00,cafe_latte,cafe_latte,1,5200,paid
O05314,2026-09-26T15:00:00,vanilla_latte,vanilla_latte,1,5700,paid
O05315,2026-09-26T15:59:00,cold_brew,cold_brew,2,11000,paid
O05316,2026-09-26T15:36:00,cold_brew,cold_brew,1,5500,paid
O05317,2026-09-26T15:54:00,financier,financier,1,3500,paid
O05318,2026-09-26T15:37:00,vanilla_latte,vanilla_latte,1,5700,paid
O05319,2026-09-26T15:25:00,espresso,espresso,1,4000,paid
O05320,2026-09-26T15:15:00,strawberry_latte,strawberry_latte,2,12400,paid
O05321,2026-09-26T15:56:00,vanilla_latte,vanilla_latte,1,5700,paid
O05322,2026-09-26T15:33:00,croissant,croissant,1,4200,paid
O05323,2026-09-26T16:56:00,croissant,croissant,2,8400,paid
O05324,2026-09-26T16:58:00,sandwich,sandwich,1,6800,paid
O05325,2026-09-26T16:22:00,cafe_latte,cafe_latte,1,5200,paid
O05326,2026-09-26T16:35:00,strawberry_latte,strawberry_latte,1,6200,paid
O05327,2026-09-26T16:44:00,vanilla_latte,vanilla_latte,1,5700,paid
O05328,2026-09-26T16:38:00,cafe_latte,cafe_latte,1,5200,paid
O05329,2026-09-26T16:58:00,cafe_latte,cafe_latte,1,5200,paid
O05330,2026-09-26T16:58:00,cafe_latte,cafe_latte,1,5200,paid
O05331,2026-09-26T16:36:00,americano,americano,1,4500,paid
O05332,2026-09-26T16:07:00,espresso,espresso,1,4000,paid
O05333,2026-09-26T16:23:00,espresso,espresso,1,4000,paid
O05334,2026-09-26T16:46:00,financier,financier,1,3500,paid
O05335,2026-09-26T16:29:00,cold_brew,cold_brew,1,5500,paid
O05336,2026-09-26T16:06:00,vanilla_latte,vanilla_latte,1,5700,paid
O05337,2026-09-26T16:45:00,financier,financier,1,3500,paid
O05338,2026-09-26T17:48:00,strawberry_latte,strawberry_latte,1,6200,paid
O05339,2026-09-26T17:24:00,strawberry_latte,strawberry_latte,1,6200,paid
O05340,2026-09-26T17:37:00,vanilla_latte,vanilla_latte,1,5700,paid
O05341,2026-09-26T17:17:00,vanilla_latte,vanilla_latte,1,5700,paid
O05342,2026-09-26T17:42:00,iced_tea,iced_tea,1,4800,paid
O05343,2026-09-26T17:46:00,financier,financier,1,3500,paid
O05344,2026-09-26T17:11:00,vanilla_latte,vanilla_latte,1,5700,paid
O05345,2026-09-26T17:34:00,strawberry_latte,strawberry_latte,1,6200,paid
O05346,2026-09-26T17:09:00,strawberry_latte,strawberry_latte,1,6200,paid
O05347,2026-09-26T17:17:00,iced_tea,iced_tea,1,4800,paid
O05348,2026-09-26T17:46:00,iced_tea,iced_tea,1,4800,paid
O05349,2026-09-26T17:04:00,financier,financier,1,3500,paid
O05350,2026-09-26T17:45:00,cold_brew,cold_brew,1,5500,paid
O05351,2026-09-26T17:47:00,americano,americano,1,4500,paid
O05352,2026-09-26T18:13:00,vanilla_latte,vanilla_latte,1,5700,paid
O05353,2026-09-26T18:44:00,iced_tea,iced_tea,2,9600,paid
O05354,2026-09-26T18:08:00,strawberry_latte,strawberry_latte,1,6200,paid
O05355,2026-09-26T18:59:00,croissant,croissant,1,4200,paid
O05356,2026-09-26T18:45:00,cafe_latte,cafe_latte,1,5200,paid
O05357,2026-09-26T18:48:00,americano,americano,1,4500,paid
O05358,2026-09-26T18:21:00,financier,financier,1,3500,paid
O05359,2026-09-26T18:12:00,espresso,espresso,1,4000,paid
O05360,2026-09-26T18:50:00,americano,americano,1,4500,paid
O05361,2026-09-26T18:28:00,strawberry_latte,strawberry_latte,2,12400,paid
O05362,2026-09-26T18:57:00,croissant,croissant,1,4200,paid
O05363,2026-09-26T19:49:00,financier,financier,1,3500,paid
O05364,2026-09-26T19:38:00,americano,americano,1,4500,paid
O05365,2026-09-26T19:52:00,espresso,espresso,1,4000,paid
O05366,2026-09-26T19:55:00,croissant,croissant,1,4200,paid
O05367,2026-09-26T19:10:00,americano,americano,1,4500,paid
O05368,2026-09-26T19:50:00,financier,financier,1,3500,paid
O05369,2026-09-26T19:47:00,iced_tea,iced_tea,1,4800,paid
O05370,2026-09-26T19:24:00,iced_tea,iced_tea,1,4800,paid
O05371,2026-09-26T19:05:00,vanilla_latte,vanilla_latte,1,5700,paid
O05372,2026-09-26T19:00:00,cafe_latte,cafe_latte,1,5200,paid
O05373,2026-09-26T19:35:00,americano,americano,1,4500,paid
O05374,2026-09-26T20:48:00,espresso,espresso,1,4000,paid
O05375,2026-09-26T20:25:00,espresso,espresso,1,4000,paid
O05376,2026-09-26T20:51:00,cafe_latte,cafe_latte,1,5200,paid
O05377,2026-09-26T20:19:00,cold_brew,cold_brew,1,5500,paid
O05378,2026-09-26T20:50:00,iced_tea,iced_tea,1,4800,paid
O05379,2026-09-26T20:28:00,iced_tea,iced_tea,1,4800,paid
O05380,2026-09-26T20:43:00,espresso,espresso,2,8000,paid
O05381,2026-09-26T20:45:00,sandwich,sandwich,1,6800,paid
O05382,2026-09-26T20:00:00,sandwich,sandwich,1,6800,paid
O05383,2026-09-26T20:29:00,sandwich,sandwich,1,6800,paid
O05384,2026-09-26T20:24:00,vanilla_latte,vanilla_latte,1,5700,paid
O05385,2026-09-26T20:07:00,espresso,espresso,1,4000,paid
O05386,2026-09-27T09:26:00,iced_tea,iced_tea,1,4800,paid
O05387,2026-09-27T09:35:00,cold_brew,cold_brew,2,11000,paid
O05388,2026-09-27T09:06:00,iced_tea,iced_tea,1,4800,paid
O05389,2026-09-27T09:02:00,financier,financier,1,3500,paid
O05390,2026-09-27T09:38:00,croissant,croissant,2,8400,paid
O05391,2026-09-27T09:59:00,cafe_latte,cafe_latte,1,5200,paid
O05392,2026-09-27T09:46:00,vanilla_latte,vanilla_latte,1,5700,paid
O05393,2026-09-27T09:36:00,cafe_latte,cafe_latte,1,5200,paid
O05394,2026-09-27T09:35:00,iced_tea,iced_tea,1,4800,paid
O05395,2026-09-27T10:18:00,vanilla_latte,vanilla_latte,1,5700,paid
O05396,2026-09-27T10:42:00,vanilla_latte,vanilla_latte,1,5700,paid
O05397,2026-09-27T10:14:00,cold_brew,cold_brew,1,5500,paid
O05398,2026-09-27T10:52:00,iced_tea,iced_tea,2,9600,paid
O05399,2026-09-27T10:45:00,strawberry_latte,strawberry_latte,1,6200,paid
O05400,2026-09-27T10:01:00,financier,financier,1,3500,paid
O05401,2026-09-27T10:29:00,iced_tea,iced_tea,1,4800,paid
O05402,2026-09-27T10:31:00,sandwich,sandwich,1,6800,paid
O05403,2026-09-27T10:45:00,croissant,croissant,1,4200,paid
O05404,2026-09-27T10:23:00,cold_brew,cold_brew,2,11000,paid
O05405,2026-09-27T11:54:00,cold_brew,cold_brew,1,5500,paid
O05406,2026-09-27T11:46:00,espresso,espresso,1,4000,paid
O05407,2026-09-27T11:51:00,financier,financier,1,3500,paid
O05408,2026-09-27T11:17:00,espresso,espresso,1,4000,paid
O05409,2026-09-27T11:18:00,cafe_latte,cafe_latte,1,5200,paid
O05410,2026-09-27T11:58:00,americano,americano,1,4500,paid
O05411,2026-09-27T11:53:00,sandwich,sandwich,1,6800,paid
O05412,2026-09-27T11:52:00,iced_tea,iced_tea,1,4800,paid
O05413,2026-09-27T11:38:00,vanilla_latte,vanilla_latte,1,5700,paid
O05414,2026-09-27T11:23:00,cold_brew,cold_brew,1,5500,paid
O05415,2026-09-27T11:54:00,espresso,espresso,1,4000,paid
O05416,2026-09-27T11:59:00,vanilla_latte,vanilla_latte,1,5700,paid
O05417,2026-09-27T12:23:00,iced_tea,iced_tea,1,4800,paid
O05418,2026-09-27T12:24:00,cafe_latte,cafe_latte,1,5200,paid
O05419,2026-09-27T12:42:00,iced_tea,iced_tea,1,4800,paid
O05420,2026-09-27T12:15:00,financier,financier,1,3500,paid
O05421,2026-09-27T12:19:00,espresso,espresso,1,4000,paid
O05422,2026-09-27T12:51:00,iced_tea,iced_tea,1,4800,paid
O05423,2026-09-27T12:14:00,croissant,croissant,1,4200,paid
O05424,2026-09-27T12:58:00,strawberry_latte,strawberry_latte,1,6200,paid
O05425,2026-09-27T12:43:00,americano,americano,1,4500,paid
O05426,2026-09-27T13:58:00,financier,financier,1,3500,paid
O05427,2026-09-27T13:05:00,vanilla_latte,vanilla_latte,2,11400,paid
O05428,2026-09-27T13:58:00,financier,financier,1,3500,paid
O05429,2026-09-27T13:13:00,iced_tea,iced_tea,1,4800,paid
O05430,2026-09-27T13:11:00,iced_tea,iced_tea,1,4800,paid
O05431,2026-09-27T13:16:00,financier,financier,1,3500,paid
O05432,2026-09-27T13:31:00,croissant,croissant,1,4200,paid
O05433,2026-09-27T13:59:00,vanilla_latte,vanilla_latte,1,5700,paid
O05434,2026-09-27T13:21:00,financier,financier,1,3500,paid
O05435,2026-09-27T13:29:00,strawberry_latte,strawberry_latte,2,12400,paid
O05436,2026-09-27T13:25:00,vanilla_latte,vanilla_latte,1,5700,paid
O05437,2026-09-27T13:29:00,espresso,espresso,1,4000,paid
O05438,2026-09-27T13:03:00,cafe_latte,cafe_latte,1,5200,paid
O05439,2026-09-27T13:52:00,cold_brew,cold_brew,1,5500,paid
O05440,2026-09-27T13:59:00,financier,financier,1,3500,paid
O05441,2026-09-27T13:42:00,cold_brew,cold_brew,1,5500,paid
O05442,2026-09-27T13:09:00,americano,americano,1,4500,paid
O05443,2026-09-27T14:11:00,vanilla_latte,vanilla_latte,1,5700,paid
O05444,2026-09-27T14:12:00,croissant,croissant,1,4200,paid
O05445,2026-09-27T14:19:00,espresso,espresso,1,4000,paid
O05446,2026-09-27T14:07:00,sandwich,sandwich,1,6800,paid
O05447,2026-09-27T14:40:00,espresso,espresso,1,4000,paid
O05448,2026-09-27T14:58:00,croissant,croissant,2,8400,paid
O05449,2026-09-27T14:24:00,strawberry_latte,strawberry_latte,1,6200,paid
O05450,2026-09-27T14:09:00,cold_brew,cold_brew,1,5500,paid
O05451,2026-09-27T14:46:00,espresso,espresso,1,4000,paid
O05452,2026-09-27T14:36:00,sandwich,sandwich,1,6800,paid
O05453,2026-09-27T14:46:00,strawberry_latte,strawberry_latte,1,6200,paid
O05454,2026-09-27T14:57:00,sandwich,sandwich,1,6800,paid
O05455,2026-09-27T14:09:00,strawberry_latte,strawberry_latte,1,6200,paid
O05456,2026-09-27T14:12:00,strawberry_latte,strawberry_latte,1,6200,paid
O05457,2026-09-27T14:00:00,sandwich,sandwich,1,6800,paid
O05458,2026-09-27T14:44:00,cold_brew,cold_brew,1,5500,paid
O05459,2026-09-27T15:14:00,cold_brew,cold_brew,1,5500,paid
O05460,2026-09-27T15:22:00,espresso,espresso,1,4000,paid
O05461,2026-09-27T15:58:00,croissant,croissant,1,4200,paid
O05462,2026-09-27T15:02:00,financier,financier,2,7000,paid
O05463,2026-09-27T15:31:00,vanilla_latte,vanilla_latte,1,5700,paid
O05464,2026-09-27T15:53:00,financier,financier,1,3500,paid
O05465,2026-09-27T15:00:00,espresso,espresso,1,4000,paid
O05466,2026-09-27T15:06:00,cafe_latte,cafe_latte,1,5200,paid
O05467,2026-09-27T15:35:00,financier,financier,1,3500,paid
O05468,2026-09-27T15:54:00,vanilla_latte,vanilla_latte,1,5700,paid
O05469,2026-09-27T15:48:00,espresso,espresso,2,8000,paid
O05470,2026-09-27T15:49:00,financier,financier,1,3500,paid
O05471,2026-09-27T15:28:00,croissant,croissant,1,4200,paid
O05472,2026-09-27T15:13:00,vanilla_latte,vanilla_latte,1,5700,paid
O05473,2026-09-27T15:58:00,vanilla_latte,vanilla_latte,2,11400,paid
O05474,2026-09-27T15:48:00,americano,americano,1,4500,paid
O05475,2026-09-27T15:09:00,iced_tea,iced_tea,1,4800,paid
O05476,2026-09-27T16:42:00,vanilla_latte,vanilla_latte,1,5700,paid
O05477,2026-09-27T16:22:00,vanilla_latte,vanilla_latte,1,5700,paid
O05478,2026-09-27T16:52:00,americano,americano,1,4500,paid
O05479,2026-09-27T16:41:00,cold_brew,cold_brew,1,5500,paid
O05480,2026-09-27T16:57:00,espresso,espresso,1,4000,paid
O05481,2026-09-27T16:41:00,strawberry_latte,strawberry_latte,1,6200,paid
O05482,2026-09-27T16:25:00,financier,financier,1,3500,paid
O05483,2026-09-27T16:15:00,iced_tea,iced_tea,1,4800,paid
O05484,2026-09-27T16:14:00,croissant,croissant,1,4200,paid
O05485,2026-09-27T16:41:00,iced_tea,iced_tea,1,4800,paid
O05486,2026-09-27T16:56:00,cold_brew,cold_brew,1,5500,paid
O05487,2026-09-27T16:11:00,strawberry_latte,strawberry_latte,1,6200,paid
O05488,2026-09-27T16:18:00,americano,americano,1,4500,paid
O05489,2026-09-27T16:46:00,strawberry_latte,strawberry_latte,1,6200,paid
O05490,2026-09-27T16:20:00,cold_brew,cold_brew,1,5500,paid
O05491,2026-09-27T17:16:00,americano,americano,1,4500,paid
O05492,2026-09-27T17:59:00,cafe_latte,cafe_latte,1,5200,paid
O05493,2026-09-27T17:46:00,cold_brew,cold_brew,1,5500,paid
O05494,2026-09-27T17:49:00,cafe_latte,cafe_latte,1,5200,paid
O05495,2026-09-27T17:01:00,cold_brew,cold_brew,1,5500,paid
O05496,2026-09-27T17:24:00,cafe_latte,cafe_latte,1,5200,paid
O05497,2026-09-27T17:28:00,strawberry_latte,strawberry_latte,1,6200,paid
O05498,2026-09-27T17:11:00,croissant,croissant,1,4200,paid
O05499,2026-09-27T17:51:00,croissant,croissant,1,4200,paid
O05500,2026-09-27T17:27:00,americano,americano,1,4500,paid
O05501,2026-09-27T17:55:00,americano,americano,1,4500,paid
O05502,2026-09-27T17:42:00,cafe_latte,cafe_latte,1,5200,paid
O05503,2026-09-27T17:12:00,vanilla_latte,vanilla_latte,1,5700,paid
O05504,2026-09-27T17:27:00,strawberry_latte,strawberry_latte,1,6200,paid
O05505,2026-09-27T17:36:00,espresso,espresso,1,4000,paid
O05506,2026-09-27T17:33:00,espresso,espresso,1,4000,paid
O05507,2026-09-27T17:27:00,strawberry_latte,strawberry_latte,1,6200,paid
O05508,2026-09-27T18:38:00,strawberry_latte,strawberry_latte,1,6200,paid
O05509,2026-09-27T18:24:00,vanilla_latte,vanilla_latte,1,5700,paid
O05510,2026-09-27T18:44:00,croissant,croissant,2,8400,paid
O05511,2026-09-27T18:30:00,financier,financier,1,3500,paid
O05512,2026-09-27T18:53:00,espresso,espresso,1,4000,paid
O05513,2026-09-27T18:44:00,sandwich,sandwich,2,13600,paid
O05514,2026-09-27T18:05:00,strawberry_latte,strawberry_latte,1,6200,paid
O05515,2026-09-27T18:01:00,cold_brew,cold_brew,1,5500,paid
O05516,2026-09-27T18:11:00,sandwich,sandwich,1,6800,paid
O05517,2026-09-27T18:10:00,cafe_latte,cafe_latte,1,5200,paid
O05518,2026-09-27T19:49:00,cold_brew,cold_brew,1,5500,paid
O05519,2026-09-27T19:17:00,croissant,croissant,1,4200,paid
O05520,2026-09-27T19:51:00,sandwich,sandwich,1,6800,paid
O05521,2026-09-27T19:03:00,croissant,croissant,1,4200,paid
O05522,2026-09-27T19:35:00,vanilla_latte,vanilla_latte,1,5700,paid
O05523,2026-09-27T19:34:00,espresso,espresso,1,4000,paid
O05524,2026-09-27T19:36:00,croissant,croissant,1,4200,paid
O05525,2026-09-27T19:19:00,sandwich,sandwich,1,6800,paid
O05526,2026-09-27T19:24:00,espresso,espresso,1,4000,paid
O05527,2026-09-27T20:21:00,americano,americano,1,4500,paid
O05528,2026-09-27T20:22:00,americano,americano,1,4500,paid
O05529,2026-09-27T20:02:00,strawberry_latte,strawberry_latte,1,6200,paid
O05530,2026-09-27T20:36:00,espresso,espresso,2,8000,paid
O05531,2026-09-27T20:29:00,sandwich,sandwich,1,6800,paid
O05532,2026-09-27T20:40:00,cafe_latte,cafe_latte,1,5200,paid
O05533,2026-09-27T20:44:00,cold_brew,cold_brew,1,5500,paid
O05534,2026-09-27T20:03:00,strawberry_latte,strawberry_latte,1,6200,paid
O05535,2026-09-27T20:00:00,sandwich,sandwich,1,6800,paid
O05536,2026-09-27T20:10:00,cold_brew,cold_brew,1,5500,paid
O05537,2026-09-27T20:43:00,vanilla_latte,vanilla_latte,1,5700,paid
O05538,2026-09-27T20:05:00,espresso,espresso,1,4000,paid
O05539,2026-09-28T09:39:00,iced_tea,iced_tea,2,9600,paid
O05540,2026-09-28T09:39:00,sandwich,sandwich,1,6800,paid
O05541,2026-09-28T09:26:00,cold_brew,cold_brew,2,11000,paid
O05542,2026-09-28T09:21:00,strawberry_latte,strawberry_latte,1,6200,paid
O05543,2026-09-28T09:19:00,iced_tea,iced_tea,1,4800,paid
O05544,2026-09-28T09:19:00,cafe_latte,cafe_latte,1,5200,paid
O05545,2026-09-28T09:59:00,cafe_latte,cafe_latte,1,5200,paid
O05546,2026-09-28T09:38:00,sandwich,sandwich,1,6800,paid
O05547,2026-09-28T09:28:00,iced_tea,iced_tea,1,4800,paid
O05548,2026-09-28T09:17:00,strawberry_latte,strawberry_latte,1,6200,paid
O05549,2026-09-28T10:43:00,americano,americano,1,4500,paid
O05550,2026-09-28T10:03:00,vanilla_latte,vanilla_latte,1,5700,paid
O05551,2026-09-28T10:08:00,cold_brew,cold_brew,1,5500,paid
O05552,2026-09-28T10:13:00,croissant,croissant,1,4200,paid
O05553,2026-09-28T10:56:00,financier,financier,1,3500,paid
O05554,2026-09-28T10:17:00,sandwich,sandwich,1,6800,paid
O05555,2026-09-28T10:00:00,strawberry_latte,strawberry_latte,1,6200,paid
O05556,2026-09-28T10:44:00,croissant,croissant,1,4200,paid
O05557,2026-09-28T10:48:00,cafe_latte,cafe_latte,1,5200,paid
O05558,2026-09-28T10:57:00,croissant,croissant,1,4200,paid
O05559,2026-09-28T11:45:00,strawberry_latte,strawberry_latte,1,6200,paid
O05560,2026-09-28T11:51:00,cold_brew,cold_brew,1,5500,paid
O05561,2026-09-28T11:08:00,vanilla_latte,vanilla_latte,1,5700,paid
O05562,2026-09-28T11:19:00,strawberry_latte,strawberry_latte,1,6200,paid
O05563,2026-09-28T11:19:00,sandwich,sandwich,1,6800,paid
O05564,2026-09-28T11:39:00,cafe_latte,cafe_latte,1,5200,paid
O05565,2026-09-28T11:01:00,sandwich,sandwich,1,6800,paid
O05566,2026-09-28T11:49:00,cold_brew,cold_brew,1,5500,paid
O05567,2026-09-28T11:29:00,strawberry_latte,strawberry_latte,1,6200,paid
O05568,2026-09-28T11:33:00,espresso,espresso,1,4000,paid
O05569,2026-09-28T12:21:00,strawberry_latte,strawberry_latte,1,6200,paid
O05570,2026-09-28T12:27:00,americano,americano,1,4500,paid
O05571,2026-09-28T12:04:00,sandwich,sandwich,1,6800,paid
O05572,2026-09-28T12:12:00,cold_brew,cold_brew,1,5500,paid
O05573,2026-09-28T12:14:00,cold_brew,cold_brew,1,5500,paid
O05574,2026-09-28T12:34:00,cafe_latte,cafe_latte,1,5200,paid
O05575,2026-09-28T12:13:00,cold_brew,cold_brew,1,5500,paid
O05576,2026-09-28T12:26:00,vanilla_latte,vanilla_latte,1,5700,paid
O05577,2026-09-28T12:15:00,vanilla_latte,vanilla_latte,1,5700,paid
O05578,2026-09-28T13:26:00,iced_tea,iced_tea,1,4800,paid
O05579,2026-09-28T13:14:00,cafe_latte,cafe_latte,1,5200,paid
O05580,2026-09-28T13:47:00,sandwich,sandwich,1,6800,paid
O05581,2026-09-28T13:02:00,financier,financier,1,3500,paid
O05582,2026-09-28T13:57:00,cold_brew,cold_brew,1,5500,paid
O05583,2026-09-28T13:24:00,sandwich,sandwich,1,6800,paid
O05584,2026-09-28T13:51:00,americano,americano,1,4500,paid
O05585,2026-09-28T13:18:00,croissant,croissant,1,4200,paid
O05586,2026-09-28T13:02:00,croissant,croissant,1,4200,paid
O05587,2026-09-28T13:03:00,strawberry_latte,strawberry_latte,1,6200,paid
O05588,2026-09-28T13:50:00,strawberry_latte,strawberry_latte,1,6200,paid
O05589,2026-09-28T14:35:00,vanilla_latte,vanilla_latte,1,5700,paid
O05590,2026-09-28T14:21:00,iced_tea,iced_tea,1,4800,paid
O05591,2026-09-28T14:46:00,croissant,croissant,1,4200,paid
O05592,2026-09-28T14:33:00,strawberry_latte,strawberry_latte,1,6200,paid
O05593,2026-09-28T14:00:00,sandwich,sandwich,1,6800,paid
O05594,2026-09-28T14:25:00,americano,americano,1,4500,paid
O05595,2026-09-28T14:56:00,cafe_latte,cafe_latte,1,5200,paid
O05596,2026-09-28T14:12:00,strawberry_latte,strawberry_latte,1,6200,paid
O05597,2026-09-28T14:04:00,espresso,espresso,1,4000,paid
O05598,2026-09-28T14:23:00,espresso,espresso,1,4000,paid
O05599,2026-09-28T14:09:00,croissant,croissant,1,4200,paid
O05600,2026-09-28T14:48:00,sandwich,sandwich,1,6800,paid
O05601,2026-09-28T14:03:00,strawberry_latte,strawberry_latte,1,6200,paid
O05602,2026-09-28T14:13:00,iced_tea,iced_tea,1,4800,paid
O05603,2026-09-28T15:35:00,strawberry_latte,strawberry_latte,1,6200,paid
O05604,2026-09-28T15:01:00,croissant,croissant,1,4200,paid
O05605,2026-09-28T15:50:00,iced_tea,iced_tea,1,4800,paid
O05606,2026-09-28T15:18:00,americano,americano,1,4500,paid
O05607,2026-09-28T15:51:00,cafe_latte,cafe_latte,2,10400,paid
O05608,2026-09-28T15:45:00,americano,americano,1,4500,paid
O05609,2026-09-28T15:08:00,vanilla_latte,vanilla_latte,1,5700,paid
O05610,2026-09-28T15:03:00,americano,americano,1,4500,paid
O05611,2026-09-28T15:16:00,espresso,espresso,2,8000,paid
O05612,2026-09-28T15:06:00,croissant,croissant,1,4200,paid
O05613,2026-09-28T15:16:00,croissant,croissant,1,4200,paid
O05614,2026-09-28T16:11:00,sandwich,sandwich,2,13600,paid
O05615,2026-09-28T16:40:00,americano,americano,1,4500,paid
O05616,2026-09-28T16:58:00,strawberry_latte,strawberry_latte,1,6200,paid
O05617,2026-09-28T16:30:00,vanilla_latte,vanilla_latte,1,5700,paid
O05618,2026-09-28T16:59:00,cold_brew,cold_brew,1,5500,paid
O05619,2026-09-28T16:38:00,vanilla_latte,vanilla_latte,1,5700,paid
O05620,2026-09-28T16:21:00,sandwich,sandwich,1,6800,paid
O05621,2026-09-28T16:18:00,espresso,espresso,1,4000,paid
O05622,2026-09-28T16:09:00,financier,financier,1,3500,paid
O05623,2026-09-28T16:12:00,croissant,croissant,1,4200,paid
O05624,2026-09-28T16:04:00,sandwich,sandwich,1,6800,paid
O05625,2026-09-28T16:05:00,cafe_latte,cafe_latte,1,5200,paid
O05626,2026-09-28T17:32:00,financier,financier,1,3500,paid
O05627,2026-09-28T17:44:00,strawberry_latte,strawberry_latte,1,6200,paid
O05628,2026-09-28T17:47:00,espresso,espresso,1,4000,paid
O05629,2026-09-28T17:57:00,americano,americano,1,4500,paid
O05630,2026-09-28T17:55:00,croissant,croissant,1,4200,paid
O05631,2026-09-28T17:51:00,iced_tea,iced_tea,1,4800,paid
O05632,2026-09-28T17:06:00,sandwich,sandwich,1,6800,paid
O05633,2026-09-28T17:44:00,sandwich,sandwich,1,6800,paid
O05634,2026-09-28T17:47:00,vanilla_latte,vanilla_latte,1,5700,paid
O05635,2026-09-28T17:11:00,croissant,croissant,1,4200,paid
O05636,2026-09-28T17:47:00,croissant,croissant,2,8400,paid
O05637,2026-09-28T17:29:00,strawberry_latte,strawberry_latte,1,6200,paid
O05638,2026-09-28T17:54:00,vanilla_latte,vanilla_latte,1,5700,paid
O05639,2026-09-28T17:24:00,vanilla_latte,vanilla_latte,1,5700,paid
O05640,2026-09-28T17:43:00,espresso,espresso,1,4000,paid
O05641,2026-09-28T18:12:00,espresso,espresso,1,4000,paid
O05642,2026-09-28T18:52:00,americano,americano,1,4500,paid
O05643,2026-09-28T18:18:00,strawberry_latte,strawberry_latte,2,12400,paid
O05644,2026-09-28T18:53:00,croissant,croissant,1,4200,paid
O05645,2026-09-28T18:33:00,iced_tea,iced_tea,1,4800,paid
O05646,2026-09-28T18:59:00,financier,financier,1,3500,paid
O05647,2026-09-28T18:01:00,americano,americano,1,4500,paid
O05648,2026-09-28T18:39:00,americano,americano,1,4500,paid
O05649,2026-09-28T18:04:00,financier,financier,1,3500,paid
O05650,2026-09-28T18:43:00,cold_brew,cold_brew,1,5500,paid
O05651,2026-09-28T19:11:00,sandwich,sandwich,1,6800,paid
O05652,2026-09-28T19:13:00,espresso,espresso,1,4000,paid
O05653,2026-09-28T19:26:00,sandwich,sandwich,1,6800,paid
O05654,2026-09-28T19:58:00,iced_tea,iced_tea,1,4800,paid
O05655,2026-09-28T19:10:00,croissant,croissant,1,4200,paid
O05656,2026-09-28T19:01:00,cold_brew,cold_brew,1,5500,paid
O05657,2026-09-28T19:22:00,cafe_latte,cafe_latte,1,5200,paid
O05658,2026-09-28T19:38:00,cafe_latte,cafe_latte,1,5200,paid
O05659,2026-09-28T20:10:00,sandwich,sandwich,1,6800,paid
O05660,2026-09-28T20:04:00,sandwich,sandwich,1,6800,paid
O05661,2026-09-28T20:09:00,espresso,espresso,1,4000,paid
O05662,2026-09-28T20:42:00,cold_brew,cold_brew,1,5500,paid
O05663,2026-09-28T20:15:00,espresso,espresso,1,4000,paid
O05664,2026-09-28T20:11:00,vanilla_latte,vanilla_latte,1,5700,paid
O05665,2026-09-28T20:11:00,iced_tea,iced_tea,1,4800,paid
O05666,2026-09-29T09:16:00,cafe_latte,cafe_latte,1,5200,paid
O05667,2026-09-29T09:42:00,financier,financier,1,3500,paid
O05668,2026-09-29T09:13:00,cold_brew,cold_brew,1,5500,paid
O05669,2026-09-29T09:48:00,strawberry_latte,strawberry_latte,1,6200,paid
O05670,2026-09-29T09:34:00,americano,americano,1,4500,paid
O05671,2026-09-29T09:41:00,vanilla_latte,vanilla_latte,1,5700,paid
O05672,2026-09-29T09:06:00,vanilla_latte,vanilla_latte,1,5700,paid
O05673,2026-09-29T10:18:00,cafe_latte,cafe_latte,1,5200,paid
O05674,2026-09-29T10:34:00,cafe_latte,cafe_latte,1,5200,paid
O05675,2026-09-29T10:34:00,espresso,espresso,1,4000,paid
O05676,2026-09-29T10:00:00,espresso,espresso,1,4000,paid
O05677,2026-09-29T10:20:00,sandwich,sandwich,1,6800,paid
O05678,2026-09-29T10:24:00,financier,financier,1,3500,paid
O05679,2026-09-29T10:53:00,iced_tea,iced_tea,1,4800,paid
O05680,2026-09-29T10:11:00,americano,americano,1,4500,paid
O05681,2026-09-29T10:31:00,financier,financier,2,7000,paid
O05682,2026-09-29T10:53:00,financier,financier,1,3500,paid
O05683,2026-09-29T11:18:00,espresso,espresso,1,4000,paid
O05684,2026-09-29T11:07:00,iced_tea,iced_tea,1,4800,paid
O05685,2026-09-29T11:13:00,espresso,espresso,1,4000,paid
O05686,2026-09-29T11:09:00,vanilla_latte,vanilla_latte,1,5700,paid
O05687,2026-09-29T11:12:00,vanilla_latte,vanilla_latte,1,5700,paid
O05688,2026-09-29T11:04:00,americano,americano,1,4500,paid
O05689,2026-09-29T11:16:00,iced_tea,iced_tea,1,4800,paid
O05690,2026-09-29T11:07:00,strawberry_latte,strawberry_latte,1,6200,paid
O05691,2026-09-29T12:36:00,financier,financier,2,7000,paid
O05692,2026-09-29T12:39:00,cafe_latte,cafe_latte,1,5200,paid
O05693,2026-09-29T12:26:00,vanilla_latte,vanilla_latte,1,5700,paid
O05694,2026-09-29T12:39:00,sandwich,sandwich,1,6800,paid
O05695,2026-09-29T12:06:00,sandwich,sandwich,1,6800,paid
O05696,2026-09-29T12:07:00,financier,financier,1,3500,paid
O05697,2026-09-29T12:56:00,americano,americano,1,4500,paid
O05698,2026-09-29T12:47:00,espresso,espresso,1,4000,paid
O05699,2026-09-29T13:22:00,americano,americano,1,4500,paid
O05700,2026-09-29T13:12:00,vanilla_latte,vanilla_latte,1,5700,paid
O05701,2026-09-29T13:06:00,espresso,espresso,1,4000,paid
O05702,2026-09-29T13:20:00,cold_brew,cold_brew,1,5500,paid
O05703,2026-09-29T13:33:00,iced_tea,iced_tea,1,4800,paid
O05704,2026-09-29T13:59:00,financier,financier,1,3500,paid
O05705,2026-09-29T13:59:00,financier,financier,1,3500,paid
O05706,2026-09-29T13:49:00,sandwich,sandwich,1,6800,paid
O05707,2026-09-29T13:28:00,sandwich,sandwich,1,6800,paid
O05708,2026-09-29T13:10:00,financier,financier,1,3500,paid
O05709,2026-09-29T13:54:00,espresso,espresso,2,8000,paid
O05710,2026-09-29T13:56:00,vanilla_latte,vanilla_latte,1,5700,paid
O05711,2026-09-29T13:24:00,financier,financier,1,3500,paid
O05712,2026-09-29T14:26:00,strawberry_latte,strawberry_latte,1,6200,paid
O05713,2026-09-29T14:07:00,financier,financier,1,3500,paid
O05714,2026-09-29T14:29:00,espresso,espresso,1,4000,paid
O05715,2026-09-29T14:19:00,strawberry_latte,strawberry_latte,1,6200,paid
O05716,2026-09-29T14:12:00,americano,americano,2,9000,paid
O05717,2026-09-29T14:12:00,financier,financier,1,3500,paid
O05718,2026-09-29T14:43:00,sandwich,sandwich,1,6800,paid
O05719,2026-09-29T14:14:00,financier,financier,1,3500,paid
O05720,2026-09-29T14:38:00,vanilla_latte,vanilla_latte,1,5700,paid
O05721,2026-09-29T14:45:00,financier,financier,1,3500,paid
O05722,2026-09-29T14:30:00,espresso,espresso,2,8000,paid
O05723,2026-09-29T14:02:00,espresso,espresso,1,4000,paid
O05724,2026-09-29T14:10:00,cold_brew,cold_brew,1,5500,paid
O05725,2026-09-29T15:41:00,financier,financier,1,3500,paid
O05726,2026-09-29T15:39:00,strawberry_latte,strawberry_latte,1,6200,paid
O05727,2026-09-29T15:26:00,croissant,croissant,1,4200,paid
O05728,2026-09-29T15:44:00,croissant,croissant,2,8400,paid
O05729,2026-09-29T15:26:00,cold_brew,cold_brew,2,11000,paid
O05730,2026-09-29T15:34:00,financier,financier,1,3500,paid
O05731,2026-09-29T15:11:00,cold_brew,cold_brew,1,5500,paid
O05732,2026-09-29T15:24:00,vanilla_latte,vanilla_latte,1,5700,paid
O05733,2026-09-29T15:48:00,espresso,espresso,1,4000,paid
O05734,2026-09-29T15:36:00,sandwich,sandwich,1,6800,paid
O05735,2026-09-29T15:13:00,vanilla_latte,vanilla_latte,1,5700,paid
O05736,2026-09-29T16:10:00,sandwich,sandwich,1,6800,paid
O05737,2026-09-29T16:17:00,cold_brew,cold_brew,1,5500,paid
O05738,2026-09-29T16:47:00,americano,americano,1,4500,paid
O05739,2026-09-29T16:38:00,vanilla_latte,vanilla_latte,1,5700,paid
O05740,2026-09-29T16:30:00,croissant,croissant,1,4200,paid
O05741,2026-09-29T16:37:00,sandwich,sandwich,1,6800,paid
O05742,2026-09-29T16:36:00,cafe_latte,cafe_latte,1,5200,paid
O05743,2026-09-29T16:35:00,espresso,espresso,1,4000,paid
O05744,2026-09-29T16:29:00,financier,financier,1,3500,paid
O05745,2026-09-29T16:22:00,croissant,croissant,1,4200,paid
O05746,2026-09-29T16:17:00,sandwich,sandwich,1,6800,paid
O05747,2026-09-29T16:38:00,financier,financier,1,3500,paid
O05748,2026-09-29T17:15:00,cafe_latte,cafe_latte,1,5200,paid
O05749,2026-09-29T17:40:00,croissant,croissant,1,4200,paid
O05750,2026-09-29T17:37:00,strawberry_latte,strawberry_latte,1,6200,paid
O05751,2026-09-29T17:24:00,financier,financier,1,3500,paid
O05752,2026-09-29T17:16:00,sandwich,sandwich,1,6800,paid
O05753,2026-09-29T17:38:00,cold_brew,cold_brew,1,5500,paid
O05754,2026-09-29T17:56:00,financier,financier,1,3500,paid
O05755,2026-09-29T17:07:00,cold_brew,cold_brew,2,11000,paid
O05756,2026-09-29T17:29:00,vanilla_latte,vanilla_latte,1,5700,paid
O05757,2026-09-29T17:35:00,espresso,espresso,1,4000,paid
O05758,2026-09-29T17:34:00,americano,americano,1,4500,paid
O05759,2026-09-29T17:16:00,iced_tea,iced_tea,1,4800,paid
O05760,2026-09-29T17:14:00,financier,financier,1,3500,paid
O05761,2026-09-29T17:36:00,financier,financier,1,3500,paid
O05762,2026-09-29T18:42:00,cold_brew,cold_brew,1,5500,paid
O05763,2026-09-29T18:38:00,financier,financier,1,3500,paid
O05764,2026-09-29T18:47:00,iced_tea,iced_tea,1,4800,paid
O05765,2026-09-29T18:55:00,financier,financier,1,3500,paid
O05766,2026-09-29T18:28:00,americano,americano,1,4500,paid
O05767,2026-09-29T18:13:00,americano,americano,1,4500,paid
O05768,2026-09-29T18:48:00,cold_brew,cold_brew,1,5500,paid
O05769,2026-09-29T18:55:00,cafe_latte,cafe_latte,1,5200,paid
O05770,2026-09-29T18:01:00,cold_brew,cold_brew,1,5500,paid
O05771,2026-09-29T19:35:00,espresso,espresso,1,4000,paid
O05772,2026-09-29T19:28:00,sandwich,sandwich,1,6800,paid
O05773,2026-09-29T19:36:00,iced_tea,iced_tea,1,4800,paid
O05774,2026-09-29T19:58:00,financier,financier,1,3500,paid
O05775,2026-09-29T19:10:00,cafe_latte,cafe_latte,1,5200,paid
O05776,2026-09-29T19:40:00,americano,americano,1,4500,paid
O05777,2026-09-29T19:44:00,espresso,espresso,1,4000,paid
O05778,2026-09-29T19:58:00,americano,americano,1,4500,paid
O05779,2026-09-29T19:16:00,iced_tea,iced_tea,2,9600,paid
O05780,2026-09-29T19:02:00,sandwich,sandwich,1,6800,paid
O05781,2026-09-29T20:35:00,cold_brew,cold_brew,2,11000,paid
O05782,2026-09-29T20:02:00,cold_brew,cold_brew,1,5500,paid
O05783,2026-09-29T20:08:00,vanilla_latte,vanilla_latte,1,5700,paid
O05784,2026-09-29T20:39:00,cold_brew,cold_brew,2,11000,paid
O05785,2026-09-29T20:08:00,espresso,espresso,1,4000,paid
O05786,2026-09-29T20:11:00,espresso,espresso,1,4000,paid
O05787,2026-09-29T20:21:00,cafe_latte,cafe_latte,1,5200,paid
O05788,2026-09-29T20:41:00,strawberry_latte,strawberry_latte,2,12400,paid
O05789,2026-09-30T09:19:00,americano,americano,1,4500,paid
O05790,2026-09-30T09:18:00,espresso,espresso,1,4000,paid
O05791,2026-09-30T09:38:00,cold_brew,cold_brew,1,5500,paid
O05792,2026-09-30T09:54:00,cold_brew,cold_brew,1,5500,paid
O05793,2026-09-30T09:00:00,financier,financier,1,3500,paid
O05794,2026-09-30T09:18:00,cafe_latte,cafe_latte,2,10400,paid
O05795,2026-09-30T09:10:00,cold_brew,cold_brew,1,5500,paid
O05796,2026-09-30T09:15:00,americano,americano,1,4500,paid
O05797,2026-09-30T09:05:00,vanilla_latte,vanilla_latte,1,5700,paid
O05798,2026-09-30T10:49:00,croissant,croissant,1,4200,paid
O05799,2026-09-30T10:27:00,croissant,croissant,1,4200,paid
O05800,2026-09-30T10:46:00,financier,financier,1,3500,paid
O05801,2026-09-30T10:20:00,sandwich,sandwich,1,6800,paid
O05802,2026-09-30T10:11:00,financier,financier,1,3500,paid
O05803,2026-09-30T10:53:00,iced_tea,iced_tea,1,4800,paid
O05804,2026-09-30T10:20:00,vanilla_latte,vanilla_latte,1,5700,paid
O05805,2026-09-30T10:32:00,espresso,espresso,1,4000,paid
O05806,2026-09-30T10:05:00,croissant,croissant,1,4200,paid
O05807,2026-09-30T10:58:00,cafe_latte,cafe_latte,1,5200,paid
O05808,2026-09-30T11:05:00,cold_brew,cold_brew,1,5500,paid
O05809,2026-09-30T11:17:00,croissant,croissant,1,4200,paid
O05810,2026-09-30T11:40:00,strawberry_latte,strawberry_latte,1,6200,paid
O05811,2026-09-30T11:19:00,cold_brew,cold_brew,1,5500,paid
O05812,2026-09-30T11:54:00,financier,financier,1,3500,paid
O05813,2026-09-30T11:54:00,cafe_latte,cafe_latte,1,5200,paid
O05814,2026-09-30T11:19:00,cafe_latte,cafe_latte,1,5200,paid
O05815,2026-09-30T12:18:00,croissant,croissant,1,4200,paid
O05816,2026-09-30T12:14:00,strawberry_latte,strawberry_latte,1,6200,paid
O05817,2026-09-30T12:14:00,financier,financier,1,3500,paid
O05818,2026-09-30T12:26:00,cafe_latte,cafe_latte,1,5200,paid
O05819,2026-09-30T12:15:00,cafe_latte,cafe_latte,1,5200,paid
O05820,2026-09-30T12:27:00,sandwich,sandwich,2,13600,paid
O05821,2026-09-30T12:34:00,financier,financier,1,3500,paid
O05822,2026-09-30T12:50:00,financier,financier,1,3500,paid
O05823,2026-09-30T12:12:00,croissant,croissant,1,4200,paid
O05824,2026-09-30T13:43:00,espresso,espresso,1,4000,paid
O05825,2026-09-30T13:28:00,cold_brew,cold_brew,1,5500,paid
O05826,2026-09-30T13:42:00,espresso,espresso,1,4000,paid
O05827,2026-09-30T13:30:00,cold_brew,cold_brew,1,5500,paid
O05828,2026-09-30T13:36:00,americano,americano,1,4500,paid
O05829,2026-09-30T13:30:00,cold_brew,cold_brew,1,5500,paid
O05830,2026-09-30T13:24:00,iced_tea,iced_tea,1,4800,paid
O05831,2026-09-30T13:28:00,cafe_latte,cafe_latte,1,5200,paid
O05832,2026-09-30T13:25:00,vanilla_latte,vanilla_latte,1,5700,paid
O05833,2026-09-30T13:14:00,cafe_latte,cafe_latte,2,10400,paid
O05834,2026-09-30T13:38:00,espresso,espresso,1,4000,paid
O05835,2026-09-30T14:57:00,espresso,espresso,1,4000,paid
O05836,2026-09-30T14:36:00,americano,americano,1,4500,paid
O05837,2026-09-30T14:07:00,americano,americano,1,4500,paid
O05838,2026-09-30T14:21:00,financier,financier,1,3500,paid
O05839,2026-09-30T14:34:00,strawberry_latte,strawberry_latte,1,6200,paid
O05840,2026-09-30T14:45:00,cold_brew,cold_brew,1,5500,paid
O05841,2026-09-30T14:42:00,financier,financier,1,3500,paid
O05842,2026-09-30T14:10:00,iced_tea,iced_tea,2,9600,paid
O05843,2026-09-30T14:32:00,espresso,espresso,1,4000,paid
O05844,2026-09-30T14:57:00,iced_tea,iced_tea,1,4800,paid
O05845,2026-09-30T14:28:00,croissant,croissant,1,4200,paid
O05846,2026-09-30T14:23:00,financier,financier,2,7000,paid
O05847,2026-09-30T14:36:00,cold_brew,cold_brew,1,5500,paid
O05848,2026-09-30T15:47:00,vanilla_latte,vanilla_latte,2,11400,paid
O05849,2026-09-30T15:09:00,sandwich,sandwich,1,6800,paid
O05850,2026-09-30T15:29:00,croissant,croissant,1,4200,paid
O05851,2026-09-30T15:42:00,sandwich,sandwich,1,6800,paid
O05852,2026-09-30T15:34:00,vanilla_latte,vanilla_latte,1,5700,paid
O05853,2026-09-30T15:28:00,sandwich,sandwich,2,13600,paid
O05854,2026-09-30T15:21:00,croissant,croissant,1,4200,paid
O05855,2026-09-30T15:16:00,financier,financier,1,3500,paid
O05856,2026-09-30T15:50:00,cafe_latte,cafe_latte,1,5200,paid
O05857,2026-09-30T15:55:00,espresso,espresso,1,4000,paid
O05858,2026-09-30T15:33:00,financier,financier,2,7000,paid
O05859,2026-09-30T15:13:00,cafe_latte,cafe_latte,1,5200,paid
O05860,2026-09-30T16:48:00,financier,financier,1,3500,paid
O05861,2026-09-30T16:05:00,financier,financier,1,3500,paid
O05862,2026-09-30T16:31:00,strawberry_latte,strawberry_latte,1,6200,paid
O05863,2026-09-30T16:58:00,cafe_latte,cafe_latte,1,5200,paid
O05864,2026-09-30T16:52:00,sandwich,sandwich,1,6800,paid
O05865,2026-09-30T16:55:00,sandwich,sandwich,1,6800,paid
O05866,2026-09-30T16:28:00,vanilla_latte,vanilla_latte,1,5700,paid
O05867,2026-09-30T16:20:00,sandwich,sandwich,1,6800,paid
O05868,2026-09-30T16:59:00,financier,financier,1,3500,paid
O05869,2026-09-30T16:52:00,sandwich,sandwich,1,6800,paid
O05870,2026-09-30T16:42:00,cafe_latte,cafe_latte,1,5200,paid
O05871,2026-09-30T16:01:00,financier,financier,1,3500,paid
O05872,2026-09-30T16:42:00,americano,americano,1,4500,paid
O05873,2026-09-30T17:47:00,espresso,espresso,1,4000,paid
O05874,2026-09-30T17:50:00,cafe_latte,cafe_latte,1,5200,paid
O05875,2026-09-30T17:54:00,cafe_latte,cafe_latte,1,5200,paid
O05876,2026-09-30T17:30:00,vanilla_latte,vanilla_latte,1,5700,paid
O05877,2026-09-30T17:20:00,vanilla_latte,vanilla_latte,1,5700,paid
O05878,2026-09-30T17:27:00,cafe_latte,cafe_latte,1,5200,paid
O05879,2026-09-30T17:33:00,sandwich,sandwich,1,6800,paid
O05880,2026-09-30T17:54:00,financier,financier,1,3500,paid
O05881,2026-09-30T17:20:00,cafe_latte,cafe_latte,1,5200,paid
O05882,2026-09-30T17:45:00,vanilla_latte,vanilla_latte,1,5700,paid
O05883,2026-09-30T17:57:00,strawberry_latte,strawberry_latte,1,6200,paid
O05884,2026-09-30T17:24:00,financier,financier,1,3500,paid
O05885,2026-09-30T18:44:00,croissant,croissant,1,4200,paid
O05886,2026-09-30T18:25:00,financier,financier,1,3500,paid
O05887,2026-09-30T18:15:00,strawberry_latte,strawberry_latte,1,6200,paid
O05888,2026-09-30T18:40:00,americano,americano,1,4500,paid
O05889,2026-09-30T18:55:00,financier,financier,1,3500,paid
O05890,2026-09-30T18:18:00,cafe_latte,cafe_latte,1,5200,paid
O05891,2026-09-30T18:21:00,strawberry_latte,strawberry_latte,1,6200,paid
O05892,2026-09-30T18:31:00,espresso,espresso,1,4000,paid
O05893,2026-09-30T18:50:00,vanilla_latte,vanilla_latte,1,5700,paid
O05894,2026-09-30T18:15:00,cafe_latte,cafe_latte,1,5200,paid
O05895,2026-09-30T19:53:00,americano,americano,1,4500,paid
O05896,2026-09-30T19:11:00,strawberry_latte,strawberry_latte,1,6200,paid
O05897,2026-09-30T19:34:00,americano,americano,1,4500,paid
O05898,2026-09-30T19:41:00,espresso,espresso,2,8000,paid
O05899,2026-09-30T19:58:00,espresso,espresso,1,4000,paid
O05900,2026-09-30T19:05:00,iced_tea,iced_tea,1,4800,paid
O05901,2026-09-30T19:52:00,iced_tea,iced_tea,1,4800,paid
O05902,2026-09-30T19:06:00,cafe_latte,cafe_latte,1,5200,paid
O05903,2026-09-30T20:13:00,cold_brew,cold_brew,1,5500,paid
O05904,2026-09-30T20:40:00,financier,financier,1,3500,paid
O05905,2026-09-30T20:02:00,espresso,espresso,1,4000,paid
O05906,2026-09-30T20:42:00,cafe_latte,cafe_latte,1,5200,paid
O05907,2026-09-30T20:31:00,financier,financier,1,3500,paid
O05908,2026-09-30T20:31:00,americano,americano,1,4500,paid
O05909,2026-09-30T20:59:00,strawberry_latte,strawberry_latte,1,6200,paid
O05910,2026-09-30T20:16:00,cafe_latte,cafe_latte,1,5200,paid
O05911,2026-09-30T20:48:00,croissant,croissant,1,4200,paid
O05912,2026-10-01T09:59:00,cold_brew,cold_brew,1,5500,paid
O05913,2026-10-01T09:51:00,sandwich,sandwich,1,6800,paid
O05914,2026-10-01T09:16:00,espresso,espresso,1,4000,paid
O05915,2026-10-01T09:11:00,americano,americano,1,4500,paid
O05916,2026-10-01T09:17:00,financier,financier,1,3500,paid
O05917,2026-10-01T09:17:00,financier,financier,1,3500,paid
O05918,2026-10-01T09:45:00,cold_brew,cold_brew,1,5500,paid
O05919,2026-10-01T09:57:00,cold_brew,cold_brew,1,5500,paid
O05920,2026-10-01T09:07:00,vanilla_latte,vanilla_latte,1,5700,paid
O05921,2026-10-01T10:27:00,americano,americano,1,4500,paid
O05922,2026-10-01T10:50:00,financier,financier,2,7000,paid
O05923,2026-10-01T10:52:00,espresso,espresso,1,4000,paid
O05924,2026-10-01T10:13:00,americano,americano,1,4500,paid
O05925,2026-10-01T10:57:00,financier,financier,1,3500,paid
O05926,2026-10-01T10:35:00,financier,financier,1,3500,paid
O05927,2026-10-01T10:22:00,croissant,croissant,1,4200,paid
O05928,2026-10-01T10:13:00,strawberry_latte,strawberry_latte,1,6200,paid
O05929,2026-10-01T11:16:00,croissant,croissant,1,4200,paid
O05930,2026-10-01T11:38:00,strawberry_latte,strawberry_latte,1,6200,paid
O05931,2026-10-01T11:22:00,sandwich,sandwich,2,13600,paid
O05932,2026-10-01T11:55:00,financier,financier,1,3500,paid
O05933,2026-10-01T11:08:00,americano,americano,1,4500,paid
O05934,2026-10-01T11:50:00,vanilla_latte,vanilla_latte,1,5700,paid
O05935,2026-10-01T11:04:00,americano,americano,2,9000,paid
O05936,2026-10-01T11:39:00,strawberry_latte,strawberry_latte,1,6200,paid
O05937,2026-10-01T12:00:00,croissant,croissant,1,4200,paid
O05938,2026-10-01T12:03:00,iced_tea,iced_tea,1,4800,paid
O05939,2026-10-01T12:17:00,sandwich,sandwich,1,6800,paid
O05940,2026-10-01T12:17:00,sandwich,sandwich,1,6800,paid
O05941,2026-10-01T12:41:00,strawberry_latte,strawberry_latte,1,6200,paid
O05942,2026-10-01T12:45:00,americano,americano,1,4500,paid
O05943,2026-10-01T12:40:00,iced_tea,iced_tea,1,4800,paid
O05944,2026-10-01T13:29:00,iced_tea,iced_tea,1,4800,paid
O05945,2026-10-01T13:35:00,sandwich,sandwich,1,6800,paid
O05946,2026-10-01T13:16:00,vanilla_latte,vanilla_latte,1,5700,paid
O05947,2026-10-01T13:11:00,espresso,espresso,1,4000,paid
O05948,2026-10-01T13:53:00,cafe_latte,cafe_latte,2,10400,paid
O05949,2026-10-01T13:00:00,vanilla_latte,vanilla_latte,1,5700,paid
O05950,2026-10-01T13:06:00,strawberry_latte,strawberry_latte,1,6200,paid
O05951,2026-10-01T13:03:00,financier,financier,1,3500,paid
O05952,2026-10-01T13:33:00,strawberry_latte,strawberry_latte,1,6200,paid
O05953,2026-10-01T13:13:00,cafe_latte,cafe_latte,1,5200,paid
O05954,2026-10-01T13:34:00,croissant,croissant,1,4200,paid
O05955,2026-10-01T13:10:00,croissant,croissant,1,4200,paid
O05956,2026-10-01T13:02:00,vanilla_latte,vanilla_latte,1,5700,paid
O05957,2026-10-01T13:15:00,cold_brew,cold_brew,1,5500,paid
O05958,2026-10-01T14:23:00,vanilla_latte,vanilla_latte,1,5700,paid
O05959,2026-10-01T14:37:00,espresso,espresso,2,8000,paid
O05960,2026-10-01T14:30:00,americano,americano,1,4500,paid
O05961,2026-10-01T14:06:00,cold_brew,cold_brew,1,5500,paid
O05962,2026-10-01T14:51:00,strawberry_latte,strawberry_latte,1,6200,paid
O05963,2026-10-01T14:29:00,americano,americano,1,4500,paid
O05964,2026-10-01T14:12:00,sandwich,sandwich,1,6800,paid
O05965,2026-10-01T14:05:00,croissant,croissant,1,4200,paid
O05966,2026-10-01T14:24:00,strawberry_latte,strawberry_latte,1,6200,paid
O05967,2026-10-01T14:30:00,americano,americano,1,4500,paid
O05968,2026-10-01T14:11:00,espresso,espresso,1,4000,paid
O05969,2026-10-01T14:16:00,americano,americano,1,4500,paid
O05970,2026-10-01T15:31:00,espresso,espresso,1,4000,paid
O05971,2026-10-01T15:51:00,sandwich,sandwich,1,6800,paid
O05972,2026-10-01T15:29:00,croissant,croissant,1,4200,paid
O05973,2026-10-01T15:03:00,iced_tea,iced_tea,1,4800,paid
O05974,2026-10-01T15:18:00,strawberry_latte,strawberry_latte,1,6200,paid
O05975,2026-10-01T15:05:00,vanilla_latte,vanilla_latte,1,5700,paid
O05976,2026-10-01T15:11:00,americano,americano,1,4500,paid
O05977,2026-10-01T15:05:00,sandwich,sandwich,1,6800,paid
O05978,2026-10-01T15:19:00,americano,americano,1,4500,paid
O05979,2026-10-01T15:24:00,croissant,croissant,1,4200,paid
O05980,2026-10-01T15:11:00,americano,americano,1,4500,paid
O05981,2026-10-01T15:14:00,cold_brew,cold_brew,1,5500,paid
O05982,2026-10-01T16:29:00,espresso,espresso,1,4000,paid
O05983,2026-10-01T16:01:00,iced_tea,iced_tea,1,4800,paid
O05984,2026-10-01T16:52:00,iced_tea,iced_tea,2,9600,paid
O05985,2026-10-01T16:07:00,sandwich,sandwich,1,6800,paid
O05986,2026-10-01T16:06:00,americano,americano,1,4500,paid
O05987,2026-10-01T16:59:00,cafe_latte,cafe_latte,1,5200,paid
O05988,2026-10-01T16:05:00,sandwich,sandwich,2,13600,paid
O05989,2026-10-01T16:25:00,espresso,espresso,1,4000,paid
O05990,2026-10-01T16:56:00,sandwich,sandwich,1,6800,paid
O05991,2026-10-01T16:27:00,iced_tea,iced_tea,1,4800,paid
O05992,2026-10-01T16:29:00,espresso,espresso,1,4000,paid
O05993,2026-10-01T16:32:00,americano,americano,2,9000,paid
O05994,2026-10-01T16:16:00,iced_tea,iced_tea,1,4800,paid
O05995,2026-10-01T16:28:00,financier,financier,1,3500,paid
O05996,2026-10-01T17:07:00,cafe_latte,cafe_latte,2,10400,paid
O05997,2026-10-01T17:39:00,americano,americano,1,4500,paid
O05998,2026-10-01T17:19:00,vanilla_latte,vanilla_latte,1,5700,paid
O05999,2026-10-01T17:47:00,americano,americano,1,4500,paid
O06000,2026-10-01T17:46:00,strawberry_latte,strawberry_latte,1,6200,paid
O06001,2026-10-01T17:14:00,strawberry_latte,strawberry_latte,1,6200,paid
O06002,2026-10-01T17:27:00,financier,financier,1,3500,paid
O06003,2026-10-01T17:02:00,croissant,croissant,2,8400,paid
O06004,2026-10-01T17:36:00,vanilla_latte,vanilla_latte,1,5700,paid
O06005,2026-10-01T17:27:00,espresso,espresso,1,4000,paid
O06006,2026-10-01T17:00:00,vanilla_latte,vanilla_latte,1,5700,paid
O06007,2026-10-01T17:12:00,cafe_latte,cafe_latte,2,10400,paid
O06008,2026-10-01T17:22:00,vanilla_latte,vanilla_latte,1,5700,paid
O06009,2026-10-01T17:48:00,americano,americano,1,4500,paid
O06010,2026-10-01T18:33:00,americano,americano,1,4500,paid
O06011,2026-10-01T18:47:00,strawberry_latte,strawberry_latte,1,6200,paid
O06012,2026-10-01T18:07:00,croissant,croissant,1,4200,paid
O06013,2026-10-01T18:33:00,americano,americano,1,4500,paid
O06014,2026-10-01T18:07:00,sandwich,sandwich,2,13600,paid
O06015,2026-10-01T18:00:00,cafe_latte,cafe_latte,1,5200,paid
O06016,2026-10-01T18:54:00,sandwich,sandwich,2,13600,paid
O06017,2026-10-01T19:08:00,vanilla_latte,vanilla_latte,1,5700,paid
O06018,2026-10-01T19:47:00,strawberry_latte,strawberry_latte,2,12400,paid
O06019,2026-10-01T19:36:00,financier,financier,2,7000,paid
O06020,2026-10-01T19:00:00,sandwich,sandwich,1,6800,paid
O06021,2026-10-01T19:53:00,cold_brew,cold_brew,1,5500,paid
O06022,2026-10-01T19:16:00,financier,financier,1,3500,paid
O06023,2026-10-01T19:01:00,strawberry_latte,strawberry_latte,1,6200,paid
O06024,2026-10-01T20:14:00,financier,financier,1,3500,paid
O06025,2026-10-01T20:06:00,espresso,espresso,1,4000,paid
O06026,2026-10-01T20:06:00,croissant,croissant,1,4200,paid
O06027,2026-10-01T20:42:00,cafe_latte,cafe_latte,1,5200,paid
O06028,2026-10-01T20:44:00,financier,financier,1,3500,paid
O06029,2026-10-01T20:48:00,cold_brew,cold_brew,1,5500,paid
O06030,2026-10-01T20:01:00,iced_tea,iced_tea,1,4800,paid
O06031,2026-10-01T20:42:00,iced_tea,iced_tea,1,4800,paid
O06032,2026-10-01T20:20:00,cafe_latte,cafe_latte,1,5200,paid
O06033,2026-10-01T20:01:00,iced_tea,iced_tea,1,4800,paid
O06034,2026-10-02T09:16:00,sandwich,sandwich,1,6800,paid
O06035,2026-10-02T09:17:00,sandwich,sandwich,1,6800,paid
O06036,2026-10-02T09:45:00,espresso,espresso,1,4000,paid
O06037,2026-10-02T09:08:00,cafe_latte,cafe_latte,1,5200,paid
O06038,2026-10-02T09:45:00,americano,americano,1,4500,paid
O06039,2026-10-02T09:09:00,cafe_latte,cafe_latte,1,5200,paid
O06040,2026-10-02T09:38:00,strawberry_latte,strawberry_latte,1,6200,paid
O06041,2026-10-02T09:57:00,americano,americano,1,4500,paid
O06042,2026-10-02T10:56:00,financier,financier,1,3500,paid
O06043,2026-10-02T10:20:00,croissant,croissant,1,4200,paid
O06044,2026-10-02T10:58:00,croissant,croissant,1,4200,paid
O06045,2026-10-02T10:10:00,strawberry_latte,strawberry_latte,1,6200,paid
O06046,2026-10-02T10:01:00,cold_brew,cold_brew,2,11000,paid
O06047,2026-10-02T10:39:00,iced_tea,iced_tea,1,4800,paid
O06048,2026-10-02T10:35:00,financier,financier,2,7000,paid
O06049,2026-10-02T10:43:00,cafe_latte,cafe_latte,1,5200,paid
O06050,2026-10-02T11:20:00,vanilla_latte,vanilla_latte,1,5700,paid
O06051,2026-10-02T11:42:00,sandwich,sandwich,1,6800,paid
O06052,2026-10-02T11:03:00,cafe_latte,cafe_latte,1,5200,paid
O06053,2026-10-02T11:03:00,sandwich,sandwich,1,6800,paid
O06054,2026-10-02T11:03:00,espresso,espresso,1,4000,paid
O06055,2026-10-02T11:33:00,vanilla_latte,vanilla_latte,1,5700,paid
O06056,2026-10-02T11:05:00,croissant,croissant,1,4200,paid
O06057,2026-10-02T11:08:00,strawberry_latte,strawberry_latte,2,12400,paid
O06058,2026-10-02T12:08:00,cafe_latte,cafe_latte,1,5200,paid
O06059,2026-10-02T12:45:00,iced_tea,iced_tea,2,9600,paid
O06060,2026-10-02T12:27:00,americano,americano,1,4500,paid
O06061,2026-10-02T12:52:00,cold_brew,cold_brew,1,5500,paid
O06062,2026-10-02T12:02:00,iced_tea,iced_tea,1,4800,paid
O06063,2026-10-02T12:28:00,vanilla_latte,vanilla_latte,1,5700,paid
O06064,2026-10-02T12:19:00,strawberry_latte,strawberry_latte,1,6200,paid
O06065,2026-10-02T12:05:00,americano,americano,1,4500,paid
O06066,2026-10-02T12:31:00,strawberry_latte,strawberry_latte,1,6200,paid
O06067,2026-10-02T13:09:00,iced_tea,iced_tea,1,4800,paid
O06068,2026-10-02T13:26:00,strawberry_latte,strawberry_latte,1,6200,paid
O06069,2026-10-02T13:34:00,croissant,croissant,2,8400,paid
O06070,2026-10-02T13:48:00,vanilla_latte,vanilla_latte,2,11400,paid
O06071,2026-10-02T13:42:00,vanilla_latte,vanilla_latte,1,5700,paid
O06072,2026-10-02T13:00:00,espresso,espresso,1,4000,paid
O06073,2026-10-02T13:45:00,espresso,espresso,1,4000,paid
O06074,2026-10-02T13:50:00,cold_brew,cold_brew,2,11000,paid
O06075,2026-10-02T13:17:00,vanilla_latte,vanilla_latte,1,5700,paid
O06076,2026-10-02T13:56:00,sandwich,sandwich,1,6800,paid
O06077,2026-10-02T13:54:00,financier,financier,1,3500,paid
O06078,2026-10-02T13:29:00,sandwich,sandwich,1,6800,paid
O06079,2026-10-02T13:40:00,vanilla_latte,vanilla_latte,1,5700,paid
O06080,2026-10-02T13:26:00,cold_brew,cold_brew,1,5500,paid
O06081,2026-10-02T14:36:00,financier,financier,1,3500,paid
O06082,2026-10-02T14:08:00,iced_tea,iced_tea,2,9600,paid
O06083,2026-10-02T14:51:00,cold_brew,cold_brew,1,5500,paid
O06084,2026-10-02T14:46:00,iced_tea,iced_tea,1,4800,paid
O06085,2026-10-02T14:07:00,espresso,espresso,1,4000,paid
O06086,2026-10-02T14:40:00,cafe_latte,cafe_latte,1,5200,paid
O06087,2026-10-02T14:48:00,iced_tea,iced_tea,1,4800,paid
O06088,2026-10-02T14:36:00,vanilla_latte,vanilla_latte,1,5700,paid
O06089,2026-10-02T14:42:00,americano,americano,2,9000,paid
O06090,2026-10-02T14:05:00,iced_tea,iced_tea,1,4800,paid
O06091,2026-10-02T14:39:00,cafe_latte,cafe_latte,1,5200,paid
O06092,2026-10-02T14:05:00,strawberry_latte,strawberry_latte,1,6200,paid
O06093,2026-10-02T14:00:00,vanilla_latte,vanilla_latte,1,5700,paid
O06094,2026-10-02T14:21:00,strawberry_latte,strawberry_latte,1,6200,paid
O06095,2026-10-02T14:55:00,iced_tea,iced_tea,1,4800,paid
O06096,2026-10-02T15:17:00,cafe_latte,cafe_latte,1,5200,paid
O06097,2026-10-02T15:25:00,espresso,espresso,1,4000,paid
O06098,2026-10-02T15:01:00,iced_tea,iced_tea,1,4800,paid
O06099,2026-10-02T15:02:00,cafe_latte,cafe_latte,1,5200,paid
O06100,2026-10-02T15:56:00,cafe_latte,cafe_latte,1,5200,paid
O06101,2026-10-02T15:47:00,iced_tea,iced_tea,1,4800,paid
O06102,2026-10-02T15:11:00,cafe_latte,cafe_latte,1,5200,paid
O06103,2026-10-02T15:25:00,americano,americano,1,4500,paid
O06104,2026-10-02T15:33:00,iced_tea,iced_tea,1,4800,paid
O06105,2026-10-02T15:15:00,americano,americano,1,4500,paid
O06106,2026-10-02T15:46:00,vanilla_latte,vanilla_latte,1,5700,paid
O06107,2026-10-02T15:03:00,espresso,espresso,1,4000,paid
O06108,2026-10-02T15:44:00,vanilla_latte,vanilla_latte,1,5700,paid
O06109,2026-10-02T16:37:00,croissant,croissant,1,4200,paid
O06110,2026-10-02T16:03:00,sandwich,sandwich,2,13600,paid
O06111,2026-10-02T16:02:00,cafe_latte,cafe_latte,1,5200,paid
O06112,2026-10-02T16:59:00,strawberry_latte,strawberry_latte,1,6200,paid
O06113,2026-10-02T16:48:00,cafe_latte,cafe_latte,1,5200,paid
O06114,2026-10-02T16:29:00,cafe_latte,cafe_latte,1,5200,paid
O06115,2026-10-02T16:47:00,espresso,espresso,1,4000,paid
O06116,2026-10-02T16:09:00,espresso,espresso,1,4000,paid
O06117,2026-10-02T16:03:00,sandwich,sandwich,2,13600,paid
O06118,2026-10-02T16:41:00,iced_tea,iced_tea,1,4800,paid
O06119,2026-10-02T16:21:00,croissant,croissant,1,4200,paid
O06120,2026-10-02T16:04:00,americano,americano,1,4500,paid
O06121,2026-10-02T17:33:00,cold_brew,cold_brew,1,5500,paid
O06122,2026-10-02T17:59:00,cafe_latte,cafe_latte,1,5200,paid
O06123,2026-10-02T17:55:00,financier,financier,1,3500,paid
O06124,2026-10-02T17:30:00,financier,financier,1,3500,paid
O06125,2026-10-02T17:03:00,croissant,croissant,1,4200,paid
O06126,2026-10-02T17:26:00,croissant,croissant,1,4200,paid
O06127,2026-10-02T17:44:00,espresso,espresso,1,4000,paid
O06128,2026-10-02T17:30:00,cafe_latte,cafe_latte,1,5200,paid
O06129,2026-10-02T17:43:00,vanilla_latte,vanilla_latte,1,5700,paid
O06130,2026-10-02T17:24:00,sandwich,sandwich,1,6800,paid
O06131,2026-10-02T17:07:00,croissant,croissant,1,4200,paid
O06132,2026-10-02T17:53:00,strawberry_latte,strawberry_latte,1,6200,paid
O06133,2026-10-02T18:06:00,espresso,espresso,1,4000,paid
O06134,2026-10-02T18:35:00,vanilla_latte,vanilla_latte,1,5700,paid
O06135,2026-10-02T18:22:00,financier,financier,1,3500,paid
O06136,2026-10-02T18:10:00,financier,financier,1,3500,paid
O06137,2026-10-02T18:49:00,iced_tea,iced_tea,1,4800,paid
O06138,2026-10-02T18:11:00,strawberry_latte,strawberry_latte,1,6200,paid
O06139,2026-10-02T18:02:00,cafe_latte,cafe_latte,1,5200,paid
O06140,2026-10-02T19:24:00,sandwich,sandwich,1,6800,paid
O06141,2026-10-02T19:16:00,cold_brew,cold_brew,1,5500,paid
O06142,2026-10-02T19:51:00,croissant,croissant,1,4200,paid
O06143,2026-10-02T19:39:00,cold_brew,cold_brew,1,5500,paid
O06144,2026-10-02T19:58:00,strawberry_latte,strawberry_latte,1,6200,paid
O06145,2026-10-02T19:03:00,vanilla_latte,vanilla_latte,1,5700,paid
O06146,2026-10-02T19:52:00,espresso,espresso,1,4000,paid
O06147,2026-10-02T19:30:00,espresso,espresso,1,4000,paid
O06148,2026-10-02T19:02:00,strawberry_latte,strawberry_latte,1,6200,paid
O06149,2026-10-02T19:10:00,iced_tea,iced_tea,1,4800,paid
O06150,2026-10-02T20:55:00,cafe_latte,cafe_latte,1,5200,paid
O06151,2026-10-02T20:34:00,sandwich,sandwich,1,6800,paid
O06152,2026-10-02T20:01:00,financier,financier,1,3500,paid
O06153,2026-10-02T20:47:00,iced_tea,iced_tea,2,9600,paid
O06154,2026-10-02T20:04:00,sandwich,sandwich,1,6800,paid
O06155,2026-10-02T20:02:00,cold_brew,cold_brew,1,5500,paid
O06156,2026-10-02T20:04:00,cafe_latte,cafe_latte,1,5200,paid
O06157,2026-10-02T20:48:00,croissant,croissant,1,4200,paid
O06158,2026-10-03T09:25:00,espresso,espresso,1,4000,paid
O06159,2026-10-03T09:59:00,strawberry_latte,strawberry_latte,1,6200,paid
O06160,2026-10-03T09:35:00,cold_brew,cold_brew,1,5500,paid
O06161,2026-10-03T09:01:00,cafe_latte,cafe_latte,1,5200,paid
O06162,2026-10-03T09:26:00,iced_tea,iced_tea,2,9600,paid
O06163,2026-10-03T09:52:00,vanilla_latte,vanilla_latte,1,5700,paid
O06164,2026-10-03T09:07:00,espresso,espresso,1,4000,paid
O06165,2026-10-03T09:21:00,croissant,croissant,1,4200,paid
O06166,2026-10-03T09:49:00,cafe_latte,cafe_latte,1,5200,paid
O06167,2026-10-03T09:21:00,croissant,croissant,2,8400,paid
O06168,2026-10-03T09:23:00,vanilla_latte,vanilla_latte,1,5700,paid
O06169,2026-10-03T09:21:00,croissant,croissant,1,4200,paid
O06170,2026-10-03T10:40:00,espresso,espresso,1,4000,paid
O06171,2026-10-03T10:14:00,sandwich,sandwich,1,6800,paid
O06172,2026-10-03T10:50:00,americano,americano,1,4500,paid
O06173,2026-10-03T10:53:00,espresso,espresso,1,4000,paid
O06174,2026-10-03T10:29:00,iced_tea,iced_tea,1,4800,paid
O06175,2026-10-03T10:04:00,vanilla_latte,vanilla_latte,1,5700,paid
O06176,2026-10-03T10:13:00,cafe_latte,cafe_latte,1,5200,paid
O06177,2026-10-03T10:23:00,financier,financier,1,3500,paid
O06178,2026-10-03T10:30:00,iced_tea,iced_tea,1,4800,paid
O06179,2026-10-03T10:46:00,strawberry_latte,strawberry_latte,1,6200,paid
O06180,2026-10-03T11:14:00,croissant,croissant,1,4200,paid
O06181,2026-10-03T11:56:00,americano,americano,1,4500,paid
O06182,2026-10-03T11:53:00,iced_tea,iced_tea,1,4800,paid
O06183,2026-10-03T11:45:00,financier,financier,1,3500,paid
O06184,2026-10-03T11:10:00,vanilla_latte,vanilla_latte,1,5700,paid
O06185,2026-10-03T11:49:00,vanilla_latte,vanilla_latte,1,5700,paid
O06186,2026-10-03T11:09:00,financier,financier,1,3500,paid
O06187,2026-10-03T11:53:00,vanilla_latte,vanilla_latte,1,5700,paid
O06188,2026-10-03T11:27:00,americano,americano,1,4500,paid
O06189,2026-10-03T12:24:00,croissant,croissant,1,4200,paid
O06190,2026-10-03T12:04:00,vanilla_latte,vanilla_latte,1,5700,paid
O06191,2026-10-03T12:35:00,cold_brew,cold_brew,1,5500,paid
O06192,2026-10-03T12:08:00,croissant,croissant,1,4200,paid
O06193,2026-10-03T12:57:00,sandwich,sandwich,1,6800,paid
O06194,2026-10-03T12:53:00,espresso,espresso,1,4000,paid
O06195,2026-10-03T12:57:00,sandwich,sandwich,1,6800,paid
O06196,2026-10-03T12:59:00,iced_tea,iced_tea,1,4800,paid
O06197,2026-10-03T12:14:00,espresso,espresso,1,4000,paid
O06198,2026-10-03T12:49:00,americano,americano,1,4500,paid
O06199,2026-10-03T13:50:00,iced_tea,iced_tea,1,4800,paid
O06200,2026-10-03T13:38:00,financier,financier,2,7000,paid
O06201,2026-10-03T13:26:00,croissant,croissant,1,4200,paid
O06202,2026-10-03T13:28:00,cold_brew,cold_brew,1,5500,paid
O06203,2026-10-03T13:20:00,iced_tea,iced_tea,1,4800,paid
O06204,2026-10-03T13:03:00,cold_brew,cold_brew,1,5500,paid
O06205,2026-10-03T13:29:00,financier,financier,1,3500,paid
O06206,2026-10-03T13:10:00,cold_brew,cold_brew,1,5500,paid
O06207,2026-10-03T13:55:00,cafe_latte,cafe_latte,1,5200,paid
O06208,2026-10-03T13:33:00,strawberry_latte,strawberry_latte,1,6200,paid
O06209,2026-10-03T13:30:00,vanilla_latte,vanilla_latte,1,5700,paid
O06210,2026-10-03T13:08:00,espresso,espresso,1,4000,paid
O06211,2026-10-03T13:45:00,strawberry_latte,strawberry_latte,1,6200,paid
O06212,2026-10-03T13:09:00,vanilla_latte,vanilla_latte,2,11400,paid
O06213,2026-10-03T13:04:00,cafe_latte,cafe_latte,1,5200,paid
O06214,2026-10-03T14:07:00,croissant,croissant,1,4200,paid
O06215,2026-10-03T14:03:00,cafe_latte,cafe_latte,1,5200,paid
O06216,2026-10-03T14:34:00,vanilla_latte,vanilla_latte,1,5700,paid
O06217,2026-10-03T14:53:00,cafe_latte,cafe_latte,1,5200,paid
O06218,2026-10-03T14:14:00,espresso,espresso,1,4000,paid
O06219,2026-10-03T14:06:00,cold_brew,cold_brew,1,5500,paid
O06220,2026-10-03T14:37:00,sandwich,sandwich,1,6800,paid
O06221,2026-10-03T14:11:00,vanilla_latte,vanilla_latte,1,5700,paid
O06222,2026-10-03T14:00:00,sandwich,sandwich,1,6800,paid
O06223,2026-10-03T14:25:00,iced_tea,iced_tea,1,4800,paid
O06224,2026-10-03T14:03:00,croissant,croissant,1,4200,paid
O06225,2026-10-03T14:04:00,financier,financier,1,3500,paid
O06226,2026-10-03T14:48:00,croissant,croissant,1,4200,paid
O06227,2026-10-03T14:05:00,strawberry_latte,strawberry_latte,1,6200,paid
O06228,2026-10-03T14:49:00,strawberry_latte,strawberry_latte,1,6200,paid
O06229,2026-10-03T14:02:00,cold_brew,cold_brew,1,5500,paid
O06230,2026-10-03T14:11:00,sandwich,sandwich,1,6800,paid
O06231,2026-10-03T15:17:00,vanilla_latte,vanilla_latte,1,5700,paid
O06232,2026-10-03T15:07:00,sandwich,sandwich,1,6800,paid
O06233,2026-10-03T15:50:00,vanilla_latte,vanilla_latte,1,5700,paid
O06234,2026-10-03T15:58:00,espresso,espresso,2,8000,paid
O06235,2026-10-03T15:36:00,americano,americano,1,4500,paid
O06236,2026-10-03T15:20:00,espresso,espresso,1,4000,paid
O06237,2026-10-03T15:22:00,americano,americano,1,4500,paid
O06238,2026-10-03T15:35:00,sandwich,sandwich,1,6800,paid
O06239,2026-10-03T15:14:00,cafe_latte,cafe_latte,1,5200,paid
O06240,2026-10-03T15:44:00,strawberry_latte,strawberry_latte,1,6200,paid
O06241,2026-10-03T15:55:00,croissant,croissant,1,4200,paid
O06242,2026-10-03T15:07:00,vanilla_latte,vanilla_latte,1,5700,paid
O06243,2026-10-03T15:03:00,strawberry_latte,strawberry_latte,1,6200,paid
O06244,2026-10-03T15:03:00,sandwich,sandwich,1,6800,paid
O06245,2026-10-03T15:28:00,espresso,espresso,1,4000,paid
O06246,2026-10-03T15:29:00,cold_brew,cold_brew,1,5500,paid
O06247,2026-10-03T16:13:00,iced_tea,iced_tea,1,4800,paid
O06248,2026-10-03T16:47:00,croissant,croissant,1,4200,paid
O06249,2026-10-03T16:46:00,cold_brew,cold_brew,1,5500,paid
O06250,2026-10-03T16:27:00,financier,financier,1,3500,paid
O06251,2026-10-03T16:31:00,americano,americano,1,4500,paid
O06252,2026-10-03T16:01:00,espresso,espresso,1,4000,paid
O06253,2026-10-03T16:42:00,americano,americano,1,4500,paid
O06254,2026-10-03T16:54:00,sandwich,sandwich,2,13600,paid
O06255,2026-10-03T16:11:00,sandwich,sandwich,1,6800,paid
O06256,2026-10-03T16:19:00,cold_brew,cold_brew,1,5500,paid
O06257,2026-10-03T16:16:00,sandwich,sandwich,1,6800,paid
O06258,2026-10-03T16:37:00,sandwich,sandwich,2,13600,paid
O06259,2026-10-03T16:22:00,vanilla_latte,vanilla_latte,1,5700,paid
O06260,2026-10-03T16:00:00,strawberry_latte,strawberry_latte,1,6200,paid
O06261,2026-10-03T16:02:00,strawberry_latte,strawberry_latte,1,6200,paid
O06262,2026-10-03T16:51:00,cold_brew,cold_brew,2,11000,paid
O06263,2026-10-03T16:03:00,cold_brew,cold_brew,1,5500,paid
O06264,2026-10-03T17:50:00,cold_brew,cold_brew,1,5500,paid
O06265,2026-10-03T17:37:00,strawberry_latte,strawberry_latte,1,6200,paid
O06266,2026-10-03T17:18:00,financier,financier,1,3500,paid
O06267,2026-10-03T17:49:00,sandwich,sandwich,1,6800,paid
O06268,2026-10-03T17:18:00,strawberry_latte,strawberry_latte,1,6200,paid
O06269,2026-10-03T17:37:00,espresso,espresso,2,8000,paid
O06270,2026-10-03T17:34:00,vanilla_latte,vanilla_latte,1,5700,paid
O06271,2026-10-03T17:47:00,cold_brew,cold_brew,1,5500,paid
O06272,2026-10-03T17:53:00,strawberry_latte,strawberry_latte,1,6200,paid
O06273,2026-10-03T17:56:00,iced_tea,iced_tea,1,4800,paid
O06274,2026-10-03T17:21:00,americano,americano,1,4500,paid
O06275,2026-10-03T17:55:00,espresso,espresso,1,4000,paid
O06276,2026-10-03T17:03:00,sandwich,sandwich,1,6800,paid
O06277,2026-10-03T17:31:00,vanilla_latte,vanilla_latte,1,5700,paid
O06278,2026-10-03T18:37:00,croissant,croissant,1,4200,paid
O06279,2026-10-03T18:58:00,iced_tea,iced_tea,1,4800,paid
O06280,2026-10-03T18:49:00,espresso,espresso,1,4000,paid
O06281,2026-10-03T18:57:00,cafe_latte,cafe_latte,1,5200,paid
O06282,2026-10-03T18:50:00,cold_brew,cold_brew,1,5500,paid
O06283,2026-10-03T18:25:00,sandwich,sandwich,1,6800,paid
O06284,2026-10-03T18:06:00,cafe_latte,cafe_latte,1,5200,paid
O06285,2026-10-03T18:25:00,cold_brew,cold_brew,1,5500,paid
O06286,2026-10-03T18:17:00,espresso,espresso,1,4000,paid
O06287,2026-10-03T18:54:00,cold_brew,cold_brew,1,5500,paid
O06288,2026-10-03T19:57:00,iced_tea,iced_tea,1,4800,paid
O06289,2026-10-03T19:27:00,americano,americano,1,4500,paid
O06290,2026-10-03T19:14:00,croissant,croissant,1,4200,paid
O06291,2026-10-03T19:10:00,americano,americano,1,4500,paid
O06292,2026-10-03T19:08:00,iced_tea,iced_tea,1,4800,paid
O06293,2026-10-03T19:45:00,americano,americano,1,4500,paid
O06294,2026-10-03T19:14:00,cafe_latte,cafe_latte,1,5200,paid
O06295,2026-10-03T19:06:00,cold_brew,cold_brew,1,5500,paid
O06296,2026-10-03T19:08:00,strawberry_latte,strawberry_latte,1,6200,paid
O06297,2026-10-03T19:19:00,sandwich,sandwich,1,6800,paid
O06298,2026-10-03T19:28:00,americano,americano,1,4500,paid
O06299,2026-10-03T20:16:00,croissant,croissant,1,4200,paid
O06300,2026-10-03T20:23:00,sandwich,sandwich,2,13600,paid
O06301,2026-10-03T20:05:00,vanilla_latte,vanilla_latte,1,5700,paid
O06302,2026-10-03T20:52:00,financier,financier,1,3500,paid
O06303,2026-10-03T20:34:00,cold_brew,cold_brew,1,5500,paid
O06304,2026-10-03T20:59:00,sandwich,sandwich,1,6800,paid
O06305,2026-10-03T20:30:00,iced_tea,iced_tea,1,4800,paid
O06306,2026-10-03T20:40:00,americano,americano,1,4500,paid
O06307,2026-10-03T20:13:00,sandwich,sandwich,1,6800,paid
O06308,2026-10-03T20:35:00,vanilla_latte,vanilla_latte,1,5700,paid
O06309,2026-10-04T09:03:00,cold_brew,cold_brew,1,5500,paid
O06310,2026-10-04T09:34:00,cold_brew,cold_brew,1,5500,paid
O06311,2026-10-04T09:56:00,espresso,espresso,1,4000,paid
O06312,2026-10-04T09:50:00,cold_brew,cold_brew,1,5500,paid
O06313,2026-10-04T09:53:00,financier,financier,1,3500,paid
O06314,2026-10-04T09:20:00,vanilla_latte,vanilla_latte,2,11400,paid
O06315,2026-10-04T09:50:00,croissant,croissant,1,4200,paid
O06316,2026-10-04T09:17:00,americano,americano,1,4500,paid
O06317,2026-10-04T09:37:00,croissant,croissant,1,4200,paid
O06318,2026-10-04T09:13:00,cold_brew,cold_brew,1,5500,paid
O06319,2026-10-04T10:37:00,cold_brew,cold_brew,1,5500,paid
O06320,2026-10-04T10:11:00,vanilla_latte,vanilla_latte,1,5700,paid
O06321,2026-10-04T10:06:00,cold_brew,cold_brew,1,5500,paid
O06322,2026-10-04T10:50:00,vanilla_latte,vanilla_latte,1,5700,paid
O06323,2026-10-04T10:19:00,vanilla_latte,vanilla_latte,1,5700,paid
O06324,2026-10-04T10:12:00,vanilla_latte,vanilla_latte,1,5700,paid
O06325,2026-10-04T10:41:00,iced_tea,iced_tea,1,4800,paid
O06326,2026-10-04T10:10:00,cafe_latte,cafe_latte,1,5200,paid
O06327,2026-10-04T10:05:00,strawberry_latte,strawberry_latte,2,12400,paid
O06328,2026-10-04T10:38:00,sandwich,sandwich,1,6800,paid
O06329,2026-10-04T10:41:00,americano,americano,1,4500,paid
O06330,2026-10-04T10:44:00,espresso,espresso,1,4000,paid
O06331,2026-10-04T11:16:00,espresso,espresso,1,4000,paid
O06332,2026-10-04T11:23:00,americano,americano,2,9000,paid
O06333,2026-10-04T11:30:00,strawberry_latte,strawberry_latte,1,6200,paid
O06334,2026-10-04T11:14:00,americano,americano,1,4500,paid
O06335,2026-10-04T11:48:00,cafe_latte,cafe_latte,1,5200,paid
O06336,2026-10-04T11:23:00,sandwich,sandwich,1,6800,paid
O06337,2026-10-04T11:08:00,financier,financier,1,3500,paid
O06338,2026-10-04T11:05:00,iced_tea,iced_tea,1,4800,paid
O06339,2026-10-04T11:54:00,sandwich,sandwich,1,6800,paid
O06340,2026-10-04T11:01:00,americano,americano,1,4500,paid
O06341,2026-10-04T12:02:00,croissant,croissant,1,4200,paid
O06342,2026-10-04T12:07:00,espresso,espresso,1,4000,paid
O06343,2026-10-04T12:27:00,americano,americano,1,4500,paid
O06344,2026-10-04T12:45:00,espresso,espresso,1,4000,paid
O06345,2026-10-04T12:36:00,cold_brew,cold_brew,1,5500,paid
O06346,2026-10-04T12:12:00,strawberry_latte,strawberry_latte,1,6200,paid
O06347,2026-10-04T12:52:00,espresso,espresso,1,4000,paid
O06348,2026-10-04T12:43:00,vanilla_latte,vanilla_latte,1,5700,paid
O06349,2026-10-04T12:56:00,strawberry_latte,strawberry_latte,2,12400,paid
O06350,2026-10-04T12:41:00,espresso,espresso,1,4000,paid
O06351,2026-10-04T12:05:00,iced_tea,iced_tea,1,4800,paid
O06352,2026-10-04T12:12:00,iced_tea,iced_tea,1,4800,paid
O06353,2026-10-04T13:52:00,cold_brew,cold_brew,1,5500,paid
O06354,2026-10-04T13:12:00,cafe_latte,cafe_latte,2,10400,paid
O06355,2026-10-04T13:42:00,vanilla_latte,vanilla_latte,1,5700,paid
O06356,2026-10-04T13:26:00,financier,financier,1,3500,paid
O06357,2026-10-04T13:13:00,espresso,espresso,1,4000,paid
O06358,2026-10-04T13:39:00,sandwich,sandwich,1,6800,paid
O06359,2026-10-04T13:51:00,iced_tea,iced_tea,1,4800,paid
O06360,2026-10-04T13:21:00,croissant,croissant,1,4200,paid
O06361,2026-10-04T13:01:00,financier,financier,1,3500,paid
O06362,2026-10-04T13:36:00,croissant,croissant,1,4200,paid
O06363,2026-10-04T13:11:00,vanilla_latte,vanilla_latte,1,5700,paid
O06364,2026-10-04T13:14:00,vanilla_latte,vanilla_latte,1,5700,paid
O06365,2026-10-04T13:17:00,iced_tea,iced_tea,1,4800,paid
O06366,2026-10-04T13:17:00,croissant,croissant,1,4200,paid
O06367,2026-10-04T13:50:00,espresso,espresso,1,4000,paid
O06368,2026-10-04T13:36:00,financier,financier,1,3500,paid
O06369,2026-10-04T13:00:00,croissant,croissant,1,4200,paid
O06370,2026-10-04T14:14:00,financier,financier,1,3500,paid
O06371,2026-10-04T14:36:00,vanilla_latte,vanilla_latte,1,5700,paid
O06372,2026-10-04T14:11:00,iced_tea,iced_tea,1,4800,paid
O06373,2026-10-04T14:45:00,financier,financier,1,3500,paid
O06374,2026-10-04T14:00:00,cafe_latte,cafe_latte,1,5200,paid
O06375,2026-10-04T14:55:00,cold_brew,cold_brew,1,5500,paid
O06376,2026-10-04T14:17:00,cold_brew,cold_brew,1,5500,paid
O06377,2026-10-04T14:17:00,cafe_latte,cafe_latte,1,5200,paid
O06378,2026-10-04T14:38:00,cold_brew,cold_brew,1,5500,paid
O06379,2026-10-04T14:14:00,americano,americano,1,4500,paid
O06380,2026-10-04T14:43:00,financier,financier,1,3500,paid
O06381,2026-10-04T14:54:00,americano,americano,1,4500,paid
O06382,2026-10-04T14:29:00,cafe_latte,cafe_latte,1,5200,paid
O06383,2026-10-04T14:13:00,financier,financier,1,3500,paid
O06384,2026-10-04T14:24:00,americano,americano,1,4500,paid
O06385,2026-10-04T15:16:00,cold_brew,cold_brew,1,5500,paid
O06386,2026-10-04T15:56:00,croissant,croissant,1,4200,paid
O06387,2026-10-04T15:59:00,strawberry_latte,strawberry_latte,1,6200,paid
O06388,2026-10-04T15:56:00,cold_brew,cold_brew,1,5500,paid
O06389,2026-10-04T15:33:00,financier,financier,1,3500,paid
O06390,2026-10-04T15:03:00,sandwich,sandwich,1,6800,paid
O06391,2026-10-04T15:44:00,croissant,croissant,1,4200,paid
O06392,2026-10-04T15:00:00,sandwich,sandwich,1,6800,paid
O06393,2026-10-04T15:44:00,iced_tea,iced_tea,1,4800,paid
O06394,2026-10-04T15:18:00,financier,financier,1,3500,paid
O06395,2026-10-04T15:56:00,cold_brew,cold_brew,1,5500,paid
O06396,2026-10-04T15:02:00,americano,americano,1,4500,paid
O06397,2026-10-04T15:58:00,strawberry_latte,strawberry_latte,1,6200,paid
O06398,2026-10-04T15:13:00,sandwich,sandwich,1,6800,paid
O06399,2026-10-04T16:01:00,croissant,croissant,1,4200,paid
O06400,2026-10-04T16:56:00,croissant,croissant,1,4200,paid
O06401,2026-10-04T16:11:00,financier,financier,2,7000,paid
O06402,2026-10-04T16:54:00,espresso,espresso,1,4000,paid
O06403,2026-10-04T16:49:00,sandwich,sandwich,1,6800,paid
O06404,2026-10-04T16:32:00,sandwich,sandwich,1,6800,paid
O06405,2026-10-04T16:27:00,financier,financier,1,3500,paid
O06406,2026-10-04T16:21:00,strawberry_latte,strawberry_latte,1,6200,paid
O06407,2026-10-04T16:48:00,americano,americano,1,4500,paid
O06408,2026-10-04T16:19:00,sandwich,sandwich,1,6800,paid
O06409,2026-10-04T16:55:00,financier,financier,1,3500,paid
O06410,2026-10-04T16:01:00,croissant,croissant,2,8400,paid
O06411,2026-10-04T16:54:00,cold_brew,cold_brew,1,5500,paid
O06412,2026-10-04T16:53:00,sandwich,sandwich,1,6800,paid
O06413,2026-10-04T17:54:00,americano,americano,1,4500,paid
O06414,2026-10-04T17:48:00,espresso,espresso,1,4000,paid
O06415,2026-10-04T17:43:00,financier,financier,1,3500,paid
O06416,2026-10-04T17:13:00,americano,americano,1,4500,paid
O06417,2026-10-04T17:25:00,americano,americano,1,4500,paid
O06418,2026-10-04T17:43:00,sandwich,sandwich,2,13600,paid
O06419,2026-10-04T17:51:00,croissant,croissant,1,4200,paid
O06420,2026-10-04T17:53:00,sandwich,sandwich,1,6800,paid
O06421,2026-10-04T17:36:00,sandwich,sandwich,1,6800,paid
O06422,2026-10-04T17:35:00,vanilla_latte,vanilla_latte,1,5700,paid
O06423,2026-10-04T17:56:00,espresso,espresso,1,4000,paid
O06424,2026-10-04T17:29:00,strawberry_latte,strawberry_latte,1,6200,paid
O06425,2026-10-04T17:53:00,financier,financier,1,3500,paid
O06426,2026-10-04T17:25:00,sandwich,sandwich,1,6800,paid
O06427,2026-10-04T18:44:00,americano,americano,1,4500,paid
O06428,2026-10-04T18:42:00,financier,financier,1,3500,paid
O06429,2026-10-04T18:15:00,cafe_latte,cafe_latte,1,5200,paid
O06430,2026-10-04T18:40:00,iced_tea,iced_tea,1,4800,paid
O06431,2026-10-04T18:22:00,americano,americano,1,4500,paid
O06432,2026-10-04T18:28:00,sandwich,sandwich,2,13600,paid
O06433,2026-10-04T18:04:00,espresso,espresso,1,4000,paid
O06434,2026-10-04T18:28:00,cold_brew,cold_brew,1,5500,paid
O06435,2026-10-04T18:38:00,americano,americano,1,4500,paid
O06436,2026-10-04T18:17:00,vanilla_latte,vanilla_latte,2,11400,paid
O06437,2026-10-04T18:47:00,financier,financier,2,7000,paid
O06438,2026-10-04T19:50:00,americano,americano,1,4500,paid
O06439,2026-10-04T19:07:00,croissant,croissant,1,4200,paid
O06440,2026-10-04T19:59:00,croissant,croissant,1,4200,paid
O06441,2026-10-04T19:41:00,espresso,espresso,1,4000,paid
O06442,2026-10-04T19:21:00,strawberry_latte,strawberry_latte,1,6200,paid
O06443,2026-10-04T19:48:00,sandwich,sandwich,1,6800,paid
O06444,2026-10-04T19:54:00,cafe_latte,cafe_latte,1,5200,paid
O06445,2026-10-04T19:42:00,sandwich,sandwich,2,13600,paid
O06446,2026-10-04T19:00:00,financier,financier,1,3500,paid
O06447,2026-10-04T19:07:00,croissant,croissant,1,4200,paid
O06448,2026-10-04T19:09:00,americano,americano,2,9000,paid
O06449,2026-10-04T19:56:00,iced_tea,iced_tea,1,4800,paid
O06450,2026-10-04T20:02:00,financier,financier,1,3500,paid
O06451,2026-10-04T20:25:00,cafe_latte,cafe_latte,1,5200,paid
O06452,2026-10-04T20:26:00,financier,financier,1,3500,paid
O06453,2026-10-04T20:49:00,vanilla_latte,vanilla_latte,1,5700,paid
O06454,2026-10-04T20:20:00,iced_tea,iced_tea,1,4800,paid
O06455,2026-10-04T20:33:00,americano,americano,1,4500,paid
O06456,2026-10-04T20:36:00,sandwich,sandwich,2,13600,paid
O06457,2026-10-04T20:05:00,croissant,croissant,1,4200,paid
O06458,2026-10-04T20:27:00,espresso,espresso,1,4000,paid
O06459,2026-10-05T09:24:00,sandwich,sandwich,1,6800,paid
O06460,2026-10-05T09:25:00,vanilla_latte,vanilla_latte,1,5700,paid
O06461,2026-10-05T09:02:00,vanilla_latte,vanilla_latte,1,5700,paid
O06462,2026-10-05T09:15:00,vanilla_latte,vanilla_latte,1,5700,paid
O06463,2026-10-05T09:40:00,cafe_latte,cafe_latte,1,5200,paid
O06464,2026-10-05T09:57:00,espresso,espresso,1,4000,paid
O06465,2026-10-05T09:20:00,iced_tea,iced_tea,1,4800,paid
O06466,2026-10-05T09:11:00,espresso,espresso,1,4000,paid
O06467,2026-10-05T09:43:00,cold_brew,cold_brew,2,11000,paid
O06468,2026-10-05T09:00:00,americano,americano,1,4500,paid
O06469,2026-10-05T10:42:00,vanilla_latte,vanilla_latte,1,5700,paid
O06470,2026-10-05T10:01:00,strawberry_latte,strawberry_latte,1,6200,paid
O06471,2026-10-05T10:09:00,cafe_latte,cafe_latte,2,10400,paid
O06472,2026-10-05T10:00:00,croissant,croissant,1,4200,paid
O06473,2026-10-05T10:36:00,financier,financier,2,7000,paid
O06474,2026-10-05T10:59:00,espresso,espresso,1,4000,paid
O06475,2026-10-05T10:41:00,strawberry_latte,strawberry_latte,1,6200,paid
O06476,2026-10-05T10:48:00,americano,americano,1,4500,paid
O06477,2026-10-05T10:08:00,strawberry_latte,strawberry_latte,1,6200,paid
O06478,2026-10-05T11:14:00,americano,americano,1,4500,paid
O06479,2026-10-05T11:05:00,iced_tea,iced_tea,1,4800,paid
O06480,2026-10-05T11:49:00,croissant,croissant,1,4200,paid
O06481,2026-10-05T11:55:00,americano,americano,2,9000,paid
O06482,2026-10-05T11:57:00,iced_tea,iced_tea,1,4800,paid
O06483,2026-10-05T11:22:00,financier,financier,1,3500,paid
O06484,2026-10-05T11:15:00,croissant,croissant,2,8400,paid
O06485,2026-10-05T11:45:00,cold_brew,cold_brew,1,5500,paid
O06486,2026-10-05T11:12:00,espresso,espresso,1,4000,paid
O06487,2026-10-05T11:24:00,strawberry_latte,strawberry_latte,1,6200,paid
O06488,2026-10-05T12:33:00,sandwich,sandwich,1,6800,paid
O06489,2026-10-05T12:08:00,iced_tea,iced_tea,1,4800,paid
O06490,2026-10-05T12:52:00,sandwich,sandwich,1,6800,paid
O06491,2026-10-05T12:03:00,vanilla_latte,vanilla_latte,1,5700,paid
O06492,2026-10-05T12:24:00,vanilla_latte,vanilla_latte,1,5700,paid
O06493,2026-10-05T12:36:00,vanilla_latte,vanilla_latte,2,11400,paid
O06494,2026-10-05T12:26:00,vanilla_latte,vanilla_latte,1,5700,paid
O06495,2026-10-05T12:59:00,cafe_latte,cafe_latte,2,10400,paid
O06496,2026-10-05T13:22:00,vanilla_latte,vanilla_latte,1,5700,paid
O06497,2026-10-05T13:58:00,sandwich,sandwich,2,13600,paid
O06498,2026-10-05T13:47:00,vanilla_latte,vanilla_latte,1,5700,paid
O06499,2026-10-05T13:20:00,financier,financier,1,3500,paid
O06500,2026-10-05T13:25:00,croissant,croissant,1,4200,paid
O06501,2026-10-05T13:31:00,financier,financier,1,3500,paid
O06502,2026-10-05T13:58:00,sandwich,sandwich,1,6800,paid
O06503,2026-10-05T13:15:00,americano,americano,1,4500,paid
O06504,2026-10-05T13:33:00,financier,financier,1,3500,paid
O06505,2026-10-05T13:06:00,sandwich,sandwich,1,6800,paid
O06506,2026-10-05T13:47:00,strawberry_latte,strawberry_latte,1,6200,paid
O06507,2026-10-05T13:08:00,sandwich,sandwich,1,6800,paid
O06508,2026-10-05T13:57:00,americano,americano,1,4500,paid
O06509,2026-10-05T14:42:00,americano,americano,1,4500,paid
O06510,2026-10-05T14:39:00,espresso,espresso,1,4000,paid
O06511,2026-10-05T14:42:00,iced_tea,iced_tea,1,4800,paid
O06512,2026-10-05T14:46:00,americano,americano,1,4500,paid
O06513,2026-10-05T14:07:00,cafe_latte,cafe_latte,1,5200,paid
O06514,2026-10-05T14:36:00,strawberry_latte,strawberry_latte,1,6200,paid
O06515,2026-10-05T14:40:00,cold_brew,cold_brew,1,5500,paid
O06516,2026-10-05T14:37:00,croissant,croissant,1,4200,paid
O06517,2026-10-05T14:20:00,financier,financier,1,3500,paid
O06518,2026-10-05T14:50:00,iced_tea,iced_tea,1,4800,paid
O06519,2026-10-05T14:21:00,iced_tea,iced_tea,2,9600,paid
O06520,2026-10-05T15:14:00,americano,americano,1,4500,paid
O06521,2026-10-05T15:59:00,strawberry_latte,strawberry_latte,1,6200,paid
O06522,2026-10-05T15:51:00,espresso,espresso,1,4000,paid
O06523,2026-10-05T15:35:00,sandwich,sandwich,2,13600,paid
O06524,2026-10-05T15:36:00,espresso,espresso,1,4000,paid
O06525,2026-10-05T15:54:00,americano,americano,1,4500,paid
O06526,2026-10-05T15:56:00,espresso,espresso,1,4000,paid
O06527,2026-10-05T15:23:00,cafe_latte,cafe_latte,1,5200,paid
O06528,2026-10-05T15:26:00,americano,americano,1,4500,paid
O06529,2026-10-05T15:27:00,cafe_latte,cafe_latte,2,10400,paid
O06530,2026-10-05T15:09:00,cold_brew,cold_brew,2,11000,paid
O06531,2026-10-05T15:50:00,americano,americano,1,4500,paid
O06532,2026-10-05T15:45:00,croissant,croissant,1,4200,paid
O06533,2026-10-05T16:30:00,cafe_latte,cafe_latte,1,5200,paid
O06534,2026-10-05T16:06:00,cold_brew,cold_brew,1,5500,paid
O06535,2026-10-05T16:31:00,americano,americano,1,4500,paid
O06536,2026-10-05T16:22:00,vanilla_latte,vanilla_latte,1,5700,paid
O06537,2026-10-05T16:48:00,strawberry_latte,strawberry_latte,1,6200,paid
O06538,2026-10-05T16:09:00,vanilla_latte,vanilla_latte,2,11400,paid
O06539,2026-10-05T16:37:00,sandwich,sandwich,1,6800,paid
O06540,2026-10-05T16:33:00,cafe_latte,cafe_latte,1,5200,paid
O06541,2026-10-05T16:02:00,strawberry_latte,strawberry_latte,1,6200,paid
O06542,2026-10-05T16:51:00,iced_tea,iced_tea,1,4800,paid
O06543,2026-10-05T16:28:00,iced_tea,iced_tea,1,4800,paid
O06544,2026-10-05T17:31:00,americano,americano,1,4500,paid
O06545,2026-10-05T17:34:00,americano,americano,1,4500,paid
O06546,2026-10-05T17:20:00,vanilla_latte,vanilla_latte,1,5700,paid
O06547,2026-10-05T17:30:00,americano,americano,1,4500,paid
O06548,2026-10-05T17:48:00,cold_brew,cold_brew,1,5500,paid
O06549,2026-10-05T17:40:00,cafe_latte,cafe_latte,1,5200,paid
O06550,2026-10-05T17:22:00,financier,financier,1,3500,paid
O06551,2026-10-05T17:42:00,croissant,croissant,1,4200,paid
O06552,2026-10-05T17:05:00,financier,financier,1,3500,paid
O06553,2026-10-05T17:16:00,cold_brew,cold_brew,1,5500,paid
O06554,2026-10-05T17:35:00,sandwich,sandwich,1,6800,paid
O06555,2026-10-05T17:22:00,financier,financier,1,3500,paid
O06556,2026-10-05T18:53:00,cafe_latte,cafe_latte,1,5200,paid
O06557,2026-10-05T18:51:00,iced_tea,iced_tea,1,4800,paid
O06558,2026-10-05T18:15:00,espresso,espresso,1,4000,paid
O06559,2026-10-05T18:03:00,cafe_latte,cafe_latte,2,10400,paid
O06560,2026-10-05T18:18:00,croissant,croissant,1,4200,paid
O06561,2026-10-05T18:53:00,sandwich,sandwich,1,6800,paid
O06562,2026-10-05T18:19:00,iced_tea,iced_tea,1,4800,paid
O06563,2026-10-05T18:01:00,financier,financier,1,3500,paid
O06564,2026-10-05T18:45:00,sandwich,sandwich,2,13600,paid
O06565,2026-10-05T19:01:00,cafe_latte,cafe_latte,1,5200,paid
O06566,2026-10-05T19:49:00,sandwich,sandwich,1,6800,paid
O06567,2026-10-05T19:23:00,americano,americano,1,4500,paid
O06568,2026-10-05T19:17:00,financier,financier,1,3500,paid
O06569,2026-10-05T19:00:00,croissant,croissant,1,4200,paid
O06570,2026-10-05T19:38:00,espresso,espresso,1,4000,paid
O06571,2026-10-05T19:24:00,cafe_latte,cafe_latte,2,10400,paid
O06572,2026-10-05T19:13:00,espresso,espresso,1,4000,paid
O06573,2026-10-05T19:26:00,strawberry_latte,strawberry_latte,1,6200,paid
O06574,2026-10-05T20:29:00,strawberry_latte,strawberry_latte,1,6200,paid
O06575,2026-10-05T20:32:00,iced_tea,iced_tea,1,4800,paid
O06576,2026-10-05T20:53:00,americano,americano,1,4500,paid
O06577,2026-10-05T20:46:00,croissant,croissant,1,4200,paid
O06578,2026-10-05T20:02:00,financier,financier,1,3500,paid
O06579,2026-10-05T20:43:00,vanilla_latte,vanilla_latte,1,5700,paid
O06580,2026-10-05T20:05:00,sandwich,sandwich,1,6800,paid
O06581,2026-10-06T09:12:00,strawberry_latte,strawberry_latte,1,6200,paid
O06582,2026-10-06T09:06:00,espresso,espresso,1,4000,paid
O06583,2026-10-06T09:21:00,financier,financier,1,3500,paid
O06584,2026-10-06T09:51:00,americano,americano,1,4500,paid
O06585,2026-10-06T09:07:00,strawberry_latte,strawberry_latte,1,6200,paid
O06586,2026-10-06T09:02:00,sandwich,sandwich,1,6800,paid
O06587,2026-10-06T09:43:00,croissant,croissant,1,4200,paid
O06588,2026-10-06T09:14:00,vanilla_latte,vanilla_latte,1,5700,paid
O06589,2026-10-06T09:30:00,croissant,croissant,1,4200,paid
O06590,2026-10-06T10:18:00,cold_brew,cold_brew,1,5500,paid
O06591,2026-10-06T10:43:00,americano,americano,1,4500,paid
O06592,2026-10-06T10:48:00,strawberry_latte,strawberry_latte,1,6200,paid
O06593,2026-10-06T10:04:00,iced_tea,iced_tea,1,4800,paid
O06594,2026-10-06T10:15:00,sandwich,sandwich,1,6800,paid
O06595,2026-10-06T10:50:00,iced_tea,iced_tea,1,4800,paid
O06596,2026-10-06T10:08:00,espresso,espresso,2,8000,paid
O06597,2026-10-06T10:44:00,vanilla_latte,vanilla_latte,1,5700,paid
O06598,2026-10-06T11:00:00,americano,americano,1,4500,paid
O06599,2026-10-06T11:34:00,espresso,espresso,1,4000,paid
O06600,2026-10-06T11:31:00,americano,americano,1,4500,paid
O06601,2026-10-06T11:58:00,croissant,croissant,1,4200,paid
O06602,2026-10-06T11:21:00,financier,financier,1,3500,paid
O06603,2026-10-06T11:25:00,espresso,espresso,1,4000,paid
O06604,2026-10-06T11:00:00,strawberry_latte,strawberry_latte,1,6200,paid
O06605,2026-10-06T11:33:00,americano,americano,1,4500,paid
O06606,2026-10-06T11:00:00,espresso,espresso,1,4000,paid
O06607,2026-10-06T11:00:00,financier,financier,1,3500,paid
O06608,2026-10-06T12:10:00,americano,americano,1,4500,paid
O06609,2026-10-06T12:09:00,strawberry_latte,strawberry_latte,1,6200,paid
O06610,2026-10-06T12:16:00,vanilla_latte,vanilla_latte,1,5700,paid
O06611,2026-10-06T12:49:00,vanilla_latte,vanilla_latte,1,5700,paid
O06612,2026-10-06T12:44:00,cold_brew,cold_brew,1,5500,paid
O06613,2026-10-06T12:07:00,cold_brew,cold_brew,1,5500,paid
O06614,2026-10-06T12:02:00,vanilla_latte,vanilla_latte,2,11400,paid
O06615,2026-10-06T12:27:00,sandwich,sandwich,1,6800,paid
O06616,2026-10-06T12:29:00,vanilla_latte,vanilla_latte,1,5700,paid
O06617,2026-10-06T12:42:00,croissant,croissant,2,8400,paid
O06618,2026-10-06T13:02:00,sandwich,sandwich,2,13600,paid
O06619,2026-10-06T13:38:00,iced_tea,iced_tea,1,4800,paid
O06620,2026-10-06T13:14:00,iced_tea,iced_tea,2,9600,paid
O06621,2026-10-06T13:01:00,cafe_latte,cafe_latte,1,5200,paid
O06622,2026-10-06T13:38:00,cafe_latte,cafe_latte,1,5200,paid
O06623,2026-10-06T13:33:00,cold_brew,cold_brew,1,5500,paid
O06624,2026-10-06T13:54:00,iced_tea,iced_tea,1,4800,paid
O06625,2026-10-06T13:25:00,cold_brew,cold_brew,1,5500,paid
O06626,2026-10-06T13:43:00,vanilla_latte,vanilla_latte,1,5700,paid
O06627,2026-10-06T13:39:00,vanilla_latte,vanilla_latte,1,5700,paid
O06628,2026-10-06T13:26:00,americano,americano,1,4500,paid
O06629,2026-10-06T13:51:00,americano,americano,1,4500,paid
O06630,2026-10-06T14:27:00,vanilla_latte,vanilla_latte,1,5700,paid
O06631,2026-10-06T14:28:00,croissant,croissant,1,4200,paid
O06632,2026-10-06T14:25:00,espresso,espresso,2,8000,paid
O06633,2026-10-06T14:51:00,vanilla_latte,vanilla_latte,1,5700,paid
O06634,2026-10-06T14:01:00,cold_brew,cold_brew,1,5500,paid
O06635,2026-10-06T14:43:00,cold_brew,cold_brew,2,11000,paid
O06636,2026-10-06T14:43:00,cafe_latte,cafe_latte,1,5200,paid
O06637,2026-10-06T14:06:00,espresso,espresso,1,4000,paid
O06638,2026-10-06T14:33:00,espresso,espresso,1,4000,paid
O06639,2026-10-06T14:08:00,sandwich,sandwich,1,6800,paid
O06640,2026-10-06T14:13:00,iced_tea,iced_tea,1,4800,paid
O06641,2026-10-06T14:28:00,sandwich,sandwich,1,6800,paid
O06642,2026-10-06T15:46:00,espresso,espresso,2,8000,paid
O06643,2026-10-06T15:51:00,strawberry_latte,strawberry_latte,1,6200,paid
O06644,2026-10-06T15:20:00,croissant,croissant,1,4200,paid
O06645,2026-10-06T15:47:00,cafe_latte,cafe_latte,1,5200,paid
O06646,2026-10-06T15:34:00,financier,financier,1,3500,paid
O06647,2026-10-06T15:59:00,espresso,espresso,2,8000,paid
O06648,2026-10-06T15:27:00,espresso,espresso,1,4000,paid
O06649,2026-10-06T15:35:00,espresso,espresso,1,4000,paid
O06650,2026-10-06T15:45:00,strawberry_latte,strawberry_latte,1,6200,paid
O06651,2026-10-06T15:42:00,croissant,croissant,1,4200,paid
O06652,2026-10-06T15:00:00,croissant,croissant,1,4200,paid
O06653,2026-10-06T15:11:00,croissant,croissant,1,4200,paid
O06654,2026-10-06T15:51:00,croissant,croissant,1,4200,paid
O06655,2026-10-06T16:00:00,iced_tea,iced_tea,1,4800,paid
O06656,2026-10-06T16:01:00,sandwich,sandwich,1,6800,paid
O06657,2026-10-06T16:15:00,cold_brew,cold_brew,1,5500,paid
O06658,2026-10-06T16:09:00,strawberry_latte,strawberry_latte,1,6200,paid
O06659,2026-10-06T16:43:00,croissant,croissant,1,4200,paid
O06660,2026-10-06T16:55:00,strawberry_latte,strawberry_latte,1,6200,paid
O06661,2026-10-06T16:11:00,iced_tea,iced_tea,1,4800,paid
O06662,2026-10-06T16:48:00,vanilla_latte,vanilla_latte,1,5700,paid
O06663,2026-10-06T16:57:00,espresso,espresso,2,8000,paid
O06664,2026-10-06T16:37:00,espresso,espresso,1,4000,paid
O06665,2026-10-06T16:30:00,iced_tea,iced_tea,1,4800,paid
O06666,2026-10-06T16:10:00,sandwich,sandwich,2,13600,paid
O06667,2026-10-06T16:41:00,financier,financier,1,3500,paid
O06668,2026-10-06T16:43:00,americano,americano,1,4500,paid
O06669,2026-10-06T17:00:00,cafe_latte,cafe_latte,1,5200,paid
O06670,2026-10-06T17:14:00,espresso,espresso,1,4000,paid
O06671,2026-10-06T17:08:00,financier,financier,1,3500,paid
O06672,2026-10-06T17:04:00,iced_tea,iced_tea,1,4800,paid
O06673,2026-10-06T17:56:00,sandwich,sandwich,1,6800,paid
O06674,2026-10-06T17:30:00,americano,americano,1,4500,paid
O06675,2026-10-06T17:21:00,cold_brew,cold_brew,1,5500,paid
O06676,2026-10-06T17:24:00,cold_brew,cold_brew,1,5500,paid
O06677,2026-10-06T17:36:00,croissant,croissant,1,4200,paid
O06678,2026-10-06T17:35:00,sandwich,sandwich,1,6800,paid
O06679,2026-10-06T17:45:00,cafe_latte,cafe_latte,1,5200,paid
O06680,2026-10-06T18:09:00,strawberry_latte,strawberry_latte,1,6200,paid
O06681,2026-10-06T18:46:00,espresso,espresso,2,8000,paid
O06682,2026-10-06T18:29:00,vanilla_latte,vanilla_latte,1,5700,paid
O06683,2026-10-06T18:04:00,strawberry_latte,strawberry_latte,1,6200,paid
O06684,2026-10-06T18:02:00,financier,financier,1,3500,paid
O06685,2026-10-06T18:46:00,espresso,espresso,2,8000,paid
O06686,2026-10-06T18:28:00,americano,americano,2,9000,paid
O06687,2026-10-06T18:03:00,strawberry_latte,strawberry_latte,1,6200,paid
O06688,2026-10-06T18:21:00,espresso,espresso,1,4000,paid
O06689,2026-10-06T18:32:00,cold_brew,cold_brew,1,5500,paid
O06690,2026-10-06T19:52:00,iced_tea,iced_tea,1,4800,paid
O06691,2026-10-06T19:19:00,croissant,croissant,1,4200,paid
O06692,2026-10-06T19:17:00,vanilla_latte,vanilla_latte,1,5700,paid
O06693,2026-10-06T19:48:00,espresso,espresso,1,4000,paid
O06694,2026-10-06T19:29:00,financier,financier,1,3500,paid
O06695,2026-10-06T19:59:00,vanilla_latte,vanilla_latte,1,5700,paid
O06696,2026-10-06T19:00:00,espresso,espresso,1,4000,paid
O06697,2026-10-06T19:12:00,strawberry_latte,strawberry_latte,1,6200,paid
O06698,2026-10-06T19:50:00,cold_brew,cold_brew,1,5500,paid
O06699,2026-10-06T19:46:00,iced_tea,iced_tea,2,9600,paid
O06700,2026-10-06T20:38:00,croissant,croissant,1,4200,paid
O06701,2026-10-06T20:33:00,sandwich,sandwich,1,6800,paid
O06702,2026-10-06T20:36:00,sandwich,sandwich,1,6800,paid
O06703,2026-10-06T20:45:00,sandwich,sandwich,1,6800,paid
O06704,2026-10-06T20:16:00,sandwich,sandwich,1,6800,paid
O06705,2026-10-06T20:37:00,financier,financier,1,3500,paid
O06706,2026-10-06T20:00:00,cold_brew,cold_brew,1,5500,paid
O06707,2026-10-07T09:26:00,strawberry_latte,strawberry_latte,1,6200,paid
O06708,2026-10-07T09:08:00,iced_tea,iced_tea,1,4800,paid
O06709,2026-10-07T09:24:00,sandwich,sandwich,1,6800,paid
O06710,2026-10-07T09:45:00,vanilla_latte,vanilla_latte,1,5700,paid
O06711,2026-10-07T09:56:00,sandwich,sandwich,1,6800,paid
O06712,2026-10-07T09:58:00,cafe_latte,cafe_latte,1,5200,paid
O06713,2026-10-07T09:35:00,cold_brew,cold_brew,1,5500,paid
O06714,2026-10-07T09:00:00,strawberry_latte,strawberry_latte,1,6200,paid
O06715,2026-10-07T09:27:00,vanilla_latte,vanilla_latte,1,5700,paid
O06716,2026-10-07T09:52:00,vanilla_latte,vanilla_latte,2,11400,paid
O06717,2026-10-07T10:19:00,iced_tea,iced_tea,2,9600,paid
O06718,2026-10-07T10:45:00,vanilla_latte,vanilla_latte,1,5700,paid
O06719,2026-10-07T10:04:00,financier,financier,1,3500,paid
O06720,2026-10-07T10:58:00,financier,financier,1,3500,paid
O06721,2026-10-07T10:41:00,strawberry_latte,strawberry_latte,1,6200,paid
O06722,2026-10-07T10:42:00,croissant,croissant,1,4200,paid
O06723,2026-10-07T10:33:00,iced_tea,iced_tea,1,4800,paid
O06724,2026-10-07T10:46:00,espresso,espresso,1,4000,paid
O06725,2026-10-07T10:23:00,iced_tea,iced_tea,1,4800,paid
O06726,2026-10-07T11:55:00,sandwich,sandwich,1,6800,paid
O06727,2026-10-07T11:43:00,espresso,espresso,1,4000,paid
O06728,2026-10-07T11:28:00,financier,financier,1,3500,paid
O06729,2026-10-07T11:50:00,iced_tea,iced_tea,1,4800,paid
O06730,2026-10-07T11:34:00,strawberry_latte,strawberry_latte,1,6200,paid
O06731,2026-10-07T11:54:00,americano,americano,1,4500,paid
O06732,2026-10-07T11:51:00,vanilla_latte,vanilla_latte,1,5700,paid
O06733,2026-10-07T11:03:00,americano,americano,1,4500,paid
O06734,2026-10-07T12:25:00,espresso,espresso,1,4000,paid
O06735,2026-10-07T12:20:00,americano,americano,1,4500,paid
O06736,2026-10-07T12:43:00,cold_brew,cold_brew,1,5500,paid
O06737,2026-10-07T12:21:00,espresso,espresso,2,8000,paid
O06738,2026-10-07T12:20:00,financier,financier,2,7000,paid
O06739,2026-10-07T12:22:00,cold_brew,cold_brew,1,5500,paid
O06740,2026-10-07T12:27:00,vanilla_latte,vanilla_latte,1,5700,paid
O06741,2026-10-07T12:24:00,americano,americano,1,4500,paid
O06742,2026-10-07T12:50:00,croissant,croissant,1,4200,paid
O06743,2026-10-07T13:03:00,vanilla_latte,vanilla_latte,1,5700,paid
O06744,2026-10-07T13:22:00,cafe_latte,cafe_latte,1,5200,paid
O06745,2026-10-07T13:11:00,cold_brew,cold_brew,1,5500,paid
O06746,2026-10-07T13:49:00,iced_tea,iced_tea,1,4800,paid
O06747,2026-10-07T13:59:00,sandwich,sandwich,1,6800,paid
O06748,2026-10-07T13:54:00,americano,americano,1,4500,paid
O06749,2026-10-07T13:58:00,strawberry_latte,strawberry_latte,1,6200,paid
O06750,2026-10-07T13:49:00,espresso,espresso,1,4000,paid
O06751,2026-10-07T13:55:00,cold_brew,cold_brew,1,5500,paid
O06752,2026-10-07T13:15:00,cafe_latte,cafe_latte,1,5200,paid
O06753,2026-10-07T13:39:00,strawberry_latte,strawberry_latte,1,6200,paid
O06754,2026-10-07T13:13:00,iced_tea,iced_tea,1,4800,paid
O06755,2026-10-07T13:02:00,espresso,espresso,1,4000,paid
O06756,2026-10-07T13:47:00,americano,americano,1,4500,paid
O06757,2026-10-07T14:17:00,sandwich,sandwich,1,6800,paid
O06758,2026-10-07T14:37:00,strawberry_latte,strawberry_latte,1,6200,paid
O06759,2026-10-07T14:40:00,sandwich,sandwich,1,6800,paid
O06760,2026-10-07T14:31:00,sandwich,sandwich,1,6800,paid
O06761,2026-10-07T14:17:00,croissant,croissant,1,4200,paid
O06762,2026-10-07T14:07:00,vanilla_latte,vanilla_latte,1,5700,paid
O06763,2026-10-07T14:17:00,cold_brew,cold_brew,1,5500,paid
O06764,2026-10-07T14:58:00,americano,americano,1,4500,paid
O06765,2026-10-07T14:48:00,croissant,croissant,1,4200,paid
O06766,2026-10-07T14:32:00,croissant,croissant,1,4200,paid
O06767,2026-10-07T14:40:00,sandwich,sandwich,1,6800,paid
O06768,2026-10-07T14:01:00,sandwich,sandwich,1,6800,paid
O06769,2026-10-07T14:48:00,sandwich,sandwich,1,6800,paid
O06770,2026-10-07T15:45:00,espresso,espresso,1,4000,paid
O06771,2026-10-07T15:41:00,iced_tea,iced_tea,1,4800,paid
O06772,2026-10-07T15:22:00,strawberry_latte,strawberry_latte,2,12400,paid
O06773,2026-10-07T15:08:00,sandwich,sandwich,2,13600,paid
O06774,2026-10-07T15:53:00,financier,financier,1,3500,paid
O06775,2026-10-07T15:19:00,croissant,croissant,1,4200,paid
O06776,2026-10-07T15:36:00,americano,americano,1,4500,paid
O06777,2026-10-07T15:34:00,croissant,croissant,1,4200,paid
O06778,2026-10-07T15:23:00,croissant,croissant,1,4200,paid
O06779,2026-10-07T15:57:00,iced_tea,iced_tea,1,4800,paid
O06780,2026-10-07T15:43:00,iced_tea,iced_tea,2,9600,paid
O06781,2026-10-07T15:32:00,vanilla_latte,vanilla_latte,1,5700,paid
O06782,2026-10-07T15:20:00,vanilla_latte,vanilla_latte,1,5700,paid
O06783,2026-10-07T16:51:00,espresso,espresso,1,4000,paid
O06784,2026-10-07T16:10:00,cafe_latte,cafe_latte,1,5200,paid
O06785,2026-10-07T16:57:00,strawberry_latte,strawberry_latte,1,6200,paid
O06786,2026-10-07T16:23:00,americano,americano,1,4500,paid
O06787,2026-10-07T16:48:00,espresso,espresso,1,4000,paid
O06788,2026-10-07T16:53:00,vanilla_latte,vanilla_latte,1,5700,paid
O06789,2026-10-07T16:13:00,iced_tea,iced_tea,2,9600,paid
O06790,2026-10-07T16:00:00,croissant,croissant,1,4200,paid
O06791,2026-10-07T16:37:00,espresso,espresso,1,4000,paid
O06792,2026-10-07T16:51:00,cafe_latte,cafe_latte,1,5200,paid
O06793,2026-10-07T16:32:00,cafe_latte,cafe_latte,1,5200,paid
O06794,2026-10-07T16:56:00,iced_tea,iced_tea,1,4800,paid
O06795,2026-10-07T16:36:00,cold_brew,cold_brew,1,5500,paid
O06796,2026-10-07T16:37:00,espresso,espresso,1,4000,paid
O06797,2026-10-07T17:29:00,vanilla_latte,vanilla_latte,1,5700,paid
O06798,2026-10-07T17:07:00,strawberry_latte,strawberry_latte,1,6200,paid
O06799,2026-10-07T17:37:00,sandwich,sandwich,1,6800,paid
O06800,2026-10-07T17:14:00,vanilla_latte,vanilla_latte,1,5700,paid
O06801,2026-10-07T17:45:00,sandwich,sandwich,1,6800,paid
O06802,2026-10-07T17:55:00,cold_brew,cold_brew,1,5500,paid
O06803,2026-10-07T17:56:00,croissant,croissant,1,4200,paid
O06804,2026-10-07T17:28:00,iced_tea,iced_tea,1,4800,paid
O06805,2026-10-07T17:04:00,cold_brew,cold_brew,1,5500,paid
O06806,2026-10-07T17:20:00,espresso,espresso,1,4000,paid
O06807,2026-10-07T17:52:00,sandwich,sandwich,1,6800,paid
O06808,2026-10-07T17:02:00,financier,financier,1,3500,paid
O06809,2026-10-07T17:04:00,strawberry_latte,strawberry_latte,1,6200,paid
O06810,2026-10-07T17:31:00,sandwich,sandwich,1,6800,paid
O06811,2026-10-07T18:32:00,sandwich,sandwich,1,6800,paid
O06812,2026-10-07T18:52:00,espresso,espresso,1,4000,paid
O06813,2026-10-07T18:35:00,strawberry_latte,strawberry_latte,1,6200,paid
O06814,2026-10-07T18:33:00,croissant,croissant,1,4200,paid
O06815,2026-10-07T18:43:00,vanilla_latte,vanilla_latte,2,11400,paid
O06816,2026-10-07T18:15:00,espresso,espresso,1,4000,paid
O06817,2026-10-07T18:11:00,espresso,espresso,1,4000,paid
O06818,2026-10-07T18:54:00,sandwich,sandwich,1,6800,paid
O06819,2026-10-07T18:51:00,cafe_latte,cafe_latte,1,5200,paid
O06820,2026-10-07T19:34:00,sandwich,sandwich,1,6800,paid
O06821,2026-10-07T19:50:00,espresso,espresso,1,4000,paid
O06822,2026-10-07T19:52:00,financier,financier,1,3500,paid
O06823,2026-10-07T19:25:00,croissant,croissant,1,4200,paid
O06824,2026-10-07T19:07:00,sandwich,sandwich,1,6800,paid
O06825,2026-10-07T19:14:00,croissant,croissant,1,4200,paid
O06826,2026-10-07T19:09:00,vanilla_latte,vanilla_latte,1,5700,paid
O06827,2026-10-07T19:14:00,financier,financier,1,3500,paid
O06828,2026-10-07T19:32:00,iced_tea,iced_tea,2,9600,paid
O06829,2026-10-07T20:29:00,iced_tea,iced_tea,1,4800,paid
O06830,2026-10-07T20:02:00,strawberry_latte,strawberry_latte,1,6200,paid
O06831,2026-10-07T20:32:00,croissant,croissant,1,4200,paid
O06832,2026-10-07T20:50:00,espresso,espresso,1,4000,paid
O06833,2026-10-07T20:44:00,strawberry_latte,strawberry_latte,1,6200,paid
O06834,2026-10-07T20:28:00,americano,americano,1,4500,paid
O06835,2026-10-07T20:53:00,cafe_latte,cafe_latte,1,5200,paid
O06836,2026-10-07T20:21:00,cafe_latte,cafe_latte,1,5200,paid
O06837,2026-10-07T20:57:00,cold_brew,cold_brew,1,5500,paid
O06838,2026-10-08T09:39:00,cafe_latte,cafe_latte,1,5200,paid
O06839,2026-10-08T09:45:00,strawberry_latte,strawberry_latte,1,6200,paid
O06840,2026-10-08T09:23:00,iced_tea,iced_tea,1,4800,paid
O06841,2026-10-08T09:04:00,financier,financier,1,3500,paid
O06842,2026-10-08T09:30:00,cafe_latte,cafe_latte,1,5200,paid
O06843,2026-10-08T09:59:00,cafe_latte,cafe_latte,1,5200,paid
O06844,2026-10-08T09:12:00,cold_brew,cold_brew,1,5500,paid
O06845,2026-10-08T10:48:00,cafe_latte,cafe_latte,1,5200,paid
O06846,2026-10-08T10:47:00,financier,financier,1,3500,paid
O06847,2026-10-08T10:56:00,sandwich,sandwich,1,6800,paid
O06848,2026-10-08T10:03:00,sandwich,sandwich,1,6800,paid
O06849,2026-10-08T10:19:00,strawberry_latte,strawberry_latte,1,6200,paid
O06850,2026-10-08T10:18:00,cold_brew,cold_brew,1,5500,paid
O06851,2026-10-08T10:36:00,espresso,espresso,2,8000,paid
O06852,2026-10-08T10:14:00,americano,americano,2,9000,paid
O06853,2026-10-08T11:52:00,espresso,espresso,2,8000,paid
O06854,2026-10-08T11:08:00,cafe_latte,cafe_latte,1,5200,paid
O06855,2026-10-08T11:48:00,cold_brew,cold_brew,1,5500,paid
O06856,2026-10-08T11:55:00,financier,financier,1,3500,paid
O06857,2026-10-08T11:31:00,cold_brew,cold_brew,1,5500,paid
O06858,2026-10-08T11:10:00,croissant,croissant,1,4200,paid
O06859,2026-10-08T11:14:00,vanilla_latte,vanilla_latte,1,5700,paid
O06860,2026-10-08T11:35:00,financier,financier,1,3500,paid
O06861,2026-10-08T11:53:00,americano,americano,1,4500,paid
O06862,2026-10-08T11:58:00,cold_brew,cold_brew,1,5500,paid
O06863,2026-10-08T12:14:00,vanilla_latte,vanilla_latte,2,11400,paid
O06864,2026-10-08T12:24:00,vanilla_latte,vanilla_latte,1,5700,paid
O06865,2026-10-08T12:40:00,cafe_latte,cafe_latte,1,5200,paid
O06866,2026-10-08T12:27:00,financier,financier,1,3500,paid
O06867,2026-10-08T12:58:00,americano,americano,2,9000,paid
O06868,2026-10-08T12:24:00,iced_tea,iced_tea,1,4800,paid
O06869,2026-10-08T12:46:00,iced_tea,iced_tea,1,4800,paid
O06870,2026-10-08T12:36:00,cold_brew,cold_brew,1,5500,paid
O06871,2026-10-08T12:05:00,financier,financier,1,3500,paid
O06872,2026-10-08T13:59:00,iced_tea,iced_tea,1,4800,paid
O06873,2026-10-08T13:28:00,cafe_latte,cafe_latte,1,5200,paid
O06874,2026-10-08T13:10:00,cold_brew,cold_brew,1,5500,paid
O06875,2026-10-08T13:06:00,cafe_latte,cafe_latte,1,5200,paid
O06876,2026-10-08T13:41:00,sandwich,sandwich,1,6800,paid
O06877,2026-10-08T13:48:00,cafe_latte,cafe_latte,1,5200,paid
O06878,2026-10-08T13:24:00,iced_tea,iced_tea,1,4800,paid
O06879,2026-10-08T13:35:00,sandwich,sandwich,1,6800,paid
O06880,2026-10-08T13:18:00,croissant,croissant,1,4200,paid
O06881,2026-10-08T13:46:00,vanilla_latte,vanilla_latte,1,5700,paid
O06882,2026-10-08T13:42:00,financier,financier,1,3500,paid
O06883,2026-10-08T13:01:00,strawberry_latte,strawberry_latte,1,6200,paid
O06884,2026-10-08T13:40:00,espresso,espresso,2,8000,paid
O06885,2026-10-08T13:41:00,americano,americano,1,4500,paid
O06886,2026-10-08T14:12:00,cafe_latte,cafe_latte,1,5200,paid
O06887,2026-10-08T14:07:00,espresso,espresso,1,4000,paid
O06888,2026-10-08T14:26:00,espresso,espresso,2,8000,paid
O06889,2026-10-08T14:20:00,cafe_latte,cafe_latte,1,5200,paid
O06890,2026-10-08T14:51:00,strawberry_latte,strawberry_latte,1,6200,paid
O06891,2026-10-08T14:53:00,vanilla_latte,vanilla_latte,1,5700,paid
O06892,2026-10-08T14:14:00,vanilla_latte,vanilla_latte,1,5700,paid
O06893,2026-10-08T14:02:00,sandwich,sandwich,1,6800,paid
O06894,2026-10-08T14:27:00,strawberry_latte,strawberry_latte,1,6200,paid
O06895,2026-10-08T14:31:00,strawberry_latte,strawberry_latte,1,6200,paid
O06896,2026-10-08T14:06:00,sandwich,sandwich,1,6800,paid
O06897,2026-10-08T14:20:00,croissant,croissant,1,4200,paid
O06898,2026-10-08T14:25:00,iced_tea,iced_tea,1,4800,paid
O06899,2026-10-08T15:13:00,americano,americano,1,4500,paid
O06900,2026-10-08T15:19:00,cold_brew,cold_brew,1,5500,paid
O06901,2026-10-08T15:19:00,cold_brew,cold_brew,1,5500,paid
O06902,2026-10-08T15:07:00,espresso,espresso,1,4000,paid
O06903,2026-10-08T15:48:00,espresso,espresso,1,4000,paid
O06904,2026-10-08T15:36:00,espresso,espresso,1,4000,paid
O06905,2026-10-08T15:41:00,cold_brew,cold_brew,1,5500,paid
O06906,2026-10-08T15:22:00,sandwich,sandwich,1,6800,paid
O06907,2026-10-08T15:31:00,vanilla_latte,vanilla_latte,1,5700,paid
O06908,2026-10-08T15:16:00,espresso,espresso,1,4000,paid
O06909,2026-10-08T15:01:00,iced_tea,iced_tea,1,4800,paid
O06910,2026-10-08T16:11:00,cold_brew,cold_brew,1,5500,paid
O06911,2026-10-08T16:46:00,cold_brew,cold_brew,1,5500,paid
O06912,2026-10-08T16:59:00,iced_tea,iced_tea,1,4800,paid
O06913,2026-10-08T16:09:00,financier,financier,1,3500,paid
O06914,2026-10-08T16:14:00,financier,financier,2,7000,paid
O06915,2026-10-08T16:48:00,americano,americano,1,4500,paid
O06916,2026-10-08T16:59:00,strawberry_latte,strawberry_latte,1,6200,paid
O06917,2026-10-08T16:47:00,iced_tea,iced_tea,1,4800,paid
O06918,2026-10-08T16:18:00,cold_brew,cold_brew,1,5500,paid
O06919,2026-10-08T16:05:00,strawberry_latte,strawberry_latte,1,6200,paid
O06920,2026-10-08T16:37:00,iced_tea,iced_tea,1,4800,paid
O06921,2026-10-08T16:37:00,financier,financier,1,3500,paid
O06922,2026-10-08T17:44:00,cafe_latte,cafe_latte,1,5200,paid
O06923,2026-10-08T17:20:00,iced_tea,iced_tea,1,4800,paid
O06924,2026-10-08T17:41:00,strawberry_latte,strawberry_latte,1,6200,paid
O06925,2026-10-08T17:12:00,espresso,espresso,1,4000,paid
O06926,2026-10-08T17:32:00,financier,financier,1,3500,paid
O06927,2026-10-08T17:44:00,americano,americano,1,4500,paid
O06928,2026-10-08T17:05:00,croissant,croissant,2,8400,paid
O06929,2026-10-08T17:20:00,strawberry_latte,strawberry_latte,1,6200,paid
O06930,2026-10-08T17:27:00,cafe_latte,cafe_latte,1,5200,paid
O06931,2026-10-08T17:40:00,financier,financier,1,3500,paid
O06932,2026-10-08T17:35:00,americano,americano,1,4500,paid
O06933,2026-10-08T17:02:00,financier,financier,1,3500,paid
O06934,2026-10-08T17:20:00,espresso,espresso,1,4000,paid
O06935,2026-10-08T17:48:00,iced_tea,iced_tea,1,4800,paid
O06936,2026-10-08T18:41:00,espresso,espresso,1,4000,paid
O06937,2026-10-08T18:52:00,vanilla_latte,vanilla_latte,1,5700,paid
O06938,2026-10-08T18:51:00,strawberry_latte,strawberry_latte,1,6200,paid
O06939,2026-10-08T18:11:00,cold_brew,cold_brew,2,11000,paid
O06940,2026-10-08T18:03:00,americano,americano,1,4500,paid
O06941,2026-10-08T18:32:00,strawberry_latte,strawberry_latte,1,6200,paid
O06942,2026-10-08T18:44:00,cold_brew,cold_brew,2,11000,paid
O06943,2026-10-08T18:58:00,americano,americano,1,4500,paid
O06944,2026-10-08T19:06:00,iced_tea,iced_tea,1,4800,paid
O06945,2026-10-08T19:26:00,vanilla_latte,vanilla_latte,1,5700,paid
O06946,2026-10-08T19:04:00,americano,americano,1,4500,paid
O06947,2026-10-08T19:36:00,cold_brew,cold_brew,1,5500,paid
O06948,2026-10-08T19:55:00,americano,americano,1,4500,paid
O06949,2026-10-08T19:13:00,espresso,espresso,1,4000,paid
O06950,2026-10-08T19:54:00,vanilla_latte,vanilla_latte,1,5700,paid
O06951,2026-10-08T19:20:00,iced_tea,iced_tea,1,4800,paid
O06952,2026-10-08T19:42:00,sandwich,sandwich,1,6800,paid
O06953,2026-10-08T19:08:00,americano,americano,1,4500,paid
O06954,2026-10-08T20:54:00,sandwich,sandwich,1,6800,paid
O06955,2026-10-08T20:16:00,cafe_latte,cafe_latte,1,5200,paid
O06956,2026-10-08T20:36:00,iced_tea,iced_tea,1,4800,paid
O06957,2026-10-08T20:11:00,strawberry_latte,strawberry_latte,1,6200,paid
O06958,2026-10-08T20:07:00,vanilla_latte,vanilla_latte,1,5700,paid
O06959,2026-10-08T20:38:00,vanilla_latte,vanilla_latte,1,5700,paid
O06960,2026-10-08T20:26:00,cold_brew,cold_brew,1,5500,paid
O06961,2026-10-08T20:19:00,cold_brew,cold_brew,1,5500,paid
O06962,2026-10-08T20:49:00,financier,financier,1,3500,paid
O06963,2026-10-09T09:00:00,croissant,croissant,1,4200,paid
O06964,2026-10-09T09:27:00,iced_tea,iced_tea,1,4800,paid
O06965,2026-10-09T09:47:00,strawberry_latte,strawberry_latte,1,6200,paid
O06966,2026-10-09T09:15:00,sandwich,sandwich,2,13600,paid
O06967,2026-10-09T09:30:00,croissant,croissant,1,4200,paid
O06968,2026-10-09T09:35:00,iced_tea,iced_tea,1,4800,paid
O06969,2026-10-09T09:53:00,vanilla_latte,vanilla_latte,1,5700,paid
O06970,2026-10-09T09:49:00,cold_brew,cold_brew,1,5500,paid
O06971,2026-10-09T09:24:00,cold_brew,cold_brew,1,5500,paid
O06972,2026-10-09T09:36:00,cold_brew,cold_brew,1,5500,paid
O06973,2026-10-09T10:24:00,croissant,croissant,1,4200,paid
O06974,2026-10-09T10:55:00,cold_brew,cold_brew,1,5500,paid
O06975,2026-10-09T10:26:00,americano,americano,1,4500,paid
O06976,2026-10-09T10:30:00,iced_tea,iced_tea,1,4800,paid
O06977,2026-10-09T10:54:00,strawberry_latte,strawberry_latte,1,6200,paid
O06978,2026-10-09T10:56:00,cold_brew,cold_brew,1,5500,paid
O06979,2026-10-09T10:25:00,iced_tea,iced_tea,2,9600,paid
O06980,2026-10-09T10:21:00,cold_brew,cold_brew,1,5500,paid
O06981,2026-10-09T10:44:00,financier,financier,1,3500,paid
O06982,2026-10-09T10:56:00,vanilla_latte,vanilla_latte,1,5700,paid
O06983,2026-10-09T11:09:00,cold_brew,cold_brew,1,5500,paid
O06984,2026-10-09T11:45:00,strawberry_latte,strawberry_latte,1,6200,paid
O06985,2026-10-09T11:09:00,croissant,croissant,2,8400,paid
O06986,2026-10-09T11:05:00,cafe_latte,cafe_latte,1,5200,paid
O06987,2026-10-09T11:44:00,croissant,croissant,1,4200,paid
O06988,2026-10-09T11:35:00,strawberry_latte,strawberry_latte,1,6200,paid
O06989,2026-10-09T11:42:00,cold_brew,cold_brew,1,5500,paid
O06990,2026-10-09T11:32:00,espresso,espresso,1,4000,paid
O06991,2026-10-09T11:01:00,strawberry_latte,strawberry_latte,1,6200,paid
O06992,2026-10-09T11:34:00,cafe_latte,cafe_latte,1,5200,paid
O06993,2026-10-09T12:15:00,croissant,croissant,1,4200,paid
O06994,2026-10-09T12:48:00,sandwich,sandwich,1,6800,paid
O06995,2026-10-09T12:22:00,cafe_latte,cafe_latte,1,5200,paid
O06996,2026-10-09T12:25:00,financier,financier,1,3500,paid
O06997,2026-10-09T12:05:00,strawberry_latte,strawberry_latte,1,6200,paid
O06998,2026-10-09T12:51:00,strawberry_latte,strawberry_latte,1,6200,paid
O06999,2026-10-09T12:03:00,croissant,croissant,1,4200,paid
O07000,2026-10-09T13:17:00,americano,americano,2,9000,paid
O07001,2026-10-09T13:30:00,sandwich,sandwich,1,6800,paid
O07002,2026-10-09T13:08:00,americano,americano,1,4500,paid
O07003,2026-10-09T13:07:00,iced_tea,iced_tea,1,4800,paid
O07004,2026-10-09T13:25:00,cafe_latte,cafe_latte,2,10400,paid
O07005,2026-10-09T13:50:00,sandwich,sandwich,1,6800,paid
O07006,2026-10-09T13:41:00,espresso,espresso,1,4000,paid
O07007,2026-10-09T13:53:00,vanilla_latte,vanilla_latte,1,5700,paid
O07008,2026-10-09T13:18:00,espresso,espresso,1,4000,paid
O07009,2026-10-09T13:52:00,espresso,espresso,1,4000,paid
O07010,2026-10-09T13:08:00,sandwich,sandwich,1,6800,paid
O07011,2026-10-09T13:19:00,sandwich,sandwich,1,6800,paid
O07012,2026-10-09T13:36:00,strawberry_latte,strawberry_latte,1,6200,paid
O07013,2026-10-09T14:26:00,cafe_latte,cafe_latte,1,5200,paid
O07014,2026-10-09T14:05:00,iced_tea,iced_tea,1,4800,paid
O07015,2026-10-09T14:43:00,espresso,espresso,1,4000,paid
O07016,2026-10-09T14:35:00,espresso,espresso,1,4000,paid
O07017,2026-10-09T14:38:00,strawberry_latte,strawberry_latte,1,6200,paid
O07018,2026-10-09T14:24:00,americano,americano,1,4500,paid
O07019,2026-10-09T14:49:00,vanilla_latte,vanilla_latte,1,5700,paid
O07020,2026-10-09T14:49:00,americano,americano,1,4500,paid
O07021,2026-10-09T14:46:00,sandwich,sandwich,1,6800,paid
O07022,2026-10-09T14:05:00,americano,americano,1,4500,paid
O07023,2026-10-09T14:17:00,strawberry_latte,strawberry_latte,1,6200,paid
O07024,2026-10-09T14:26:00,croissant,croissant,2,8400,paid
O07025,2026-10-09T15:06:00,iced_tea,iced_tea,1,4800,paid
O07026,2026-10-09T15:34:00,americano,americano,1,4500,paid
O07027,2026-10-09T15:04:00,cafe_latte,cafe_latte,1,5200,paid
O07028,2026-10-09T15:02:00,croissant,croissant,1,4200,paid
O07029,2026-10-09T15:05:00,iced_tea,iced_tea,2,9600,paid
O07030,2026-10-09T15:18:00,espresso,espresso,1,4000,paid
O07031,2026-10-09T15:05:00,sandwich,sandwich,1,6800,paid
O07032,2026-10-09T15:41:00,americano,americano,1,4500,paid
O07033,2026-10-09T15:35:00,americano,americano,1,4500,paid
O07034,2026-10-09T15:25:00,espresso,espresso,2,8000,paid
O07035,2026-10-09T15:04:00,americano,americano,1,4500,paid
O07036,2026-10-09T15:18:00,sandwich,sandwich,1,6800,paid
O07037,2026-10-09T15:49:00,cafe_latte,cafe_latte,2,10400,paid
O07038,2026-10-09T15:47:00,iced_tea,iced_tea,1,4800,paid
O07039,2026-10-09T16:09:00,financier,financier,1,3500,paid
O07040,2026-10-09T16:04:00,strawberry_latte,strawberry_latte,1,6200,paid
O07041,2026-10-09T16:36:00,americano,americano,1,4500,paid
O07042,2026-10-09T16:59:00,croissant,croissant,1,4200,paid
O07043,2026-10-09T16:34:00,cafe_latte,cafe_latte,1,5200,paid
O07044,2026-10-09T16:50:00,americano,americano,1,4500,paid
O07045,2026-10-09T16:56:00,cafe_latte,cafe_latte,1,5200,paid
O07046,2026-10-09T16:56:00,croissant,croissant,1,4200,paid
O07047,2026-10-09T16:19:00,cafe_latte,cafe_latte,1,5200,paid
O07048,2026-10-09T16:29:00,vanilla_latte,vanilla_latte,1,5700,paid
O07049,2026-10-09T16:33:00,vanilla_latte,vanilla_latte,2,11400,paid
O07050,2026-10-09T16:07:00,cafe_latte,cafe_latte,1,5200,paid
O07051,2026-10-09T16:40:00,financier,financier,1,3500,paid
O07052,2026-10-09T16:31:00,cold_brew,cold_brew,1,5500,paid
O07053,2026-10-09T17:27:00,sandwich,sandwich,1,6800,paid
O07054,2026-10-09T17:24:00,financier,financier,1,3500,paid
O07055,2026-10-09T17:04:00,espresso,espresso,1,4000,paid
O07056,2026-10-09T17:05:00,financier,financier,1,3500,paid
O07057,2026-10-09T17:07:00,croissant,croissant,1,4200,paid
O07058,2026-10-09T17:18:00,cafe_latte,cafe_latte,1,5200,paid
O07059,2026-10-09T17:07:00,strawberry_latte,strawberry_latte,1,6200,paid
O07060,2026-10-09T17:04:00,iced_tea,iced_tea,1,4800,paid
O07061,2026-10-09T17:13:00,cafe_latte,cafe_latte,2,10400,paid
O07062,2026-10-09T17:42:00,americano,americano,1,4500,paid
O07063,2026-10-09T17:26:00,vanilla_latte,vanilla_latte,1,5700,paid
O07064,2026-10-09T17:21:00,iced_tea,iced_tea,1,4800,paid
O07065,2026-10-09T17:41:00,cold_brew,cold_brew,1,5500,paid
O07066,2026-10-09T17:00:00,iced_tea,iced_tea,1,4800,paid
O07067,2026-10-09T18:51:00,iced_tea,iced_tea,1,4800,paid
O07068,2026-10-09T18:38:00,croissant,croissant,1,4200,paid
O07069,2026-10-09T18:58:00,iced_tea,iced_tea,1,4800,paid
O07070,2026-10-09T18:18:00,espresso,espresso,1,4000,paid
O07071,2026-10-09T18:38:00,sandwich,sandwich,2,13600,paid
O07072,2026-10-09T18:06:00,americano,americano,1,4500,paid
O07073,2026-10-09T18:22:00,cold_brew,cold_brew,1,5500,paid
O07074,2026-10-09T19:49:00,strawberry_latte,strawberry_latte,1,6200,paid
O07075,2026-10-09T19:54:00,iced_tea,iced_tea,1,4800,paid
O07076,2026-10-09T19:05:00,croissant,croissant,1,4200,paid
O07077,2026-10-09T19:08:00,vanilla_latte,vanilla_latte,1,5700,paid
O07078,2026-10-09T19:16:00,espresso,espresso,1,4000,paid
O07079,2026-10-09T19:42:00,americano,americano,1,4500,paid
O07080,2026-10-09T19:41:00,cafe_latte,cafe_latte,1,5200,paid
O07081,2026-10-09T19:00:00,cafe_latte,cafe_latte,1,5200,paid
O07082,2026-10-09T19:26:00,financier,financier,1,3500,paid
O07083,2026-10-09T19:44:00,iced_tea,iced_tea,1,4800,paid
O07084,2026-10-09T20:40:00,americano,americano,1,4500,paid
O07085,2026-10-09T20:03:00,espresso,espresso,1,4000,paid
O07086,2026-10-09T20:34:00,cafe_latte,cafe_latte,1,5200,paid
O07087,2026-10-09T20:10:00,americano,americano,1,4500,paid
O07088,2026-10-09T20:07:00,financier,financier,1,3500,paid
O07089,2026-10-09T20:09:00,vanilla_latte,vanilla_latte,1,5700,paid
O07090,2026-10-09T20:35:00,vanilla_latte,vanilla_latte,1,5700,paid
O07091,2026-10-09T20:17:00,iced_tea,iced_tea,1,4800,paid
O07092,2026-10-09T20:33:00,cold_brew,cold_brew,1,5500,paid
O07093,2026-10-10T09:02:00,sandwich,sandwich,1,6800,paid
O07094,2026-10-10T09:46:00,iced_tea,iced_tea,1,4800,paid
O07095,2026-10-10T09:51:00,iced_tea,iced_tea,1,4800,paid
O07096,2026-10-10T09:50:00,strawberry_latte,strawberry_latte,1,6200,paid
O07097,2026-10-10T09:22:00,cafe_latte,cafe_latte,2,10400,paid
O07098,2026-10-10T09:49:00,cold_brew,cold_brew,1,5500,paid
O07099,2026-10-10T09:41:00,vanilla_latte,vanilla_latte,1,5700,paid
O07100,2026-10-10T09:52:00,sandwich,sandwich,1,6800,paid
O07101,2026-10-10T09:40:00,espresso,espresso,1,4000,paid
O07102,2026-10-10T10:02:00,croissant,croissant,1,4200,paid
O07103,2026-10-10T10:01:00,croissant,croissant,1,4200,paid
O07104,2026-10-10T10:04:00,financier,financier,1,3500,paid
O07105,2026-10-10T10:18:00,iced_tea,iced_tea,1,4800,paid
O07106,2026-10-10T10:39:00,strawberry_latte,strawberry_latte,1,6200,paid
O07107,2026-10-10T10:32:00,vanilla_latte,vanilla_latte,1,5700,paid
O07108,2026-10-10T10:35:00,iced_tea,iced_tea,1,4800,paid
O07109,2026-10-10T10:56:00,croissant,croissant,1,4200,paid
O07110,2026-10-10T10:05:00,financier,financier,1,3500,paid
O07111,2026-10-10T10:14:00,financier,financier,2,7000,paid
O07112,2026-10-10T10:22:00,espresso,espresso,1,4000,paid
O07113,2026-10-10T11:14:00,americano,americano,1,4500,paid
O07114,2026-10-10T11:07:00,financier,financier,1,3500,paid
O07115,2026-10-10T11:42:00,cafe_latte,cafe_latte,1,5200,paid
O07116,2026-10-10T11:58:00,croissant,croissant,1,4200,paid
O07117,2026-10-10T11:00:00,espresso,espresso,1,4000,paid
O07118,2026-10-10T11:22:00,cold_brew,cold_brew,1,5500,paid
O07119,2026-10-10T11:19:00,cold_brew,cold_brew,1,5500,paid
O07120,2026-10-10T11:11:00,financier,financier,1,3500,paid
O07121,2026-10-10T11:38:00,americano,americano,1,4500,paid
O07122,2026-10-10T11:44:00,sandwich,sandwich,1,6800,paid
O07123,2026-10-10T12:34:00,financier,financier,1,3500,paid
O07124,2026-10-10T12:46:00,americano,americano,1,4500,paid
O07125,2026-10-10T12:29:00,espresso,espresso,1,4000,paid
O07126,2026-10-10T12:17:00,strawberry_latte,strawberry_latte,1,6200,paid
O07127,2026-10-10T12:05:00,croissant,croissant,1,4200,paid
O07128,2026-10-10T12:26:00,cold_brew,cold_brew,1,5500,paid
O07129,2026-10-10T12:35:00,strawberry_latte,strawberry_latte,1,6200,paid
O07130,2026-10-10T12:35:00,iced_tea,iced_tea,1,4800,paid
O07131,2026-10-10T12:40:00,vanilla_latte,vanilla_latte,1,5700,paid
O07132,2026-10-10T12:30:00,financier,financier,1,3500,paid
O07133,2026-10-10T13:39:00,sandwich,sandwich,1,6800,paid
O07134,2026-10-10T13:29:00,iced_tea,iced_tea,1,4800,paid
O07135,2026-10-10T13:56:00,vanilla_latte,vanilla_latte,1,5700,paid
O07136,2026-10-10T13:11:00,financier,financier,1,3500,paid
O07137,2026-10-10T13:11:00,vanilla_latte,vanilla_latte,2,11400,paid
O07138,2026-10-10T13:49:00,iced_tea,iced_tea,1,4800,paid
O07139,2026-10-10T13:45:00,iced_tea,iced_tea,1,4800,paid
O07140,2026-10-10T13:21:00,iced_tea,iced_tea,1,4800,paid
O07141,2026-10-10T13:25:00,strawberry_latte,strawberry_latte,2,12400,paid
O07142,2026-10-10T13:21:00,cafe_latte,cafe_latte,1,5200,paid
O07143,2026-10-10T13:37:00,croissant,croissant,1,4200,paid
O07144,2026-10-10T13:31:00,espresso,espresso,1,4000,paid
O07145,2026-10-10T13:17:00,espresso,espresso,1,4000,paid
O07146,2026-10-10T13:15:00,cold_brew,cold_brew,1,5500,paid
O07147,2026-10-10T13:39:00,strawberry_latte,strawberry_latte,1,6200,paid
O07148,2026-10-10T13:11:00,sandwich,sandwich,1,6800,paid
O07149,2026-10-10T13:34:00,cafe_latte,cafe_latte,1,5200,paid
O07150,2026-10-10T14:02:00,financier,financier,1,3500,paid
O07151,2026-10-10T14:08:00,americano,americano,2,9000,paid
O07152,2026-10-10T14:57:00,espresso,espresso,1,4000,paid
O07153,2026-10-10T14:10:00,sandwich,sandwich,1,6800,paid
O07154,2026-10-10T14:10:00,croissant,croissant,1,4200,paid
O07155,2026-10-10T14:01:00,vanilla_latte,vanilla_latte,1,5700,paid
O07156,2026-10-10T14:34:00,cafe_latte,cafe_latte,1,5200,paid
O07157,2026-10-10T14:15:00,cafe_latte,cafe_latte,1,5200,paid
O07158,2026-10-10T14:24:00,vanilla_latte,vanilla_latte,1,5700,paid
O07159,2026-10-10T14:53:00,strawberry_latte,strawberry_latte,1,6200,paid
O07160,2026-10-10T14:08:00,espresso,espresso,1,4000,paid
O07161,2026-10-10T14:07:00,americano,americano,2,9000,paid
O07162,2026-10-10T14:02:00,sandwich,sandwich,1,6800,paid
O07163,2026-10-10T14:52:00,financier,financier,1,3500,paid
O07164,2026-10-10T14:02:00,americano,americano,1,4500,paid
O07165,2026-10-10T14:03:00,cafe_latte,cafe_latte,1,5200,paid
O07166,2026-10-10T14:15:00,sandwich,sandwich,1,6800,paid
O07167,2026-10-10T14:31:00,cold_brew,cold_brew,1,5500,paid
O07168,2026-10-10T15:03:00,sandwich,sandwich,1,6800,paid
O07169,2026-10-10T15:41:00,vanilla_latte,vanilla_latte,1,5700,paid
O07170,2026-10-10T15:09:00,espresso,espresso,1,4000,paid
O07171,2026-10-10T15:45:00,cold_brew,cold_brew,1,5500,paid
O07172,2026-10-10T15:47:00,croissant,croissant,1,4200,paid
O07173,2026-10-10T15:19:00,cold_brew,cold_brew,2,11000,paid
O07174,2026-10-10T15:39:00,croissant,croissant,1,4200,paid
O07175,2026-10-10T15:50:00,strawberry_latte,strawberry_latte,1,6200,paid
O07176,2026-10-10T15:14:00,strawberry_latte,strawberry_latte,1,6200,paid
O07177,2026-10-10T15:29:00,espresso,espresso,1,4000,paid
O07178,2026-10-10T15:18:00,financier,financier,1,3500,paid
O07179,2026-10-10T15:46:00,espresso,espresso,1,4000,paid
O07180,2026-10-10T15:50:00,strawberry_latte,strawberry_latte,1,6200,paid
O07181,2026-10-10T15:48:00,sandwich,sandwich,1,6800,paid
O07182,2026-10-10T15:44:00,strawberry_latte,strawberry_latte,1,6200,paid
O07183,2026-10-10T15:31:00,cafe_latte,cafe_latte,1,5200,paid
O07184,2026-10-10T16:22:00,espresso,espresso,1,4000,paid
O07185,2026-10-10T16:48:00,croissant,croissant,1,4200,paid
O07186,2026-10-10T16:50:00,cafe_latte,cafe_latte,1,5200,paid
O07187,2026-10-10T16:52:00,vanilla_latte,vanilla_latte,1,5700,paid
O07188,2026-10-10T16:26:00,croissant,croissant,1,4200,paid
O07189,2026-10-10T16:08:00,sandwich,sandwich,1,6800,paid
O07190,2026-10-10T16:25:00,cafe_latte,cafe_latte,1,5200,paid
O07191,2026-10-10T16:28:00,financier,financier,1,3500,paid
O07192,2026-10-10T16:30:00,espresso,espresso,1,4000,paid
O07193,2026-10-10T16:08:00,strawberry_latte,strawberry_latte,1,6200,paid
O07194,2026-10-10T16:07:00,strawberry_latte,strawberry_latte,1,6200,paid
O07195,2026-10-10T16:04:00,cold_brew,cold_brew,1,5500,paid
O07196,2026-10-10T16:33:00,espresso,espresso,1,4000,paid
O07197,2026-10-10T16:14:00,financier,financier,1,3500,paid
O07198,2026-10-10T16:54:00,cafe_latte,cafe_latte,1,5200,paid
O07199,2026-10-10T16:01:00,sandwich,sandwich,1,6800,paid
O07200,2026-10-10T17:49:00,croissant,croissant,1,4200,paid
O07201,2026-10-10T17:36:00,sandwich,sandwich,1,6800,paid
O07202,2026-10-10T17:04:00,strawberry_latte,strawberry_latte,1,6200,paid
O07203,2026-10-10T17:22:00,vanilla_latte,vanilla_latte,1,5700,paid
O07204,2026-10-10T17:24:00,financier,financier,1,3500,paid
O07205,2026-10-10T17:30:00,strawberry_latte,strawberry_latte,1,6200,paid
O07206,2026-10-10T17:42:00,iced_tea,iced_tea,1,4800,paid
O07207,2026-10-10T17:31:00,strawberry_latte,strawberry_latte,1,6200,paid
O07208,2026-10-10T17:56:00,cold_brew,cold_brew,1,5500,paid
O07209,2026-10-10T17:08:00,strawberry_latte,strawberry_latte,2,12400,paid
O07210,2026-10-10T17:17:00,cafe_latte,cafe_latte,1,5200,paid
O07211,2026-10-10T17:10:00,espresso,espresso,1,4000,paid
O07212,2026-10-10T17:27:00,espresso,espresso,1,4000,paid
O07213,2026-10-10T17:23:00,strawberry_latte,strawberry_latte,1,6200,paid
O07214,2026-10-10T18:17:00,croissant,croissant,1,4200,paid
O07215,2026-10-10T18:51:00,cold_brew,cold_brew,1,5500,paid
O07216,2026-10-10T18:23:00,croissant,croissant,2,8400,paid
O07217,2026-10-10T18:24:00,cold_brew,cold_brew,2,11000,paid
O07218,2026-10-10T18:16:00,croissant,croissant,2,8400,paid
O07219,2026-10-10T18:37:00,croissant,croissant,1,4200,paid
O07220,2026-10-10T18:52:00,vanilla_latte,vanilla_latte,1,5700,paid
O07221,2026-10-10T18:53:00,iced_tea,iced_tea,1,4800,paid
O07222,2026-10-10T18:40:00,americano,americano,1,4500,paid
O07223,2026-10-10T19:36:00,espresso,espresso,1,4000,paid
O07224,2026-10-10T19:59:00,cold_brew,cold_brew,1,5500,paid
O07225,2026-10-10T19:43:00,cafe_latte,cafe_latte,1,5200,paid
O07226,2026-10-10T19:48:00,espresso,espresso,1,4000,paid
O07227,2026-10-10T19:11:00,espresso,espresso,1,4000,paid
O07228,2026-10-10T19:44:00,strawberry_latte,strawberry_latte,1,6200,paid
O07229,2026-10-10T19:49:00,sandwich,sandwich,1,6800,paid
O07230,2026-10-10T19:17:00,iced_tea,iced_tea,1,4800,paid
O07231,2026-10-10T19:07:00,cafe_latte,cafe_latte,1,5200,paid
O07232,2026-10-10T20:50:00,americano,americano,1,4500,paid
O07233,2026-10-10T20:29:00,iced_tea,iced_tea,1,4800,paid
O07234,2026-10-10T20:22:00,americano,americano,1,4500,paid
O07235,2026-10-10T20:56:00,sandwich,sandwich,1,6800,paid
O07236,2026-10-10T20:33:00,cold_brew,cold_brew,1,5500,paid
O07237,2026-10-10T20:13:00,americano,americano,1,4500,paid
O07238,2026-10-10T20:05:00,sandwich,sandwich,1,6800,paid
O07239,2026-10-10T20:53:00,croissant,croissant,1,4200,paid
O07240,2026-10-10T20:41:00,strawberry_latte,strawberry_latte,1,6200,paid
O07241,2026-10-10T20:44:00,americano,americano,2,9000,paid
O07242,2026-10-11T09:25:00,cafe_latte,cafe_latte,1,5200,paid
O07243,2026-10-11T09:28:00,espresso,espresso,1,4000,paid
O07244,2026-10-11T09:40:00,espresso,espresso,1,4000,paid
O07245,2026-10-11T09:50:00,vanilla_latte,vanilla_latte,1,5700,paid
O07246,2026-10-11T09:07:00,espresso,espresso,1,4000,paid
O07247,2026-10-11T09:52:00,vanilla_latte,vanilla_latte,1,5700,paid
O07248,2026-10-11T09:53:00,americano,americano,1,4500,paid
O07249,2026-10-11T09:58:00,financier,financier,1,3500,paid
O07250,2026-10-11T09:16:00,vanilla_latte,vanilla_latte,1,5700,paid
O07251,2026-10-11T09:48:00,strawberry_latte,strawberry_latte,1,6200,paid
O07252,2026-10-11T09:43:00,espresso,espresso,1,4000,paid
O07253,2026-10-11T10:44:00,financier,financier,1,3500,paid
O07254,2026-10-11T10:46:00,sandwich,sandwich,1,6800,paid
O07255,2026-10-11T10:54:00,strawberry_latte,strawberry_latte,1,6200,paid
O07256,2026-10-11T10:18:00,iced_tea,iced_tea,1,4800,paid
O07257,2026-10-11T10:35:00,sandwich,sandwich,1,6800,paid
O07258,2026-10-11T10:45:00,espresso,espresso,1,4000,paid
O07259,2026-10-11T10:09:00,cafe_latte,cafe_latte,1,5200,paid
O07260,2026-10-11T10:55:00,sandwich,sandwich,1,6800,paid
O07261,2026-10-11T10:23:00,sandwich,sandwich,2,13600,paid
O07262,2026-10-11T10:57:00,americano,americano,1,4500,paid
O07263,2026-10-11T10:30:00,iced_tea,iced_tea,1,4800,paid
O07264,2026-10-11T11:03:00,americano,americano,1,4500,paid
O07265,2026-10-11T11:36:00,financier,financier,1,3500,paid
O07266,2026-10-11T11:04:00,iced_tea,iced_tea,1,4800,paid
O07267,2026-10-11T11:15:00,iced_tea,iced_tea,1,4800,paid
O07268,2026-10-11T11:57:00,cold_brew,cold_brew,1,5500,paid
O07269,2026-10-11T11:13:00,cold_brew,cold_brew,1,5500,paid
O07270,2026-10-11T11:41:00,strawberry_latte,strawberry_latte,1,6200,paid
O07271,2026-10-11T11:13:00,iced_tea,iced_tea,1,4800,paid
O07272,2026-10-11T11:22:00,iced_tea,iced_tea,1,4800,paid
O07273,2026-10-11T11:39:00,americano,americano,1,4500,paid
O07274,2026-10-11T12:20:00,espresso,espresso,1,4000,paid
O07275,2026-10-11T12:31:00,iced_tea,iced_tea,1,4800,paid
O07276,2026-10-11T12:05:00,financier,financier,1,3500,paid
O07277,2026-10-11T12:29:00,americano,americano,1,4500,paid
O07278,2026-10-11T12:33:00,espresso,espresso,1,4000,paid
O07279,2026-10-11T12:06:00,strawberry_latte,strawberry_latte,1,6200,paid
O07280,2026-10-11T12:33:00,cafe_latte,cafe_latte,1,5200,paid
O07281,2026-10-11T12:33:00,espresso,espresso,2,8000,paid
O07282,2026-10-11T12:36:00,cafe_latte,cafe_latte,1,5200,paid
O07283,2026-10-11T12:37:00,espresso,espresso,1,4000,paid
O07284,2026-10-11T12:10:00,strawberry_latte,strawberry_latte,1,6200,paid
O07285,2026-10-11T13:55:00,americano,americano,1,4500,paid
O07286,2026-10-11T13:34:00,cold_brew,cold_brew,2,11000,paid
O07287,2026-10-11T13:22:00,cold_brew,cold_brew,1,5500,paid
O07288,2026-10-11T13:27:00,cafe_latte,cafe_latte,1,5200,paid
O07289,2026-10-11T13:34:00,croissant,croissant,1,4200,paid
O07290,2026-10-11T13:15:00,strawberry_latte,strawberry_latte,1,6200,paid
O07291,2026-10-11T13:49:00,sandwich,sandwich,1,6800,paid
O07292,2026-10-11T13:24:00,vanilla_latte,vanilla_latte,1,5700,paid
O07293,2026-10-11T13:57:00,vanilla_latte,vanilla_latte,1,5700,paid
O07294,2026-10-11T13:04:00,cold_brew,cold_brew,1,5500,paid
O07295,2026-10-11T13:59:00,financier,financier,1,3500,paid
O07296,2026-10-11T13:38:00,espresso,espresso,1,4000,paid
O07297,2026-10-11T13:49:00,americano,americano,1,4500,paid
O07298,2026-10-11T13:32:00,americano,americano,1,4500,paid
O07299,2026-10-11T13:52:00,strawberry_latte,strawberry_latte,1,6200,paid
O07300,2026-10-11T13:24:00,vanilla_latte,vanilla_latte,1,5700,paid
O07301,2026-10-11T14:04:00,strawberry_latte,strawberry_latte,1,6200,paid
O07302,2026-10-11T14:08:00,americano,americano,1,4500,paid
O07303,2026-10-11T14:27:00,cold_brew,cold_brew,2,11000,paid
O07304,2026-10-11T14:34:00,strawberry_latte,strawberry_latte,1,6200,paid
O07305,2026-10-11T14:00:00,strawberry_latte,strawberry_latte,2,12400,paid
O07306,2026-10-11T14:08:00,sandwich,sandwich,2,13600,paid
O07307,2026-10-11T14:14:00,croissant,croissant,1,4200,paid
O07308,2026-10-11T14:50:00,vanilla_latte,vanilla_latte,2,11400,paid
O07309,2026-10-11T14:47:00,croissant,croissant,1,4200,paid
O07310,2026-10-11T14:32:00,cafe_latte,cafe_latte,1,5200,paid
O07311,2026-10-11T14:44:00,vanilla_latte,vanilla_latte,1,5700,paid
O07312,2026-10-11T14:12:00,financier,financier,2,7000,paid
O07313,2026-10-11T14:28:00,sandwich,sandwich,1,6800,paid
O07314,2026-10-11T14:52:00,vanilla_latte,vanilla_latte,1,5700,paid
O07315,2026-10-11T14:18:00,iced_tea,iced_tea,1,4800,paid
O07316,2026-10-11T14:43:00,croissant,croissant,1,4200,paid
O07317,2026-10-11T15:44:00,croissant,croissant,1,4200,paid
O07318,2026-10-11T15:39:00,croissant,croissant,1,4200,paid
O07319,2026-10-11T15:37:00,cafe_latte,cafe_latte,1,5200,paid
O07320,2026-10-11T15:45:00,cafe_latte,cafe_latte,1,5200,paid
O07321,2026-10-11T15:25:00,espresso,espresso,1,4000,paid
O07322,2026-10-11T15:02:00,croissant,croissant,1,4200,paid
O07323,2026-10-11T15:24:00,sandwich,sandwich,1,6800,paid
O07324,2026-10-11T15:49:00,strawberry_latte,strawberry_latte,1,6200,paid
O07325,2026-10-11T15:45:00,americano,americano,1,4500,paid
O07326,2026-10-11T15:52:00,vanilla_latte,vanilla_latte,1,5700,paid
O07327,2026-10-11T15:24:00,vanilla_latte,vanilla_latte,2,11400,paid
O07328,2026-10-11T15:39:00,strawberry_latte,strawberry_latte,1,6200,paid
O07329,2026-10-11T15:05:00,vanilla_latte,vanilla_latte,1,5700,paid
O07330,2026-10-11T15:15:00,cafe_latte,cafe_latte,1,5200,paid
O07331,2026-10-11T15:23:00,americano,americano,1,4500,paid
O07332,2026-10-11T15:26:00,croissant,croissant,1,4200,paid
O07333,2026-10-11T15:50:00,cafe_latte,cafe_latte,1,5200,paid
O07334,2026-10-11T15:21:00,cafe_latte,cafe_latte,1,5200,paid
O07335,2026-10-11T16:45:00,americano,americano,1,4500,paid
O07336,2026-10-11T16:32:00,espresso,espresso,1,4000,paid
O07337,2026-10-11T16:35:00,vanilla_latte,vanilla_latte,1,5700,paid
O07338,2026-10-11T16:54:00,strawberry_latte,strawberry_latte,1,6200,paid
O07339,2026-10-11T16:55:00,cold_brew,cold_brew,1,5500,paid
O07340,2026-10-11T16:18:00,strawberry_latte,strawberry_latte,1,6200,paid
O07341,2026-10-11T16:22:00,financier,financier,1,3500,paid
O07342,2026-10-11T16:06:00,cafe_latte,cafe_latte,1,5200,paid
O07343,2026-10-11T16:36:00,sandwich,sandwich,1,6800,paid
O07344,2026-10-11T16:57:00,iced_tea,iced_tea,1,4800,paid
O07345,2026-10-11T16:24:00,espresso,espresso,2,8000,paid
O07346,2026-10-11T16:01:00,strawberry_latte,strawberry_latte,1,6200,paid
O07347,2026-10-11T16:31:00,cafe_latte,cafe_latte,2,10400,paid
O07348,2026-10-11T16:09:00,espresso,espresso,1,4000,paid
O07349,2026-10-11T17:21:00,iced_tea,iced_tea,1,4800,paid
O07350,2026-10-11T17:46:00,sandwich,sandwich,2,13600,paid
O07351,2026-10-11T17:02:00,vanilla_latte,vanilla_latte,1,5700,paid
O07352,2026-10-11T17:25:00,vanilla_latte,vanilla_latte,1,5700,paid
O07353,2026-10-11T17:47:00,cafe_latte,cafe_latte,1,5200,paid
O07354,2026-10-11T17:37:00,americano,americano,1,4500,paid
O07355,2026-10-11T17:17:00,financier,financier,1,3500,paid
O07356,2026-10-11T17:07:00,vanilla_latte,vanilla_latte,1,5700,paid
O07357,2026-10-11T17:56:00,strawberry_latte,strawberry_latte,1,6200,paid
O07358,2026-10-11T17:26:00,strawberry_latte,strawberry_latte,1,6200,paid
O07359,2026-10-11T17:48:00,espresso,espresso,1,4000,paid
O07360,2026-10-11T17:03:00,americano,americano,1,4500,paid
O07361,2026-10-11T17:33:00,americano,americano,1,4500,paid
O07362,2026-10-11T17:35:00,sandwich,sandwich,1,6800,paid
O07363,2026-10-11T17:00:00,financier,financier,1,3500,paid
O07364,2026-10-11T17:11:00,financier,financier,2,7000,paid
O07365,2026-10-11T17:17:00,strawberry_latte,strawberry_latte,1,6200,paid
O07366,2026-10-11T18:39:00,sandwich,sandwich,1,6800,paid
O07367,2026-10-11T18:03:00,sandwich,sandwich,1,6800,paid
O07368,2026-10-11T18:26:00,strawberry_latte,strawberry_latte,1,6200,paid
O07369,2026-10-11T18:26:00,cafe_latte,cafe_latte,1,5200,paid
O07370,2026-10-11T18:41:00,vanilla_latte,vanilla_latte,1,5700,paid
O07371,2026-10-11T18:05:00,financier,financier,1,3500,paid
O07372,2026-10-11T18:27:00,vanilla_latte,vanilla_latte,1,5700,paid
O07373,2026-10-11T18:55:00,cafe_latte,cafe_latte,1,5200,paid
O07374,2026-10-11T18:57:00,iced_tea,iced_tea,1,4800,paid
O07375,2026-10-11T19:55:00,croissant,croissant,1,4200,paid
O07376,2026-10-11T19:53:00,strawberry_latte,strawberry_latte,1,6200,paid
O07377,2026-10-11T19:43:00,americano,americano,2,9000,paid
O07378,2026-10-11T19:47:00,strawberry_latte,strawberry_latte,1,6200,paid
O07379,2026-10-11T19:27:00,americano,americano,1,4500,paid
O07380,2026-10-11T19:39:00,strawberry_latte,strawberry_latte,1,6200,paid
O07381,2026-10-11T19:06:00,iced_tea,iced_tea,2,9600,paid
O07382,2026-10-11T19:47:00,sandwich,sandwich,2,13600,paid
O07383,2026-10-11T19:38:00,vanilla_latte,vanilla_latte,1,5700,paid
O07384,2026-10-11T19:46:00,croissant,croissant,2,8400,paid
O07385,2026-10-11T19:06:00,americano,americano,1,4500,paid
O07386,2026-10-11T20:55:00,espresso,espresso,1,4000,paid
O07387,2026-10-11T20:25:00,financier,financier,1,3500,paid
O07388,2026-10-11T20:13:00,financier,financier,1,3500,paid
O07389,2026-10-11T20:33:00,strawberry_latte,strawberry_latte,1,6200,paid
O07390,2026-10-11T20:41:00,americano,americano,1,4500,paid
O07391,2026-10-11T20:25:00,vanilla_latte,vanilla_latte,1,5700,paid
O07392,2026-10-11T20:27:00,sandwich,sandwich,1,6800,paid
O07393,2026-10-11T20:53:00,espresso,espresso,1,4000,paid
O07394,2026-10-11T20:44:00,americano,americano,1,4500,paid
O07395,2026-10-11T20:05:00,croissant,croissant,1,4200,paid
